roomid,upuid,upname,roomname,uname,timestamp,content
"","","","","乳酪小狗w",1783512002,"对吗"
"","","","","乳酪小狗w",1783511997,"诺唱的"
"","","","","乳酪小狗w",1783511928,"要爱爱"
"","","","","乳酪小狗w",1783511892,"下播看q汪"
"","","","","乳酪小狗w",1783511839,"我去 还有奖励"
"","","","","乳酪小狗w",1783511832,"这是好事啊"
"","","","","乳酪小狗w",1783511804,"可以命令我起床（？"
"","","","","乳酪小狗w",1783511778,"可以命令我接"
"","","","","乳酪小狗w",1783511755,"可以命令我拎着"
"","","","","乳酪小狗w",1783511703,"必须得带了"
"","","","","乳酪小狗w",1783511690,"那没办法了"
"","","","","乳酪小狗w",1783511684,"?! 11-13 !?"
"","","","","乳酪小狗w",1783511659,"我看一下spld祭典是哪天"
"","","","","乳酪小狗w",1783511636,"（思考"
"","","","","乳酪小狗w",1783511633,"我要带ns吗"
"","","","","乳酪小狗w",1783511476,"笑死了这个特效"
"","","","","乳酪小狗w",1783511439,"不亏不赚"
"","","","","乳酪小狗w",1783511414,"跟之前3w一样"
"","","","","乳酪小狗w",1783511408,"合成"
"","","","","乳酪小狗w",1783511153,"wwwww"
"","","","","乳酪小狗w",1783511088,"有的"
"","","","","乳酪小狗w",1783511074,"哦哦哦哦哦聪明！"
"","","","","乳酪小狗w",1783511042,"真厉害真厉害~"
"","","","","乳酪小狗w",1783511034,"辛苦啦~"
"","","","","乳酪小狗w",1783511009,"哦哦哦宝宝不哭喝奶奶宝宝不哭喝奶奶"
"","","","","乳酪小狗w",1783510972,"节奏天国预警回是吗"
"","","","","乳酪小狗w",1783510945,"笑了"
"","","","","乳酪小狗w",1783510900,"www低吼气鼓鼓小狗"
"","","","","乳酪小狗w",1783510880,"还有群？"
"","","","","乳酪小狗w",1783510809,"诺也搁浅了"
"","","","","乳酪小狗w",1783510699,"是谁呢（）"
"","","","","乳酪小狗w",1783510562,"所以再玩两个小时吧 我什么都会做的"
"","","","","乳酪小狗w",1783510539,"她只玩了两个小时"
"","","","","乳酪小狗w",1783510490,"他的判定是墙面围一圈 一个门 一些家具"
"","","","","乳酪小狗w",1783510456,"有能住4只的结构的"
"","","","","乳酪小狗w",1783510422,"我住哪里"
"","","","","乳酪小狗w",1783510420,"为什么两个位置都被占了"
"","","","","乳酪小狗w",1783510329,"他说你不聪明"
"","","","","乳酪小狗w",1783510266,"乳酪在我旁边 你跟她抢吧"
"","","","","乳酪小狗w",1783510243,"？！给给！？"
"","","","","乳酪小狗w",1783510238,"毛线哦 平时想摸她都不理人的 除非她想被摸了"
"","","","","乳酪小狗w",1783510203,"没招了送给别的同学养了"
"","","","","乳酪小狗w",1783510195,"还给床尿了"
"","","","","乳酪小狗w",1783510169,"但是我家这只吃醋得很"
"","","","","乳酪小狗w",1783510153,"我也想要很多小猫"
"","","","","乳酪小狗w",1783510134,"坏鲨鱼"
"","","","","乳酪小狗w",1783510127,"头像这个是之前一个机构老师养在办公室的"
"","","","","乳酪小狗w",1783510112,"蓝白"
"","","","","乳酪小狗w",1783510094,"想搓猫饼只能搓猫小团子了"
"","","","","乳酪小狗w",1783510073,"猫猫掉毛怎么这么少"
"","","","","乳酪小狗w",1783509042,"（点头）"
"","","","","乳酪小狗w",1783509037,"我的手表有夜光"
"","","","","乳酪小狗w",1783508899,"我就这样清掉所有发光点才玩主线"
"","","","","乳酪小狗w",1783508860,"www"
"","","","","乳酪小狗w",1783508817,"没到这个进度呢 这个是剧情触发的（）"
"","","","","乳酪小狗w",1783508793,"她好聪明"
"","","","","乳酪小狗w",1783508649,"她好快 好聪明"
"","","","","乳酪小狗w",1783508575,"10/31 部分地区可以"
"","","","","乳酪小狗w",1783508555,"现在还不行"
"","","","","乳酪小狗w",1783508544,"感觉像麻薯"
"","","","","乳酪小狗w",1783508520,"糯糯诺 听起来就很好吃了"
"","","","","乳酪小狗w",1783508437,"可以吸"
"","","","","乳酪小狗w",1783508129,"羡慕花 羡慕地面"
"","","","","乳酪小狗w",1783508037,"对的对的"
"","","","","乳酪小狗w",1783508019,"对的我很擅长找东西"
"","","","","乳酪小狗w",1783507877,"58"
"","","","","乳酪小狗w",1783507830,"探索发现100%了"
"","","","","乳酪小狗w",1783507823,"我把每一作卡比都玩了 真的好玩"
"","","","","乳酪小狗w",1783507780,"吸尘器来了"
"","","","","乳酪小狗w",1783507660,"有的"
"","","","","乳酪小狗w",1783507607,"叫集结吧"
"","","","","乳酪小狗w",1783507601,"我记得还有个宝可荣耀"
"","","","","乳酪小狗w",1783507513,"喝水还是鲨鱼说喵喵喵我是最可爱猫娘喵"
"","","","","乳酪小狗w",1783507482,"而且地限"
"","","","","乳酪小狗w",1783507465,"不会"
"","","","","乳酪小狗w",1783507438,"你就说是不是度过了现实时间吧"
"","","","","乳酪小狗w",1783507411,"笑死了我关了去spld一把回来的"
"","","","","乳酪小狗w",1783507389,"剧透一下还有更长建造时间的项目"
"","","","","乳酪小狗w",1783507364,"这会儿可以建造栖息地干点别的"
"","","","","乳酪小狗w",1783507352,"对"
"","","","","乳酪小狗w",1783507103,"这回门能打开了"
"","","","","乳酪小狗w",1783507091,"对的你的劈开技能要来了"
"","","","","乳酪小狗w",1783507041,"硬刷主线左右横跳也很变态"
"","","","","乳酪小狗w",1783507017,"没动力启动"
"","","","","乳酪小狗w",1783507010,"一半"
"","","","","乳酪小狗w",1783507008,"没"
"","","","","乳酪小狗w",1783506973,"不是宝味反正"
"","","","","乳酪小狗w",1783506941,"za战斗手感很怪 有人懂吗"
"","","","","乳酪小狗w",1783506929,"后面会慢慢告诉你有什么要求的"
"","","","","乳酪小狗w",1783506883,"gamefreak简写那俩字母是硬屏蔽 连审核都不进直接不让发"
"","","","","乳酪小狗w",1783506829,"气笑了"
"","","","","乳酪小狗w",1783506826,"bur 弹幕发不出去 sc能发是吧"
"","","","","乳酪小狗w",1783506747,"别发出去"
"","","","","乳酪小狗w",1783506744,"？等一下"
"","","","","乳酪小狗w",1783506726,"别拉"
"","","","","乳酪小狗w",1783506550,"好远呐——"
"","","","","乳酪小狗w",1783506414,"啊啊啊啊————"
"","","","","乳酪小狗w",1783506410,"要吃"
"","","","","乳酪小狗w",1783506391,"诺诺 饿饿 饭饭"
"","","","","乳酪小狗w",1783505996,"萌孩子"
"","","","","乳酪小狗w",1783505330,"每日也是这样的小探索任务"
"","","","","乳酪小狗w",1783505297,"每日后面会有"
"","","","","乳酪小狗w",1783505293,"有每日的 这个是常驻的"
"","","","","乳酪小狗w",1783505247,"还有此门不能从这一侧打开"
"","","","","乳酪小狗w",1783505211,"遇到刀就能学了"
"","","","","乳酪小狗w",1783505202,"还没学"
"","","","","乳酪小狗w",1783505148,"被邀请的不能过剧情 只能苦力"
"","","","","乳酪小狗w",1783505132,"可以邀请游玩"
"","","","","乳酪小狗w",1783505123,"播到睡着（？）"
"","","","","乳酪小狗w",1783504906,"烤akari好吃吗（吸溜）"
"","","","","乳酪小狗w",1783504870,"那很香了"
"","","","","乳酪小狗w",1783504863,"蒜头王八可以烤成蒜头酥吗"
"","","","","乳酪小狗w",1783504705,"要被打了汪"
"","","","","乳酪小狗w",1783504699,"完了汪"
"","","","","乳酪小狗w",1783504695,"不对"
"","","","","乳酪小狗w",1783504671,"乐"
"","","","","乳酪小狗w",1783504546,"我直接住桌子上的"
"","","","","乳酪小狗w",1783504536,"对的 诺桌上的东西我哐哐吃"
"","","","","乳酪小狗w",1783504162,"诺味"
"","","","","乳酪小狗w",1783504066,"现在在玩pokopia"
"","","","","乳酪小狗w",1783503705,"就是 宝可梦+地形改造"
"","","","","乳酪小狗w",1783503690,"宝森"
"","","","","乳酪小狗w",1783503348,"她高兴的像个孩子"
"","","","","乳酪小狗w",1783503336,"yes"
"","","","","乳酪小狗w",1783503324,"没事她待会儿关了就行"
"","","","","乳酪小狗w",1783503291,"（）"
"","","","","乳酪小狗w",1783503289,"哎对啊"
"","","","","乳酪小狗w",1783503253,"ns2有点小"
"","","","","乳酪小狗w",1783503226,"你耳机监听吧"
"","","","","乳酪小狗w",1783503219,"现在好了（）"
"","","","","乳酪小狗w",1783503204,"游戏声音挺大的"
"","","","","乳酪小狗w",1783503197,"有哦"
"","","","","乳酪小狗w",1783503139,"两个混音器要打开"
"","","","","乳酪小狗w",1783503132,"双声道吧"
"","","","","乳酪小狗w",1783503050,"哦哦哦哦有了"
"","","","","乳酪小狗w",1783503029,"ns2好大一个"
"","","","","乳酪小狗w",1783502985,"？！开开！？"
"","","","","乳酪小狗w",1783502896,"自己捏自己"
"","","","","乳酪小狗w",1783502827,"spld被打爆了"
"","","","","乳酪小狗w",1783502822,"下播喵"
"","","","","乳酪小狗w",1783502766,"大量平假名给小孩玩的"
"","","","","乳酪小狗w",1783502744,"不难（）"
"","","","","乳酪小狗w",1783502563,"那没招了 我瞎逛一会儿差不多下了"
"","","","","乳酪小狗w",1783502505,"发来"
"","","","","乳酪小狗w",1783502500,"也行"
"","","","","乳酪小狗w",1783502384,"不给乳酪吃吗"
"","","","","乳酪小狗w",1783502376,"我的呢我的呢 怎么就吃完了"
"","","","","乳酪小狗w",1783502088,"你知道吗我之前尝试骗她开机失败了"
"","","","","乳酪小狗w",1783501884,"汪汪"
"","","","","乳酪小狗w",1783501845,"paypay还是好使"
"","","","","乳酪小狗w",1783501581,"水下城市"
"","","","","乳酪小狗w",1783501533,"没 新注册"
"","","","","乳酪小狗w",1783501513,"下播敲我"
"","","","","乳酪小狗w",1783501509,"对对你先玩"
"","","","","乳酪小狗w",1783501481,"诺注册个账号吧 给你发dlc"
"","","","","乳酪小狗w",1783501437,".666"
"","","","","乳酪小狗w",1783501132,"6.6.6.6。 8.8.8.8"
"","","","","乳酪小狗w",1783501045,"光dns没用的"
"","","","","乳酪小狗w",1783501040,"bur我让你开加速器"
"","","","","乳酪小狗w",1783501012,"填完重连一下"
"","","","","乳酪小狗w",1783500648,"dns填6.6.6.6和8.8.8.8"
"","","","","乳酪小狗w",1783500603,"照着那个填进去"
"","","","","乳酪小狗w",1783500594,"switch商店加速"
"","","","","乳酪小狗w",1783500589,"下载一个uu"
"","","","","乳酪小狗w",1783500572,"开了10分钟"
"","","","","乳酪小狗w",1783500566,"开一个吧"
"","","","","乳酪小狗w",1783500550,"开加速器了吗（）"
"","","","","乳酪小狗w",1783500136,"又发了一次("
"","","","","乳酪小狗w",1783500128,"11("
"","","","","乳酪小狗w",1783500091,"SW-0026-6979-2302"
"","","","","乳酪小狗w",1783500057,"下午好汪"
"","","","","乳酪小狗w",1783499953,"谢谢我自己的情书ww"
"","","","","乳酪小狗w",1783499926,"5541下午好"
"","","","","乳酪小狗w",1783499830,"笑死我了这回知道了"
"","","","","乳酪小狗w",1783499798,"钥匙卡怎么这么坏啊"
"","","","","乳酪小狗w",1783499759,"f1shcake"
"","","","","乳酪小狗w",1783499748,"直接合流吧"
"","","","","乳酪小狗w",1783498992,"我先打"
"","","","","乳酪小狗w",1783498989,"那不急"
"","","","","乳酪小狗w",1783498850,"20w krw还是太划算了"
"","","","","乳酪小狗w",1783498616,"我终于升段了"
"","","","","乳酪小狗w",1783498610,"spld还是太好玩了"
"","","","","乳酪小狗w",1783497558,"美女你谁"
"","","","","乳酪小狗w",1783495616,"睡了1h"
"","","","","乳酪小狗w",1783495605,"我是区"
"","","","","乳酪小狗w",1783491156,"大热天顶着太阳爬山还是太那啥了"
"","","","","乳酪小狗w",1783491139,"有吧 我歇会儿去找一下"
"","","","","乳酪小狗w",1783491108,"好像有点中暑了 头热热的"
"","","","","乳酪小狗w",1783491101,"我在 吹空调"
"","","","","乳酪小狗w",1783490724,"我回的南京"
"","","","","乳酪小狗w",1783490715,"没回去呢啊"
"","","","","乳酪小狗w",1783490666,"还有两个月整"
"","","","","乳酪小狗w",1783490657,"这么想让我开学吗（）"
"","","","","乳酪小狗w",1783490612,"[dog]"
"","","","","乳酪小狗w",1783433048,"晚安汪"
"","","","","乳酪小狗w",1783432958,"乳酪只认识主人汪"
"","","","","乳酪小狗w",1783432944,"不认识妹妹"
"","","","","乳酪小狗w",1783432790,"回不去抽返程机票"
"","","","","乳酪小狗w",1783432741,"不带也抽"
"","","","","乳酪小狗w",1783432725,"带了抽一份pokopia dlc仅诺可参与"
"","","","","乳酪小狗w",1783432641,"她真的很喜欢直播"
"","","","","乳酪小狗w",1783432576,"实在赶不上找我0元购"
"","","","","乳酪小狗w",1783432489,"你猜猜我给你丢上哪一班"
"","","","","乳酪小狗w",1783432468,"plan d 鱼糕抓走"
"","","","","乳酪小狗w",1783432372,"不要相信喵"
"","","","","乳酪小狗w",1783432366,"我都被吹跑了"
"","","","","乳酪小狗w",1783432361,"觉得自己肘的赢大风的"
"","","","","乳酪小狗w",1783432285,"笑死了"
"","","","","乳酪小狗w",1783432189,"发过了其实（"
"","","","","乳酪小狗w",1783432140,"真想抓我我可以直接发酒店定位的（"
"","","","","乳酪小狗w",1783432089,"地铁一站两站"
"","","","","乳酪小狗w",1783432078,"很近反正"
"","","","","乳酪小狗w",1783432029,"你是不是手机号是1开头"
"","","","","乳酪小狗w",1783432012,"对啊 诺一眼在深圳"
"","","","","乳酪小狗w",1783431867,"可以 那我中午少吃点（？"
"","","","","乳酪小狗w",1783431851,"yes"
"","","","","乳酪小狗w",1783431849,"我9号下午"
"","","","","乳酪小狗w",1783431830,"盒发我一份谢谢喵"
"","","","","乳酪小狗w",1783431767,"？！盒盒！？"
"","","","","乳酪小狗w",1783431733,"哪里有京酱肉丝"
"","","","","乳酪小狗w",1783431434,"之前更久"
"","","","","乳酪小狗w",1783431432,"现在还好有机场线了"
"","","","","乳酪小狗w",1783431428,"浦东多一个小时这样"
"","","","","乳酪小狗w",1783431422,"那很近了"
"","","","","乳酪小狗w",1783431376,"你回去是虹桥还是浦东"
"","","","","乳酪小狗w",1783431367,"出去了就打的着"
"","","","","乳酪小狗w",1783431204,"就 住一两周 跟一两年 跟十几年 差别还是很大的"
"","","","","乳酪小狗w",1783431058,"-40度喵"
"","","","","乳酪小狗w",1783431054,"想见雪的1月份发配edmonton"
"","","","","乳酪小狗w",1783430979,"安排"
"","","","","乳酪小狗w",1783430976,"那你来加拿大"
"","","","","乳酪小狗w",1783430838,"chow why did"
"","","","","乳酪小狗w",1783430811,"大兴太远了"
"","","","","乳酪小狗w",1783430788,"河北的来了"
"","","","","乳酪小狗w",1783430558,"草"
"","","","","乳酪小狗w",1783430480,"上来就没绷住"
"","","","","乳酪小狗w",1783430469,"安徽省南京市马鞍山区"
"","","","","乳酪小狗w",1783430462,"还有编外人员"
"","","","","乳酪小狗w",1783430343,"合并了"
"","","","","乳酪小狗w",1783430340,"这个也绝版了"
"","","","","乳酪小狗w",1783430283,"320103绝版了喵"
"","","","","乳酪小狗w",1783430242,"笑了"
"","","","","乳酪小狗w",1783430235,"北京东路是我学校那块（"
"","","","","乳酪小狗w",1783430124,"我发你吧（"
"","","","","乳酪小狗w",1783430085,"灵感来源是今天看了个南京刻板印象视频"
"","","","","乳酪小狗w",1783429950,"全对"
"","","","","乳酪小狗w",1783429806,"对的对的"
"","","","","乳酪小狗w",1783429709,"还是耐受程度太高了"
"","","","","乳酪小狗w",1783429449,"哎我去我亚马逊解封了 暂时允许降落"
"","","","","乳酪小狗w",1783429322,"老想了"
"","","","","乳酪小狗w",1783429318,"想"
"","","","","乳酪小狗w",1783429305,"?"
"","","","","乳酪小狗w",1783429213,"摇的话就要点陪玩了"
"","","","","乳酪小狗w",1783429192,"朋友好像玩过了"
"","","","","乳酪小狗w",1783429184,"怎么摇（"
"","","","","乳酪小狗w",1783429148,"买个晕晕电波症候群 有点想双影但是没人跟我玩（）"
"","","","","乳酪小狗w",1783428898,"有点多（"
"","","","","乳酪小狗w",1783428895,"直接看我愿望单吧（"
"","","","","乳酪小狗w",1783428846,"购入中"
"","","","","乳酪小狗w",1783428839,"hold on"
"","","","","乳酪小狗w",1783428835,"我去我忘买夏促了"
"","","","","乳酪小狗w",1783428762,"神了"
"","","","","乳酪小狗w",1783428706,"萌在孩子前面"
"","","","","乳酪小狗w",1783428699,"那个表情也可爱"
"","","","","乳酪小狗w",1783428692,"超萌"
"","","","","乳酪小狗w",1783428544,"在打我"
"","","","","乳酪小狗w",1783428468,"1200了（"
"","","","","乳酪小狗w",1783428402,"什么时候拍满999套正片才放人"
"","","","","乳酪小狗w",1783428390,"倒反天罡"
"","","","","乳酪小狗w",1783428385,"不出把诺绑走吧"
"","","","","乳酪小狗w",1783428283,"不出退钱喵"
"","","","","乳酪小狗w",1783428272,"bw当天抽800"
"","","","","乳酪小狗w",1783428269,"别急"
"","","","","乳酪小狗w",1783428240,"幽灵10连出了"
"","","","","乳酪小狗w",1783428234,"对"
"","","","","乳酪小狗w",1783428153,"对的"
"","","","","乳酪小狗w",1783428128,"想看西瓜形小肚"
"","","","","乳酪小狗w",1783428050,"似了"
"","","","","乳酪小狗w",1783427633,"有的 不影响"
"","","","","乳酪小狗w",1783427628,"呜哇哇哇哇哇哇我委屈"
"","","","","乳酪小狗w",1783427531,"？？？？？？？？？？？？？"
"","","","","乳酪小狗w",1783427529,"？？？？？？？？？？？？？？"
"","","","","乳酪小狗w",1783427528,"？？？？？"
"","","","","乳酪小狗w",1783427501,"不急"
"","","","","乳酪小狗w",1783427498,"67/80"
"","","","","诺的草莓甜心派",1783427385,"心碎了"
"","","","","诺的草莓甜心派",1783427367,"几个"
"","","","","诺的草莓甜心派",1783427358,"？"
"","","","","诺的草莓甜心派",1783427246,"可以"
"","","","","诺的草莓甜心派",1783427211,"还好只是2400"
"","","","","诺的草莓甜心派",1783427201,"难说 我忘兑过一张ns online"
"","","","","诺的草莓甜心派",1783427136,"点卡限150天内兑换哦 记得不要买太多（"
"","","","","诺的草莓甜心派",1783427047,"喝水还是鲨鱼说喵喵喵我是最可爱小猫咪neko punch"
"","","","","诺的草莓甜心派",1783427016,"气死我了"
"","","","","诺的草莓甜心派",1783427012,"点卡砍单了喵 风控被亚马逊封号了喵（）"
"","","","","诺的草莓甜心派",1783426963,"限制仅日本发行的银行卡了"
"","","","","诺的草莓甜心派",1783426926,"为什么rtt不能paypay"
"","","","","诺的草莓甜心派",1783426895,"ana pay也绑不了了"
"","","","","诺的草莓甜心派",1783426868,"我很红"
"","","","","诺的草莓甜心派",1783426865,"对的"
"","","","","诺的草莓甜心派",1783426831,"亚马逊疑似又给我砍单了"
"","","","","诺的草莓甜心派",1783426821,"任天堂坏事做尽 给国内jcb也屏蔽了 我直充充不进去了"
"","","","","诺的草莓甜心派",1783426622,"航空公司在后面会提供免费退改签方案的"
"","","","","诺的草莓甜心派",1783426599,"如果航班可能有问题飞不了 不要急着自己退"
"","","","","诺的草莓甜心派",1783426522,"bw这个时间这个地点你就当他有大雨得了"
"","","","","诺的草莓甜心派",1783426405,"天气不赔"
"","","","","诺的草莓甜心派",1783426394,"略微弱一点我就润去机场了"
"","","","","诺的草莓甜心派",1783426382,"就差一点就飞不了 我记得澳门差一点挂9号风球"
"","","","","诺的草莓甜心派",1783426241,"23年10月肘击台风飞回家的 吓哭了"
"","","","","诺的草莓甜心派",1783426227,"放心吧 肯定会有的"
"","","","","诺的草莓甜心派",1783426124,"navi吗 "
"","","","","诺的草莓甜心派",1783425983,"试过一次就不想再喝了"
"","","","","诺的草莓甜心派",1783425976,"学校超市有"
"","","","","诺的草莓甜心派",1783425942,"eww"
"","","","","诺的草莓甜心派",1783425938,"不好喝"
"","","","","诺的草莓甜心派",1783416899,"我是区"
"","","","","诺的草莓甜心派",1783416899,"我是区"
"","","","","诺的草莓甜心派",1783416897,"好难"
"","","","","诺的草莓甜心派",1783416897,"好难"
"","","","","诺的草莓甜心派",1783406920,"乐"
"","","","","诺的草莓甜心派",1783406918,"两分钟"
"","","","","诺的草莓甜心派",1783406914,"吃饭去了"
"","","","","诺的草莓甜心派",1783403895,"酒泉是地级市"
"","","","","诺的草莓甜心派",1783403888,"敦煌是县级市"
"","","","","诺的草莓甜心派",1783403800,"距离最近的一集"
"","","","","诺的草莓甜心派",1783403741,"我去说点大家不知道的 那肯定是晚上啊"
"","","","","诺的草莓甜心派",1783403722,"手机的 忘了带脚架了"
"","","","","诺的草莓甜心派",1783403694,"v"
"","","","","诺的草莓甜心派",1783403629,"哎 嗷呜在哪里来着"
"","","","","诺的草莓甜心派",1783403527,"饿饿 饭饭"
"","","","","诺的草莓甜心派",1783403459,"十几次吧 差不多"
"","","","","诺的草莓甜心派",1783403452,"那我看劳动几次还是太少了"
"","","","","诺的草莓甜心派",1783403417,"要是昏过去了另外50%记得分我"
"","","","","诺的草莓甜心派",1783403405,"那你让他每天劳动好几次吧"
"","","","","诺的草莓甜心派",1783403306,"那不一样啊 这可是 第一批测试玩家"
"","","","","诺的草莓甜心派",1783403204,"嗷呜为什么不参与项目 可以55分的"
"","","","","诺的草莓甜心派",1783403155,"那身体很好了"
"","","","","诺的草莓甜心派",1783403151,"先别说300个"
"","","","","诺的草莓甜心派",1783403036,"点在哪里"
"","","","","诺的草莓甜心派",1783403029,"《有点》"
"","","","","诺的草莓甜心派",1783403000,"野排吗"
"","","","","诺的草莓甜心派",1783402989,"队友哪里找"
"","","","","诺的草莓甜心派",1783402975,"？？"
"","","","","诺的草莓甜心派",1783402934,"细说"
"","","","","诺的草莓甜心派",1783402783,"我自己做估计随便吃一口了"
"","","","","诺的草莓甜心派",1783402771,"外卖能点一堆菜"
"","","","","诺的草莓甜心派",1783402760,"会 懒"
"","","","","诺的草莓甜心派",1783402723,"外卖40分钟起步 住的比较远"
"","","","","诺的草莓甜心派",1783402712,"前几天睡太少了"
"","","","","诺的草莓甜心派",1783402697,"估计得两点到"
"","","","","诺的草莓甜心派",1783402690,"其实是才睡醒"
"","","","","诺的草莓甜心派",1783402680,"我的饭还没来"
"","","","","诺的草莓甜心派",1783401265,"哦吼吼吼吼直播做饭吗还有超绝3d回"
"","","","","诺的草莓甜心派",1783400982,"ios直充到账慢 额外扣30%"
"","","","","诺的草莓甜心派",1783362164,"大概漫展结束后改回去（？）"
"","","","","诺的草莓甜心派",1783362132,"整活id（）"
"","","","","诺的草莓甜心派",1783362096,"快了 还有两天"
"","","","","诺的草莓甜心派",1783262402,"高仿"
"","","","","诺的草莓甜心派",1783262396,"不是"
"","","","","诺的草莓甜心派",1783260491,"来找我玩有的吃（算盘）"
"","","","","诺的草莓甜心派",1783260313,"还是什么来着 记不清了 你找一下吧"
"","","","","诺的草莓甜心派",1783260301,"辉夜姬那个星见海"
"","","","","诺的草莓甜心派",1783260214,"把我抽了吧 抽给别的妹妹"
"","","","","诺的草莓甜心派",1783260151,"到时候我q你"
"","","","","诺的草莓甜心派",1783260145,"现场说吧"
"","","","","诺的草莓甜心派",1783260107,"只要保持你直播间在线就行"
"","","","","诺的草莓甜心派",1783260094,"周五瞎开一下我抽了爽了得了"
"","","","","诺的草莓甜心派",1783260068,"主播你能不能周五开一下"
"","","","","诺的草莓甜心派",1783260057,"im back"
"","","","","诺的草莓甜心派",1783260045,"哎不对啊 周五bw怎么盒子"
"","","","","诺的草莓甜心派",1783259995,"我是后背"
"","","","","诺的草莓甜心派",1783258478,"反正2k不出他直接4mm"
"","","","","诺的草莓甜心派",1783258409,"假不假的那没办法"
"","","","","诺的草莓甜心派",1783258389,"到80就行了"
"","","","","诺的草莓甜心派",1783258382,"今天没倍率啊"
"","","","","诺的草莓甜心派",1783258323,"何配置"
"","","","","诺的草莓甜心派",1783258316,"？"
"","","","","诺的草莓甜心派",1783258308,"笑死了"
"","","","","诺的草莓甜心派",1783258296,"开到80个盒子有5倍喵"
"","","","","诺的草莓甜心派",1783258275,"诺周五播的话就会有的"
"","","","","诺的草莓甜心派",1783258261,"急死了"
"","","","","诺的草莓甜心派",1783258259,"我好急"
"","","","","诺的草莓甜心派",1783258254,"夺少？"
"","","","","诺的草莓甜心派",1783258218,"最多是5倍限两个"
"","","","","诺的草莓甜心派",1783258210,"对的"
"","","","","诺的草莓甜心派",1783258204,"周五"
"","","","","诺的草莓甜心派",1783258180,"1100盒不出的概率低于10%望周知"
"","","","","诺的草莓甜心派",1783258147,"有机会再挑战一次"
"","","","","诺的草莓甜心派",1783258138,"我勒个我其实还是有执念"
"","","","","诺的草莓甜心派",1783258130,"我是狗托能1100盒没城堡是吗（）"
"","","","","诺的草莓甜心派",1783258108,"吃饭去了喵 （） 消失一下喵"
"","","","","诺的草莓甜心派",1783257850,"过了开头的话vip入口没人的 直接进"
"","","","","诺的草莓甜心派",1783257832,"是提前的"
"","","","","诺的草莓甜心派",1783257428,"微店小程序"
"","","","","诺的草莓甜心派",1783257415,"还有5"
"","","","","诺的草莓甜心派",1783257382,"vip卡返2% 没货转"
"","","","","诺的草莓甜心派",1783257363,"加拿大wealthsimple那个"
"","","","","诺的草莓甜心派",1783257303,"信用卡返现2%（）"
"","","","","诺的草莓甜心派",1783257249,"我叛逆"
"","","","","诺的草莓甜心派",1783257246,"我就要"
"","","","","诺的草莓甜心派",1783257203,"收到 信用卡上总"
"","","","","诺的草莓甜心派",1783257153,"不打榜 懒了 上月367148"
"","","","","诺的草莓甜心派",1783257110,"对的对的幽灵 对的"
"","","","","诺的草莓甜心派",1783257096,"眼镜很有感觉 有人懂吗"
"","","","","诺的草莓甜心派",1783257071,"爽死了哦吼吼吼"
"","","","","诺的草莓甜心派",1783257059,"对的"
"","","","","诺的草莓甜心派",1783257000,"叫老婆叉出去"
"","","","","诺的草莓甜心派",1783256972,"永远忘记带硬币之人"
"","","","","诺的草莓甜心派",1783256952,"suica里面还有6000多jpy"
"","","","","诺的草莓甜心派",1783256938,"日元硬币可以拿去711或者充交通卡"
"","","","","诺的草莓甜心派",1783256908,"哦吼吼吼吼吼黑长直哦吼吼吼哦吼"
"","","","","诺的草莓甜心派",1783256866,"对的 我每次都是丢tip jar或者donate jar"
"","","","","诺的草莓甜心派",1783256834,"-1500cad喵 什么时候出账单再说喵"
"","","","","诺的草莓甜心派",1783256812,"我连20cad都没有"
"","","","","诺的草莓甜心派",1783256700,"给我捐20cad我还能给你来一段"
"","","","","诺的草莓甜心派",1783256657,"然后坐地上"
"","","","","诺的草莓甜心派",1783256646,"我就打开收款码学他敲"
"","","","","诺的草莓甜心派",1783256639,"之前有人跟我敲二维码"
"","","","","诺的草莓甜心派",1783256617,"一个小时后又问我一次"
"","","","","诺的草莓甜心派",1783256609,"他还不认人脸"
"","","","","诺的草莓甜心派",1783256604,"我气笑了"
"","","","","诺的草莓甜心派",1783256596,"我还遇到过一个乞讨跟我说可以emt转账的"
"","","","","诺的草莓甜心派",1783256550,"q"
"","","","","诺的草莓甜心派",1783256449,"我说过那个亚裔homeless的故事吗"
"","","","","诺的草莓甜心派",1783256405,"什么时候凑够路费什么时候回去"
"","","","","诺的草莓甜心派",1783256397,"马上我就去那个电车站拿个咖啡杯躺着"
"","","","","诺的草莓甜心派",1783256379,"算普遍吧"
"","","","","诺的草莓甜心派",1783256372,"我都不敢想要是我信用卡全停了会怎么样（）"
"","","","","诺的草莓甜心派",1783256349,"我绷住了"
"","","","","诺的草莓甜心派",1783256315,"问就是vx被卡了两周"
"","","","","诺的草莓甜心派",1783256281,"银行卡会被停"
"","","","","诺的草莓甜心派",1783256243,"这倒是提醒我了"
"","","","","诺的草莓甜心派",1783256239,"我去我都忘了 我通行证没续签注"
"","","","","诺的草莓甜心派",1783256203,"那很能拖了"
"","","","","诺的草莓甜心派",1783256140,"其实有人催我也快（）给我两脚我马上就能干完"
"","","","","诺的草莓甜心派",1783256080,"来offset这个拖延"
"","","","","诺的草莓甜心派",1783256076,"所以我每次都疯狂向前安排"
"","","","","诺的草莓甜心派",1783256067,"然后拖延一下"
"","","","","诺的草莓甜心派",1783256063,"我只会列每天要干什么"
"","","","","诺的草莓甜心派",1783255931,"imsbで草"
"","","","","诺的草莓甜心派",1783255900,"下次喊鱼糕吧鱼糕新签证下来了（算盘珠子）"
"","","","","诺的草莓甜心派",1783255825,"想要分身"
"","","","","诺的草莓甜心派",1783255821,"时间怎么过的这么快"
"","","","","诺的草莓甜心派",1783255571,"笑死了"
"","","","","诺的草莓甜心派",1783255568,"我点了14次下单拍了3个"
"","","","","诺的草莓甜心派",1783255556,"可能还有吧快去看看（？）"
"","","","","诺的草莓甜心派",1783255498,"受你一靠子"
"","","","","诺的草莓甜心派",1783255478,"我不行了"
"","","","","诺的草莓甜心派",1783255363,"哦哦哦哦哦哦被吃掉了（？）"
"","","","","鱼糕今天困了喵",1783255267,"兑换码真完蛋了"
"","","","","鱼糕今天困了喵",1783255259,"钥匙卡还能卖啊"
"","","","","鱼糕今天困了喵",1783255225,"最良心"
"","","","","鱼糕今天困了喵",1783255222,"这回你ns2钥匙卡成行业标杆了"
"","","","","鱼糕今天困了喵",1783255148,"真是4mm了新游戏实体版是空盒子加兑换码"
"","","","","鱼糕今天困了喵",1783255135,"反正我不买"
"","","","","鱼糕今天困了喵",1783255122,"参考文献：Dominos UK"
"","","","","鱼糕今天困了喵",1783255018,"ps就是4mm"
"","","","","鱼糕今天困了喵",1783254965,"下去自己走喵"
"","","","","鱼糕今天困了喵",1783254957,"站我肩膀上吗 爽死了"
"","","","","鱼糕今天困了喵",1783254936,"住初始任务小屋（）"
"","","","","鱼糕今天困了喵",1783254887,"鱼家来了"
"","","","","鱼糕今天困了喵",1783254877,"yu？"
"","","","","鱼糕今天困了喵",1783254866,"鱼糕太坏了"
"","","","","鱼糕今天困了喵",1783254862,"都怪我喵"
"","","","","鱼糕今天困了喵",1783254853,"她就好像是被我关太久了刚从宝可梦精灵球里被放出来"
"","","","","鱼糕今天困了喵",1783254816,"rui说是"
"","","","","鱼糕今天困了喵",1783254770,"蒸蚌！"
"","","","","鱼糕今天困了喵",1783254745,"gen3"
"","","","","鱼糕今天困了喵",1783254725,"我去 原来你会啊 不早说（）"
"","","","","鱼糕今天困了喵",1783254698,"无（wu2）艮"
"","","","","鱼糕今天困了喵",1783254666,"来我家试玩"
"","","","","鱼糕今天困了喵",1783254651,"诺 我有za"
"","","","","鱼糕今天困了喵",1783254623,"哪里有鸡煲"
"","","","","鱼糕今天困了喵",1783254597,"7层太吓人了 有点干"
"","","","","鱼糕今天困了喵",1783254556,"不到上海吧 还有点距离"
"","","","","鱼糕今天困了喵",1783254533,"还有章鱼"
"","","","","鱼糕今天困了喵",1783254527,"“200”"
"","","","","鱼糕今天困了喵",1783254478,"7层传说来了"
"","","","","鱼糕今天困了喵",1783254434,"有人把香芋派放我面前我会跟着走两百公里"
"","","","","鱼糕今天困了喵",1783254411,"我是真爱吃香芋派"
"","","","","鱼糕今天困了喵",1783254393,"香芋派在里面吗"
"","","","","鱼糕今天困了喵",1783254388,"坏了 不记得有啥了"
"","","","","鱼糕今天困了喵",1783254266,"穿越when 我要拐走"
"","","","","鱼糕今天困了喵",1783254182,"真的好看"
"","","","","鱼糕今天困了喵",1783253927,"就是那个"
"","","","","鱼糕今天困了喵",1783253863,"1+1"
"","","","","鱼糕今天困了喵",1783253860,"还有随心配"
"","","","","鱼糕今天困了喵",1783253846,"还有接头异人"
"","","","","鱼糕今天困了喵",1783253811,"这个我真要"
"","","","","鱼糕今天困了喵",1783253806,"我要🦵🏻"
"","","","","鱼糕今天困了喵",1783253775,"我学习一下"
"","","","","鱼糕今天困了喵",1783253764,"哦？"
"","","","","鱼糕今天困了喵",1783253660,"会的"
"","","","","鱼糕今天困了喵",1783253652,"艾克佐迪亚来了"
"","","","","鱼糕今天困了喵",1783253632,"总不能下半身诺就不是诺了吧（）"
"","","","","鱼糕今天困了喵",1783253621,"诺你这么想 上半身诺也是诺 下半身诺也是诺"
"","","","","鱼糕今天困了喵",1783253579,"哎不对 诺在这边直播 我如何请🦵🏻🫚出山"
"","","","","鱼糕今天困了喵",1783253563,"我是🦵🏻🫚粉"
"","","","","鱼糕今天困了喵",1783253490,"或者带个补光板（）"
"","","","","鱼糕今天困了喵",1783253393,"对背景测就这样"
"","","","","鱼糕今天困了喵",1783253385,"要对人脸测光（）"
"","","","","鱼糕今天困了喵",1783253360,"我家小美女"
"","","","","鱼糕今天困了喵",1783253338,"送我吧"
"","","","","鱼糕今天困了喵",1783253262,"废片送我"
"","","","","鱼糕今天困了喵",1783253254,"高铁站地下通道坏事做尽"
"","","","","鱼糕今天困了喵",1783253240,"你知道吗我急死了"
"","","","","鱼糕今天困了喵",1783253233,"我好急"
"","","","","鱼糕今天困了喵",1783253228,"我本来选的47"
"","","","","鱼糕今天困了喵",1783253224,"bur我网卡了"
"","","","","鱼糕今天困了喵",1783253104,"速吃复数"
"","","","","鱼糕今天困了喵",1783253100,"速买"
"","","","","鱼糕今天困了喵",1783253097,"D"
"","","","","鱼糕今天困了喵",1783177575,"一开疯狂盾我 盾我15分钟"
"","","","","鱼糕今天困了喵",1783177548,"抢的人太多了吧"
"","","","","鱼糕今天困了喵",1783177477,"我去那园长坏事做尽"
"","","","","鱼糕今天困了喵",1783177437,"笑死了 满分"
"","","","","鱼糕今天困了喵",1783177414,"应聘了直接跑路是吧"
"","","","","鱼糕今天困了喵",1783177136,"三天"
"","","","","鱼糕今天困了喵",1783176979,"谢谢清天赞助的一箱梨子~"
"","","","","鱼糕今天困了喵",1783173851,"加我我就要当全线勾了喵"
"","","","","鱼糕今天困了喵",1783173834,"哦那反正正常别加喵"
"","","","","鱼糕今天困了喵",1783173767,"数字哥还挺多的"
"","","","","鱼糕今天困了喵",1783173761,"哪个数字哥"
"","","","","鱼糕今天困了喵",1783173743,"她聊的好开心"
"","","","","鱼糕今天困了喵",1783173704,"南京四五六七八九线城市"
"","","","","鱼糕今天困了喵",1783173679,"我是乡毋宁"
"","","","","鱼糕今天困了喵",1783173614,"好多juju"
"","","","","鱼糕今天困了喵",1783173574,"下楼看看"
"","","","","鱼糕今天困了喵",1783173570,"依旧足不出户"
"","","","","鱼糕今天困了喵",1783173204,"诺是不是没理解苦力怕的梗在哪里（）"
"","","","","鱼糕今天困了喵",1783173085,"包像的"
"","","","","鱼糕今天困了喵",1783173080,"我cos印度人"
"","","","","鱼糕今天困了喵",1783173057,"衣服没湿过"
"","","","","鱼糕今天困了喵",1783173031,"汗刚出一点也蒸发完了"
"","","","","鱼糕今天困了喵",1783173015,"约等于就是沙漠其实是"
"","","","","鱼糕今天困了喵",1783173002,"骗你的没喝够"
"","","","","鱼糕今天困了喵",1783172983,"蒸发这一块 烤人这一块"
"","","","","鱼糕今天困了喵",1783172967,"我今天喝了6升水"
"","","","","鱼糕今天困了喵",1783172925,"喝水诺 喝水"
"","","","","鱼糕今天困了喵",1783172899,"不包准=包不准"
"","","","","鱼糕今天困了喵",1783172845,"失望（低头）"
"","","","","鱼糕今天困了喵",1783172826,"皇叔店（？）"
"","","","","鱼糕今天困了喵",1783172749,"我发动了 天赋复制 复制了 诺 的 粤语 效果拔群！"
"","","","","鱼糕今天困了喵",1783172625,"诺你好像跟你的嘴不是很熟啊"
"","","","","鱼糕今天困了喵",1783172609,"笑死了"
"","","","","鱼糕今天困了喵",1783172561,"还有我最爱的章鱼环节"
"","","","","鱼糕今天困了喵",1783172506,"bao4 tian3 tian1 wu4"
"","","","","鱼糕今天困了喵",1783172492,"我会的"
"","","","","鱼糕今天困了喵",1783172489,"暴殄天物"
"","","","","鱼糕今天困了喵",1783172470,"其实是境外sc直接进审核"
"","","","","鱼糕今天困了喵",1783172453,"我是后背"
"","","","","鱼糕今天困了喵",1783167503,"来个总督吧 包好看的"
"","","","","鱼糕今天困了喵",1783167474,"笑死我了 美女你谁是我每日任务"
"","","","","鱼糕今天困了喵",1783089975,"现在他们在问这个神秘的诺是谁"
"","","","","鱼糕今天困了喵",1783089958,"这几天我故意出去瞎逛 有十几个人看到了我的橙色牌子"
"","","","","鱼糕今天困了喵",1783089612,"溜我啊 我本来就是"
"","","","","鱼糕今天困了喵",1783089447,"我给你带个猫饼"
"","","","","鱼糕今天困了喵",1783089431,"？很奇怪的要求 但是你提醒我 我可以满足"
"","","","","鱼糕今天困了喵",1783089098,"然后就掏出这个了"
"","","","","鱼糕今天困了喵",1783089089,"bur其实是我寻思忘了原来头像是哪个了"
"","","","","鱼糕今天困了喵",1783088698,"十月份出dlc咯 pokopia扩展海下咯"
"","","","","鱼糕今天困了喵",1783088583,"我反驳 诺是神"
"","","","","鱼糕今天困了喵",1783088298,"好耶"
"","","","","鱼糕今天困了喵",1783088272,"我是后背"
"","","","","鱼糕今天困了喵",1783087984,"加麻大还有神秘蘑菇呢"
"","","","","鱼糕今天困了喵",1783087972,"十五分钟"
"","","","","鱼糕今天困了喵",1783087969,"消失一下 不到半小时回来喵"
"","","","","鱼糕今天困了喵",1783087897,"对的"
"","","","","鱼糕今天困了喵",1783087894,"看着很像粉听着很像粉"
"","","","","鱼糕今天困了喵",1783087828,"也不知道谁想出来的这玩意笑死了"
"","","","","鱼糕今天困了喵",1783087820,"我想起来有一种白白的糖 装在吸管里的"
"","","","","鱼糕今天困了喵",1783087682,"很难见到 所以美女你谁一下"
"","","","","鱼糕今天困了喵",1782931007,"即将变成不可攻略怎么办"
"","","","","鱼糕今天困了喵",1782930954,"困"
"","","","","鱼糕今天困了喵",1782930438,"睡不着睡不着睡不着"
"","","","","鱼糕今天困了喵",1782930424,"[大哭]"
"","","","","鱼糕今天困了喵",1782930371,"头上热热的"
"","","","","鱼糕今天困了喵",1782930365,"怎么天在下地在上 天越小地越大了"
"","","","","鱼糕今天困了喵",1782930323,"我一直在哭"
"","","","","鱼糕今天困了喵",1782930317,"没录喵"
"","","","","鱼糕今天困了喵",1782930310,"没有"
"","","","","鱼糕今天困了喵",1782930274,"留回放吧我什么都会做的"
"","","","","鱼糕今天困了喵",1782930110,"想看思考三分钟"
"","","","","鱼糕今天困了喵",1782930001,"羡慕被子"
"","","","","鱼糕今天困了喵",1782929964,"six seven"
"","","","","鱼糕今天困了喵",1782929940,"6767676767"
"","","","","鱼糕今天困了喵",1782929901,"我去把我忘了我哭死呜呜呜呜呜"
"","","","","鱼糕今天困了喵",1782929867,"你在我房间里面加了什么怎么身上热热的"
"","","","","鱼糕今天困了喵",1782929700,"她就这样又忘记了pld（）"
"","","","","鱼糕今天困了喵",1782929674,"325"
"","","","","鱼糕今天困了喵",1782929605,"投喂 你真好看"
"","","","","鱼糕今天困了喵",1782929531,"投喂 心动盲盒 爆出 电影票🎫*1"
"","","","","鱼糕今天困了喵",1782929299,"1100不出的概率是10%"
"","","","","鱼糕今天困了喵",1782929289,"其实是我太眉笔"
"","","","","鱼糕今天困了喵",1782929253,"戒堵小故事"
"","","","","鱼糕今天困了喵",1782929208,"1100盒"
"","","","","鱼糕今天困了喵",1782929161,"完全失败！"
"","","","","鱼糕今天困了喵",1782929155,"并非1100r"
"","","","","鱼糕今天困了喵",1782929151,"1100个盒子"
"","","","","鱼糕今天困了喵",1782929132,"完全失败！"
"","","","","鱼糕今天困了喵",1782929126,"零蛋！"
"","","","","鱼糕今天困了喵",1782929121,"1100->0"
"","","","","鱼糕今天困了喵",1782929101,"要说城堡我就要说出我的眉笔概率了"
"","","","","鱼糕今天困了喵",1782929052,"送出⚓️*1"
"","","","","鱼糕今天困了喵",1782929017,"在本直播间开通了大航海"
"","","","","鱼糕今天困了喵",1782928966,"留吧"
"","","","","鱼糕今天困了喵",1782928961,"你看 盲盒说可以留"
"","","","","鱼糕今天困了喵",1782928952,"一定要留下来啊"
"","","","","鱼糕今天困了喵",1782928944,"不要啊"
"","","","","鱼糕今天困了喵",1782928889,"oiiiiii 签pld"
"","","","","鱼糕今天困了喵",1782928842,"贪心的来了"
"","","","","鱼糕今天困了喵",1782928833,"豆包豆包让99给我上总督"
"","","","","鱼糕今天困了喵",1782928788,"呜呜呜呜呜我错了我再也不要pld了一张都不要了我错了"
"","","","","鱼糕今天困了喵",1782928751,"要是做一只小猫就好了就不会被盲盒骗了"
"","","","","鱼糕今天困了喵",1782928733,"呜哇啊啊啊啊啊"
"","","","","鱼糕今天困了喵",1782928718,"我一直在哭"
"","","","","鱼糕今天困了喵",1782928684,"bur能赚一个吗我问了"
"","","","","鱼糕今天困了喵",1782928661,"！？亏亏？！"
"","","","","鱼糕今天困了喵",1782928654,"（？）"
"","","","","鱼糕今天困了喵",1782928648,"主包主包我更喜欢你前面那个拒绝的样子可以吗"
"","","","","鱼糕今天困了喵",1782928565,"豆包帮我把99桌上的拍立得全p成我的"
"","","","","鱼糕今天困了喵",1782928527,"豆包帮我生成一张99坐在桌前签拍立得的小视频"
"","","","","鱼糕今天困了喵",1782928474,"哦哦哦宝宝不哭喝奶奶🍼宝宝不哭喝奶奶🍼"
"","","","","鱼糕今天困了喵",1782928442,"睡着了做梦了"
"","","","","鱼糕今天困了喵",1782928406,"歌回！（）"
"","","","","鱼糕今天困了喵",1782928377,"99p怎么这么坏啊"
"","","","","鱼糕今天困了喵",1782928367,"99就这样签了一晚上拍立得不知道怎么签着签着还没签完"
"","","","","鱼糕今天困了喵",1782928292,"666取关了"
"","","","","鱼糕今天困了喵",1782928226,"原来不是 而是 吗…（低头）"
"","","","","鱼糕今天困了喵",1782928186,"我去不早说"
"","","","","鱼糕今天困了喵",1782928172,"诶对啊我没有我怕什么"
"","","","","鱼糕今天困了喵",1782928148,"现在退出直播间还来得及防牛嘛"
"","","","","鱼糕今天困了喵",1782928127,"！？牛牛？！"
"","","","","鱼糕今天困了喵",1782928055,"我们三个人把日子过好比什么都重要"
"","","","","鱼糕今天困了喵",1782928023,"还有贪心"
"","","","","鱼糕今天困了喵",1782927814,"我是百变怪"
"","","","","鱼糕今天困了喵",1782927784,"为什么复制不走 送我送我"
"","","","","鱼糕今天困了喵",1782927771,"天赋复制喵"
"","","","","鱼糕今天困了喵",1782927726,"这个我是真想要啊"
"","","","","鱼糕今天困了喵",1782927721,"万磁王技能组教学来一个"
"","","","","鱼糕今天困了喵",1782927630,"？！牛牛！？"
"","","","","鱼糕今天困了喵",1782927618,"？"
"","","","","鱼糕今天困了喵",1782927517,"哦哦哦对对对对的对的对的"
"","","","","鱼糕今天困了喵",1782927454,"欸欸欸"
"","","","","鱼糕今天困了喵",1782927412,"不行 我吃啥都得喝一口 底层代码"
"","","","","鱼糕今天困了喵",1782927371,"（）"
"","","","","鱼糕今天困了喵",1782927366,"吃馍片不喝水就太强大了点"
"","","","","鱼糕今天困了喵",1782927300,"想看思考3分钟环节"
"","","","","鱼糕今天困了喵",1782927280,"那很温柔了喵"
"","","","","鱼糕今天困了喵",1782927209,"还有人胳膊肘捅我镜片上了 气鼓鼓喵"
"","","","","鱼糕今天困了喵",1782927176,"我说漫展的手机小孩 我被十几个人肘飞了"
"","","","","鱼糕今天困了喵",1782927144,"底层代码*n"
"","","","","鱼糕今天困了喵",1782927093,"笑了"
"","","","","鱼糕今天困了喵",1782927091,"返图有我10%我也不急了"
"","","","","鱼糕今天困了喵",1782927062,"看一次急一次"
"","","","","鱼糕今天困了喵",1782927054,"比起推流问题最难受的是拍照的机位被手机小孩肘飞了[热]"
"","","","","鱼糕今天困了喵",1782926953,"歌回！"
"","","","","鱼糕今天困了喵",1782926923,"我已经很久没看见几十万播放的视频了"
"","","","","鱼糕今天困了喵",1782926875,"b站推流很神秘啊"
"","","","","鱼糕今天困了喵",1782926802,"会现场给99拍pld然后给她 不算现场（）"
"","","","","鱼糕今天困了喵",1782926775,"没有现场吧"
"","","","","鱼糕今天困了喵",1782926752,"基本上有签名没签名的都有膜"
"","","","","鱼糕今天困了喵",1782926719,"pld都套卡膜了"
"","","","","鱼糕今天困了喵",1782926687,"我何时可以有那么多pld"
"","","","","鱼糕今天困了喵",1782926677,"我去还能痛包 那很多了"
"","","","","鱼糕今天困了喵",1782926613,"怎么不算一起旅游呢（）"
"","","","","鱼糕今天困了喵",1782926598,"小卡会活在我的钱包里"
"","","","","鱼糕今天困了喵",1782926577,"软壳的透明的就便宜一点"
"","","","","鱼糕今天困了喵",1782926569,"看你是那种卡册 想要平一点硬壳的就贵一点"
"","","","","鱼糕今天困了喵",1782926500,"坏了我卡册塞满了"
"","","","","鱼糕今天困了喵",1782926435,"小心兜里哦"
"","","","","鱼糕今天困了喵",1782926425,"我会偷走的（点头）"
"","","","","鱼糕今天困了喵",1782926388,"呆呆的"
"","","","","鱼糕今天困了喵",1782926381,"忘了可以备注to这回事了"
"","","","","鱼糕今天困了喵",1782926373,"yeah"
"","","","","鱼糕今天困了喵",1782926371,"我可以现场补"
"","","","","鱼糕今天困了喵",1782926310,"如何知道的"
"","","","","鱼糕今天困了喵",1782926303,"？被发现了 这么准"
"","","","","鱼糕今天困了喵",1782926280,"前面是时差没抢到还是怎么的来着"
"","","","","鱼糕今天困了喵",1782926266,"我好像这次是第一次购入pld"
"","","","","鱼糕今天困了喵",1782926248,"歌回！歌回！歌回！"
"","","","","鱼糕今天困了喵",1782926055,"如果不能确定串了完全ok的话 还是不会开串的"
"","","","","鱼糕今天困了喵",1782925968,"闭关什么的不要啊"
"","","","","鱼糕今天困了喵",1782925931,"我是大串子"
"","","","","鱼糕今天困了喵",1782925913,"串不动笑了"
"","","","","鱼糕今天困了喵",1782920935,"嗷好的喵"
"","","","","鱼糕今天困了喵",1782920684,"自己家的ip5秒钟就被封控了"
"","","","","鱼糕今天困了喵",1782920672,"我一开被盾成啥了"
"","","","","鱼糕今天困了喵",1782920666,"有的兄弟有的"
"","","","","鱼糕今天困了喵",1782920637,"但是888好贵喵"
"","","","","鱼糕今天困了喵",1782920616,"超大秒进"
"","","","","鱼糕今天困了喵",1782920606,"今年联票和888超大好抢"
"","","","","鱼糕今天困了喵",1782920485,"900-1000"
"","","","","鱼糕今天困了喵",1782920482,"代也没拍中票"
"","","","","鱼糕今天困了喵",1782920475,"去年亏麻了买了俩邀请函进的场"
"","","","","鱼糕今天困了喵",1782916642,"花心焦糖"
"","","","","鱼糕今天困了喵",1782916586,"玩不明白所以干脆不玩了"
"","","","","鱼糕今天困了喵",1782916577,"不种 不好玩"
"","","","","鱼糕今天困了喵",1782916404,"你赢了"
"","","","","鱼糕今天困了喵",1782916400,"666还是付费盗版"
"","","","","鱼糕今天困了喵",1782916394,"真手搓场景又不如blender直接做3d了"
"","","","","鱼糕今天困了喵",1782916356,"再说大合成"
"","","","","鱼糕今天困了喵",1782916350,"我觉得你要不先把基础学了"
"","","","","鱼糕今天困了喵",1782916342,"。"
"","","","","鱼糕今天困了喵",1782916327,"先用lightroom和像素蛋糕基本上够了"
"","","","","鱼糕今天困了喵",1782916302,"你下ps干啥"
"","","","","鱼糕今天困了喵",1782916280,"steam服务器是这样的"
"","","","","鱼糕今天困了喵",1782916274,"重启 多试几次"
"","","","","鱼糕今天困了喵",1782916254,"快进到我跑路"
"","","","","鱼糕今天困了喵",1782916245,"与其指望我不如指望别人"
"","","","","鱼糕今天困了喵",1782916111,"是人类啊"
"","","","","鱼糕今天困了喵",1782916098,"还有克隆"
"","","","","鱼糕今天困了喵",1782916095,"？"
"","","","","鱼糕今天困了喵",1782916049,"很难推了"
"","","","","鱼糕今天困了喵",1782916045,"而且流量跟舰长和榜单又挂钩"
"","","","","鱼糕今天困了喵",1782916006,"进房量都低"
"","","","","鱼糕今天困了喵",1782915999,"最近流量确实一般"
"","","","","鱼糕今天困了喵",1782915967,"那没招了"
"","","","","鱼糕今天困了喵",1782915954,"行吧"
"","","","","鱼糕今天困了喵",1782915951,"[热]"
"","","","","鱼糕今天困了喵",1782915922,"我看她说了"
"","","","","鱼糕今天困了喵",1782915918,"所以布丁干啥去了"
"","","","","鱼糕今天困了喵",1782915906,"我爽偷三个"
"","","","","鱼糕今天困了喵",1782915899,"看笑了"
"","","","","鱼糕今天困了喵",1782915895,"救人封墙留了个缝"
"","","","","鱼糕今天困了喵",1782915791,"看你表现喵"
"","","","","鱼糕今天困了喵",1782915771,"转眼一看 我四个队友呢"
"","","","","鱼糕今天困了喵",1782915748,"bur我怎么知道我还没摸到你们全眯了呢（）"
"","","","","鱼糕今天困了喵",1782915687,"你看看别的主播都是带舰长上神话的"
"","","","","鱼糕今天困了喵",1782915630,"马上给你拉黑喵"
"","","","","鱼糕今天困了喵",1782915591,"退钱！"
"","","","","鱼糕今天困了喵",1782915572,"我要去你家真实你了"
"","","","","鱼糕今天困了喵",1782915560,"？"
"","","","","鱼糕今天困了喵",1782915552,"[UPOWER_3546918179310343_哈气]"
"","","","","鱼糕今天困了喵",1782914723,"美女你谁"
"","","","","乳酪今天饿了汪",1782914607,"晚安汪"
"","","","","乳酪今天饿了汪",1782914602,"手机还给鱼糕咯 走了汪"
"","","","","乳酪今天饿了汪",1782914352,"难道说？"
"","","","","乳酪今天饿了汪",1782914220,"胡闹直播间"
"","","","","乳酪今天饿了汪",1782914212,"账号登给乳酪"
"","","","","乳酪今天饿了汪",1782914204,"可以"
"","","","","乳酪今天饿了汪",1782914189,"乳酪蹲我家"
"","","","","乳酪今天饿了汪",1782913840,"老壳你怎么似了"
"","","","","乳酪今天饿了汪",1782913699,"那你弟比你小不少啊"
"","","","","乳酪今天饿了汪",1782913620,"我是自由人"
"","","","","乳酪今天饿了汪",1782913613,"我不coop"
"","","","","乳酪今天饿了汪",1782913552,"依旧神奇暑假4/6-9/9"
"","","","","乳酪今天饿了汪",1782913520,"对的 我暑假"
"","","","","乳酪今天饿了汪",1782913504,"小刻来了"
"","","","","乳酪今天饿了汪",1782913439,"国内无时差oi"
"","","","","乳酪今天饿了汪",1782913409,"不影响"
"","","","","乳酪今天饿了汪",1782913404,"可以说的"
"","","","","乳酪今天饿了汪",1782913367,"不熬夜 明天飞机"
"","","","","乳酪今天饿了汪",1782913351,"骂了吗 我看挺正确的（"
"","","","","乳酪今天饿了汪",1782913324,"再不让我玩我咬人了"
"","","","","乳酪今天饿了汪",1782913318,"好急 我要玩节奏天国"
"","","","","乳酪今天饿了汪",1782913073,"很中"
"","","","","乳酪今天饿了汪",1782912994,"要模拟自己私下玩汪"
"","","","","乳酪今天饿了汪",1782912978,"模拟器不要公开汪"
"","","","","乳酪今天饿了汪",1782912929,"涂击队组队111"
"","","","","乳酪今天饿了汪",1782912900,"这回树枝人森宝森都有了"
"","","","","乳酪今天饿了汪",1782912872,"我数字版 在等解禁激活"
"","","","","乳酪今天饿了汪",1782912846,"苦的 pur"
"","","","","乳酪今天饿了汪",1782912821,"节奏天国没解禁呢 还有俩小时"
"","","","","乳酪今天饿了汪",1782912807,"卡被我吃了"
"","","","","乳酪今天饿了汪",1782912788,"几周前有过（"
"","","","","乳酪今天饿了汪",1782912761,"并非第一次"
"","","","","乳酪今天饿了汪",1782912705,"300+990特效"
"","","","","乳酪今天饿了汪",1782912638,"我身上长相机了不能cos"
"","","","","乳酪今天饿了汪",1782912602,"去年鱼糕变成鱼豆腐了"
"","","","","乳酪今天饿了汪",1782912495,"oi美女加个vx吗"
"","","","","乳酪今天饿了汪",1782912466,"调不好说明体质不好汪"
"","","","","乳酪今天饿了汪",1782912441,"没有教程 参数自己调"
"","","","","乳酪今天饿了汪",1782912386,"不对不对不对"
"","","","","乳酪今天饿了汪",1782912376,"不对 好像要被打了"
"","","","","乳酪今天饿了汪",1782912331,"如何形容诺？萌孩子喵"
"","","","","乳酪今天饿了汪",1782912282,"鱼糕其实没这么说 乳酪替他说了"
"","","","","乳酪今天饿了汪",1782912271,"能变成克隆诺的话他什么都会做的 鱼糕如是说"
"","","","","乳酪今天饿了汪",1782912238,"害怕汪"
"","","","","乳酪今天饿了汪",1782912225,"你要干什么"
"","","","","乳酪今天饿了汪",1782912157,"那很好看了"
"","","","","乳酪今天饿了汪",1782912152,"不行了我又想起来有人问我诺照片是不是我女装"
"","","","","乳酪今天饿了汪",1782912127,"怎么没有雨诺cos教学"
"","","","","乳酪今天饿了汪",1782912094,"没事 你尽管指使就行了 总是能挤出时间的"
"","","","","乳酪今天饿了汪",1782912048,"他显得很别让他一天到晚打游戏"
"","","","","乳酪今天饿了汪",1782912039,"你指使鱼糕去"
"","","","","乳酪今天饿了汪",1782912014,"我切片呢"
"","","","","乳酪今天饿了汪",1782911903,"我让鱼糕给你切片哦"
"","","","","乳酪今天饿了汪",1782911892,"何表情"
"","","","","乳酪今天饿了汪",1782911844,"sxxy也是对的"
"","","","","乳酪今天饿了汪",1782911734,"我觉得还是冰镇可乐"
"","","","","乳酪今天饿了汪",1782911620,"乳酪想看这样的"
"","","","","乳酪今天饿了汪",1782911613,"喜欢圆圆的"
"","","","","乳酪今天饿了汪",1782911610,"圆圆的"
"","","","","乳酪今天饿了汪",1782911577,"oi"
"","","","","乳酪今天饿了汪",1782911574,"oooooooi"
"","","","","乳酪今天饿了汪",1782911551,"在干什么（）"
"","","","","乳酪今天饿了汪",1782911491,"3"
"","","","","乳酪今天饿了汪",1782911374,"老板糊涂汪"
"","","","","乳酪今天饿了汪",1782911257,"最近更新了百变怪"
"","","","","乳酪今天饿了汪",1782911251,"原石美化包检查一下有没有到最新版本"
"","","","","乳酪今天饿了汪",1782911185,"哈哈哈哈哈哈哈哈对咯"
"","","","","乳酪今天饿了汪",1782911065,"汪汪汪最最最可爱小狗乳酪登场"
"","","","","乳酪今天饿了汪",1782911037,"哈哈哈哈哈哈哈"
"","","","","乳酪今天饿了汪",1782910897,"鱼糕也变成北方人了吗 鱼糕这么问了"
"","","","","乳酪今天饿了汪",1782910878,"未免太南边了一点 鱼糕如是说"
"","","","","乳酪今天饿了汪",1782910837,"咬你哦lmj"
"","","","","乳酪今天饿了汪",1782910747,"下次再不喂不要你了"
"","","","","乳酪今天饿了汪",1782910736,"主人为什么都不投喂我了 小狗要收吃饭税的"
"","","","","乳酪今天饿了汪",1782910604,"让鱼糕捏两下能减"
"","","","","乳酪今天饿了汪",1782910560,"AAA私我看三角诺肚"
"","","","","乳酪今天饿了汪",1782910292,"为什么奖励他"
"","","","","乳酪今天饿了汪",1782910256,"风纪委员来了汪"
"","","","","乳酪今天饿了汪",1782910248,"已举办汪"
"","","","","乳酪今天饿了汪",1782910119,"封号60秒汪"
"","","","","乳酪今天饿了汪",1782910007,"（这条删掉）"
"","","","","乳酪今天饿了汪",1782910000,"千万别告诉他汪"
"","","","","乳酪今天饿了汪",1782909994,"嘘 我下次偷拿他的手机上提汪"
"","","","","乳酪今天饿了汪",1782909948,"还是看诺鱼糕就好了汪"
"","","","","乳酪今天饿了汪",1782909941,"鱼糕说黑鱼糕太多了汪 如同100面骰子汪"
"","","","","乳酪今天饿了汪",1782909925,"我问问他哦"
"","","","","乳酪今天饿了汪",1782909843,"明天才能看见他汪"
"","","","","乳酪今天饿了汪",1782909837,"鱼糕还在后面被捆着呢"
"","","","","乳酪今天饿了汪",1782909737,"想必是那个女人吧黑美雪"
"","","","","乳酪今天饿了汪",1782909578,"鱼糕说他没表情看着就很凶汪"
"","","","","乳酪今天饿了汪",1782909537,"我去这么好 还有直播睡觉"
"","","","","乳酪今天饿了汪",1782909432,"[doge2]"
"","","","","乳酪今天饿了汪",1782909427,"我的 和鱼糕的"
"","","","","乳酪今天饿了汪",1782909401,"喝水汪"
"","","","","乳酪今天饿了汪",1782909355,"草"
"","","","","乳酪今天饿了汪",1782908687,"草"
"","","","","乳酪今天饿了汪",1782908637,"明天应该就看不到我了汪"
"","","","","乳酪今天饿了汪",1782908631,"鱼糕好像有点气鼓鼓的 说今天晚上再不还他手机就给我饿着"
"","","","","乳酪今天饿了汪",1782908562,"不知道怎么这么呆的"
"","","","","乳酪今天饿了汪",1782908551,"呆鱼糕笨笨的"
"","","","","乳酪今天饿了汪",1782908543,"小狗不知道汪 得问鱼糕汪 不过鱼糕好像是一个人汪 问他也没用汪"
"","","","","乳酪今天饿了汪",1782908436,"鱼糕说亲自来赎 要不然乳酪就要被他留在家里了"
"","","","","乳酪今天饿了汪",1782908408,"不要"
"","","","","乳酪今天饿了汪",1782908200,"笑死我了"
"","","","","乳酪今天饿了汪",1782908128,"w...wydd！"
"","","","","乳酪今天饿了汪",1782908071,"不糊汪"
"","","","","乳酪今天饿了汪",1782907886,"好早的snp"
"","","","","鱼糕今天困了喵",1782890082,"跑了喵 玩游戏去了"
"","","","","鱼糕今天困了喵",1782889964,"那很棒了"
"","","","","鱼糕今天困了喵",1782889957,"原来还有这种玩法"
"","","","","鱼糕今天困了喵",1782889854,"v也有很多（点头）"
"","","","","鱼糕今天困了喵",1782889782,"那你有吗主包"
"","","","","鱼糕今天困了喵",1782889750,"感觉是变态有感觉吗"
"","","","","鱼糕今天困了喵",1782889743,"感觉是视奸粉有感觉吗"
"","","","","鱼糕今天困了喵",1782889618,"我有几百个"
"","","","","鱼糕今天困了喵",1782889609,"666那我也有"
"","","","","鱼糕今天困了喵",1782889358,"笑了 你看我这100多个牌子满足条件吗"
"","","","","鱼糕今天困了喵",1782889273,"问豆包吗"
"","","","","鱼糕今天困了喵",1782889042,"嘿嘿（）"
"","","","","鱼糕今天困了喵",1782889024,"行"
"","","","","鱼糕今天困了喵",1782889016,"晚上12点是吧"
"","","","","鱼糕今天困了喵",1782889007,"嗷 好说"
"","","","","鱼糕今天困了喵",1782888984,"能吧 干啥"
"","","","","鱼糕今天困了喵",1782888964,"晚上出门买东西+办事"
"","","","","鱼糕今天困了喵",1782888828,"那动作很快了"
"","","","","鱼糕今天困了喵",1782888675,"没那么早"
"","","","","鱼糕今天困了喵",1782888656,"其实也能回去 但是没班上 没必要"
"","","","","鱼糕今天困了喵",1782888622,"没 还有两个月"
"","","","","鱼糕今天困了喵",1782888592,"oi"
"","","","","鱼糕今天困了喵",1782860810,"对的喵"
"","","","","鱼糕今天困了喵",1782860698,"大部分时间在"
"","","","","鱼糕今天困了喵",1782860652,"专业对口"
"","","","","鱼糕今天困了喵",1782860649,"没 就拍照去的"
"","","","","鱼糕今天困了喵",1782860597,"就爱当工具人"
"","","","","鱼糕今天困了喵",1782860589,"然后顺带漫展当工具人"
"","","","","鱼糕今天困了喵",1782860554,"其实是我之前画的饼"
"","","","","鱼糕今天困了喵",1782860537,"没"
"","","","","鱼糕今天困了喵",1782860487,"能的"
"","","","","鱼糕今天困了喵",1782859945,"是吧 感觉是"
"","","","","鱼糕今天困了喵",1782859762,"睡醒一半"
"","","","","鱼糕今天困了喵",1782836943,"头昏了实名了"
"","","","","鱼糕今天困了喵",1782836938,"没这么短 600天之前是wcn不能充"
"","","","","鱼糕今天困了喵",1782836878,"就 亏到这种程度 很难记不得啊（）"
"","","","","鱼糕今天困了喵",1782836856,"自己数的"
"","","","","鱼糕今天困了喵",1782836848,"不是 都是真人"
"","","","","鱼糕今天困了喵",1782836765,"分四五次的"
"","","","","鱼糕今天困了喵",1782836720,"很难有人比我倒霉"
"","","","","鱼糕今天困了喵",1782836713,"1100盒0个"
"","","","","鱼糕今天困了喵",1782836705,"0"
"","","","","鱼糕今天困了喵",1782828494,"晚安喵"
"","","","","鱼糕今天困了喵",1782828463,"那很好了"
"","","","","鱼糕今天困了喵",1782828457,"温柔诺电台吗"
"","","","","鱼糕今天困了喵",1782828006,"？666"
"","","","","鱼糕今天困了喵",1782827952,"三条"
"","","","","鱼糕今天困了喵",1782826944,"忍得住不扔的是这个👍"
"","","","","鱼糕今天困了喵",1782826793,"一种鱼"
"","","","","鱼糕今天困了喵",1782826725,"刀鱼"
"","","","","鱼糕今天困了喵",1782826685,"其实是第一眼看着很像"
"","","","","鱼糕今天困了喵",1782826666,"没有"
"","","","","鱼糕今天困了喵",1782826620,"滑滑梯"
"","","","","鱼糕今天困了喵",1782826610,"滑梯"
"","","","","鱼糕今天困了喵",1782826558,"但是你别问"
"","","","","鱼糕今天困了喵",1782826553,"很诡异的人体"
"","","","","鱼糕今天困了喵",1782826506,"还有第二关"
"","","","","鱼糕今天困了喵",1782826498,"撸猫"
"","","","","鱼糕今天困了喵",1782826410,"口水鸡"
"","","","","鱼糕今天困了喵",1782826258,"抱枕"
"","","","","鱼糕今天困了喵",1782826254,"雨诺"
"","","","","鱼糕今天困了喵",1782826172,"白灼菜心"
"","","","","鱼糕今天困了喵",1782826069,"地图"
"","","","","鱼糕今天困了喵",1782826004,"00"
"","","","","鱼糕今天困了喵",1782825409,"会的喵 严肃带相机了喵"
"","","","","鱼糕今天困了喵",1782825266,"公园里面"
"","","","","鱼糕今天困了喵",1782825260,"我被5只猫围过 不摸不走"
"","","","","鱼糕今天困了喵",1782825149,"哈哈哈哈哈哈哈哈哈对的对的对的"
"","","","","鱼糕今天困了喵",1782825107,"会的"
"","","","","鱼糕今天困了喵",1782824575,"还有原神"
"","","","","鱼糕今天困了喵",1782824112,"老师学学我来个橙色的牌子"
"","","","","鱼糕今天困了喵",1782824067,"老师上个舰长看看实力"
"","","","","鱼糕今天困了喵",1782824010,"老师报上名来"
"","","","","鱼糕今天困了喵",1782823984,"好耶！"
"","","","","鱼糕今天困了喵",1782823974,"她是谁[dog]"
"","","","","鱼糕今天困了喵",1782823844,"有提示的串"
"","","","","鱼糕今天困了喵",1782823808,"我也是串子"
"","","","","鱼糕今天困了喵",1782823751,"串子好似喵"
"","","","","鱼糕今天困了喵",1782823705,"我不行了"
"","","","","鱼糕今天困了喵",1782823702,"第一次看见谢谢参与"
"","","","","鱼糕今天困了喵",1782823696,"[热]"
"","","","","鱼糕今天困了喵",1782823613,"日直好像一天"
"","","","","鱼糕今天困了喵",1782823606,"最近港直卡成啥了"
"","","","","鱼糕今天困了喵",1782823556,"嘿嘿我节奏天国发货了 预下载咯"
"","","","","鱼糕今天困了喵",1782823486,"还有新视频 fawo"
"","","","","鱼糕今天困了喵",1782823233,"晚上101.0000%"
"","","","","鱼糕今天困了喵",1782823216,"0.5 赖床跳过早饭喵"
"","","","","鱼糕今天困了喵",1782822601,"全出一遍"
"","","","","鱼糕今天困了喵",1782822366,"喜欢巨大的虾有人懂吗"
"","","","","鱼糕今天困了喵",1782822353,"虾也是对的"
"","","","","鱼糕今天困了喵",1782822347,"牛排是对的"
"","","","","鱼糕今天困了喵",1782822225,"小刻永不ooc之人"
"","","","","鱼糕今天困了喵",1782822185,"马上她反应不过来就是因为脑袋尖尖的喵"
"","","","","鱼糕今天困了喵",1782822167,"阿诺来了"
"","","","","鱼糕今天困了喵",1782821910,"已经很收敛了 要不然就是修改器二维码发来（）"
"","","","","鱼糕今天困了喵",1782821814,"喜欢三角小肚"
"","","","","鱼糕今天困了喵",1782821808,"诺的小肚很乖"
"","","","","鱼糕今天困了喵",1782821457,"还有神同步"
"","","","","鱼糕今天困了喵",1782821430,"想要"
"","","","","鱼糕今天困了喵",1782821425,"诺 举牌 两张"
"","","","","鱼糕今天困了喵",1782821163,"怎么这么可爱"
"","","","","鱼糕今天困了喵",1782821155,"美女你谁！"
"","","","","鱼糕今天困了喵",1782752683,"好熟悉的歌 什么名字"
"","","","","鱼糕今天困了喵",1782752570,"对喵"
"","","","","鱼糕今天困了喵",1782750578,"主播我的头怎么晕晕的"
"","","","","鱼糕今天困了喵",1782750498,"主播的带飞呢"
"","","","","鱼糕今天困了喵",1782750493,"退钱喵"
"","","","","鱼糕今天困了喵",1782750484,"？"
"","","","","鱼糕今天困了喵",1782748495,"焦糖不是说带我飞带我赢的吗"
"","","","","鱼糕今天困了喵",1782748472,"RDL878"
"","","","","鱼糕今天困了喵",1782741091,"老板们加油啊"
"","","","","鱼糕今天困了喵",1782741051,"这样吗 那找陪玩了喵"
"","","","","鱼糕今天困了喵",1782741020,"？666"
"","","","","鱼糕今天困了喵",1782740244,"前面到底有没有-1 -2号呢"
"","","","","鱼糕今天困了喵",1782740232,"那焦糖就是000号了"
"","","","","鱼糕今天困了喵",1782740168,"可以 001号"
"","","","","鱼糕今天困了喵",1782740104,"提前10年吧"
"","","","","鱼糕今天困了喵",1782740099,"没那么短"
"","","","","鱼糕今天困了喵",1782740069,"不排除亲密度高的会插队"
"","","","","鱼糕今天困了喵",1782740062,"你要取号吗"
"","","","","鱼糕今天困了喵",1782740022,"我要来的话你起码等我俩小时"
"","","","","鱼糕今天困了喵",1782739957,"我都没买呢（）"
"","","","","鱼糕今天困了喵",1782739952,"哦29 还真是今天"
"","","","","鱼糕今天困了喵",1782739943,"今天多少号"
"","","","","鱼糕今天困了喵",1782739870,"对 我在焦糖门外"
"","","","","鱼糕今天困了喵",1782667249,"平时就睡得晚 正常"
"","","","","鱼糕今天困了喵",1782667199,"快眯了 黑听喵"
"","","","","鱼糕今天困了喵",1782659644,"我可以负责举相机"
"","","","","鱼糕今天困了喵",1782659312,"今天晚上好像挺赚的"
"","","","","鱼糕今天困了喵",1782659093,"awwwwwwwwww"
"","","","","鱼糕今天困了喵",1782658988,"马上主播眼睛闭一下三分钟过去了"
"","","","","鱼糕今天困了喵",1782658969,"复刻什么 直播睡觉吗"
"","","","","鱼糕今天困了喵",1782658895,"我干了会儿别的来的"
"","","","","鱼糕今天困了喵",1782658885,"10点多下的"
"","","","","鱼糕今天困了喵",1782655603,"oyashumi"
"","","","","鱼糕今天困了喵",1782655583,"相信我（"
"","","","","鱼糕今天困了喵",1782655577,"去live吧 每场都有这个"
"","","","","鱼糕今天困了喵",1782655566,"あいつら全員同窓会"
"","","","","鱼糕今天困了喵",1782655455,"晚安喵"
"","","","","鱼糕今天困了喵",1782655287,"你点"
"","","","","鱼糕今天困了喵",1782654701,"那明天没有诺我看谁"
"","","","","鱼糕今天困了喵",1782654330,"这是被电了吗"
"","","","","鱼糕今天困了喵",1782654247,"脸好软（"
"","","","","鱼糕今天困了喵",1782653740,"谁家小孩（"
"","","","","鱼糕今天困了喵",1782653708,"一个月看不着给你两拳喵（"
"","","","","鱼糕今天困了喵",1782653691,"好"
"","","","","鱼糕今天困了喵",1782653676,"你切我切"
"","","","","鱼糕今天困了喵",1782653658,"fawo"
"","","","","鱼糕今天困了喵",1782653619,"我去这么乖"
"","","","","鱼糕今天困了喵",1782653592,"你放什么都会看得"
"","","","","鱼糕今天困了喵",1782653568,"看"
"","","","","鱼糕今天困了喵",1782653374,"因为我会全看的"
"","","","","鱼糕今天困了喵",1782653370,"建议发我"
"","","","","鱼糕今天困了喵",1782653229,"草"
"","","","","鱼糕今天困了喵",1782653081,"好多投稿（"
"","","","","鱼糕今天困了喵",1782653073,"怎么还有投稿"
"","","","","鱼糕今天困了喵",1782652358,"喝水喝水"
"","","","","鱼糕今天困了喵",1782652264,"幽灵试试（"
"","","","","鱼糕今天困了喵",1782652258,"搜索直达喵"
"","","","","鱼糕今天困了喵",1782652249,"记不得名字可以记一下1542225喵"
"","","","","鱼糕今天困了喵",1782652238,"哦哦哦噢噢噢噢这么强"
"","","","","鱼糕今天困了喵",1782652209,"她好单纯"
"","","","","鱼糕今天困了喵",1782652164,"其实是骗你刷盲盒的"
"","","","","鱼糕今天困了喵",1782652111,"啊对了对了对了对了"
"","","","","鱼糕今天困了喵",1782652037,"？"
"","","","","鱼糕今天困了喵",1782651831,"？"
"","","","","鱼糕今天困了喵",1782651757,"切片吗"
"","","","","鱼糕今天困了喵",1782651754,"（"
"","","","","鱼糕今天困了喵",1782651752,"你要干什么"
"","","","","鱼糕今天困了喵",1782651710,"鸡屁股确实好吃"
"","","","","鱼糕今天困了喵",1782651694,"我负责等你吃饭偷拍"
"","","","","鱼糕今天困了喵",1782651684,"那都给你"
"","","","","鱼糕今天困了喵",1782651661,"那很好了 我可以拼单翅根"
"","","","","鱼糕今天困了喵",1782651635,"鸡腿好吃"
"","","","","鱼糕今天困了喵",1782651426,"盒不扩散喵"
"","","","","鱼糕今天困了喵",1782651335,"不要盒我口牙"
"","","","","鱼糕今天困了喵",1782651324,"叫我全名吗 那很有压迫感了"
"","","","","鱼糕今天困了喵",1782651294,"我吃了芋泥冰豆花"
"","","","","鱼糕今天困了喵",1782651204,"刷怪自己打"
"","","","","鱼糕今天困了喵",1782651040,"很有效果啊"
"","","","","鱼糕今天困了喵",1782651034,"200"
"","","","","鱼糕今天困了喵",1782650940,"众筹必火（"
"","","","","鱼糕今天困了喵",1782650805,"大师球"
"","","","","鱼糕今天困了喵",1782650802,"我去宝可梦要抓雨诺了"
"","","","","鱼糕今天困了喵",1782650728,"孩子们你们是我买来的"
"","","","","鱼糕今天困了喵",1782650721,"原来只要6000吗那我多来点（"
"","","","","鱼糕今天困了喵",1782650637,"还有涨的空间"
"","","","","鱼糕今天困了喵",1782650634,"只用了10/20"
"","","","","鱼糕今天困了喵",1782650626,"7257了"
"","","","","鱼糕今天困了喵",1782650554,"主播的田山小姐快1w播放了 这回可以留下了（好耶"
"","","","","鱼糕今天困了喵",1782650216,"哈气了"
"","","","","鱼糕今天困了喵",1782650025,"左边"
"","","","","鱼糕今天困了喵",1782649982,"我一开始以为幽灵跟我差不多大"
"","","","","鱼糕今天困了喵",1782649888,"领红包也不积极吗（"
"","","","","鱼糕今天困了喵",1782649883,"怎么还有51未被领取"
"","","","","鱼糕今天困了喵",1782649810,"我还有古早仅自己可见朋友圈"
"","","","","鱼糕今天困了喵",1782649796,"有的"
"","","","","鱼糕今天困了喵",1782649660,"还有新id"
"","","","","鱼糕今天困了喵",1782649625,"好的萌孩子"
"","","","","鱼糕今天困了喵",1782649564,"就是开了领电池"
"","","","","鱼糕今天困了喵",1782649538,"新功能吗"
"","","","","鱼糕今天困了喵",1782649530,"还有电池红包"
"","","","","鱼糕今天困了喵",1782649435,"想起来了"
"","","","","鱼糕今天困了喵",1782649432,"笑死了"
"","","","","鱼糕今天困了喵",1782649430,"哦不对还有一个萌孩子（"
"","","","","鱼糕今天困了喵",1782649303,"嘿嘿嘿小男孩嘿嘿嘿小男孩嘿嘿嘿哦哦哦别电我噢噢噢噢哦哦哦"
"","","","","鱼糕今天困了喵",1782649198,"记得喵"
"","","","","鱼糕今天困了喵",1782649193,"2024-07"
"","","","","鱼糕今天困了喵",1782649172,"也是wcn（）"
"","","","","鱼糕今天困了喵",1782649155,"我2020-06看的狐（）"
"","","","","鱼糕今天困了喵",1782649001,"我不行了怎么还有这个"
"","","","","鱼糕今天困了喵",1782648867,"fawo"
"","","","","鱼糕今天困了喵",1782648777,"右上角那个可爱妹妹是谁 加个qq"
"","","","","鱼糕今天困了喵",1782648762,"都不认识了喵"
"","","","","鱼糕今天困了喵",1782648720,"美女你谁"
"","","","","鱼糕今天困了喵",1782583046,"有个坏人今天晚上喊我两回还是三回叔叔（点头）"
"","","","","鱼糕今天困了喵",1782582987,"睡觉去了喵"
"","","","","鱼糕今天困了喵",1782582929,"10-12"
"","","","","鱼糕今天困了喵",1782582841,"[dog]"
"","","","","鱼糕今天困了喵",1782582833,"她还问我想问什么"
"","","","","鱼糕今天困了喵",1782582825,"别的妹妹怎么这么乖啊"
"","","","","鱼糕今天困了喵",1782582759,"记仇喵"
"","","","","鱼糕今天困了喵",1782582751,"再叫叔叔还打喵"
"","","","","鱼糕今天困了喵",1782582739,"焦糖怎么这么坏啊"
"","","","","鱼糕今天困了喵",1782582681,"走了喵"
"","","","","鱼糕今天困了喵",1782582613,"你问吧"
"","","","","鱼糕今天困了喵",1782582578,"记仇喵"
"","","","","鱼糕今天困了喵",1782582366,"下次再说"
"","","","","鱼糕今天困了喵",1782582352,"不急"
"","","","","鱼糕今天困了喵",1782582237,"你怎么知道我天天休"
"","","","","鱼糕今天困了喵",1782581925,"？鱼糕什么？"
"","","","","鱼糕今天困了喵",1782581836,"到底谁怕谁啊"
"","","","","鱼糕今天困了喵",1782581822,"如果真欠了 他要似了没人平账了"
"","","","","鱼糕今天困了喵",1782581794,"那他才是大爷啊"
"","","","","鱼糕今天困了喵",1782581709,"会给的 可能周一周二就联系你了"
"","","","","鱼糕今天困了喵",1782581677,"因为他要上班了才能派人数钱箱查账"
"","","","","鱼糕今天困了喵",1782581609,"我的成分在主页一清二楚我的评价是"
"","","","","鱼糕今天困了喵",1782581578,"（）"
"","","","","鱼糕今天困了喵",1782581574,"别的妹妹就不pk"
"","","","","鱼糕今天困了喵",1782581562,"pk太难了喵"
"","","","","鱼糕今天困了喵",1782581543,"后面去喷了"
"","","","","鱼糕今天困了喵",1782581535,"我瓦最高钻过一个赛季"
"","","","","鱼糕今天困了喵",1782581471,"我来了你还得是最菜的"
"","","","","鱼糕今天困了喵",1782581435,"都来斯普拉遁[dog]"
"","","","","鱼糕今天困了喵",1782581405,"洲太复杂了 还是go好"
"","","","","鱼糕今天困了喵",1782581305,"wlf和wm差挺大"
"","","","","鱼糕今天困了喵",1782581272,"wlf不熟"
"","","","","鱼糕今天困了喵",1782581215,"啤酒烧烤"
"","","","","鱼糕今天困了喵",1782581212,"舞萌dx"
"","","","","鱼糕今天困了喵",1782581185,"音游人的手不痛喵"
"","","","","鱼糕今天困了喵",1782581168,"？？？有点猎奇了"
"","","","","鱼糕今天困了喵",1782581159,"？"
"","","","","鱼糕今天困了喵",1782581141,"llk吗 那焦糖年纪太大了"
"","","","","鱼糕今天困了喵",1782581009,"我3个"
"","","","","鱼糕今天困了喵",1782580997,"为了隐私保护隐去第一位"
"","","","","鱼糕今天困了喵",1782580966,"9.9兜售焦糖电话地址"
"","","","","鱼糕今天困了喵",1782580669,"不加"
"","","","","鱼糕今天困了喵",1782580612,"我可以代抢三开"
"","","","","鱼糕今天困了喵",1782580591,"你要去吗"
"","","","","鱼糕今天困了喵",1782580579,"我去原来是辣油不早说"
"","","","","鱼糕今天困了喵",1782580566,"你在我的饺子里加了什么 怎么吃完了热热的"
"","","","","鱼糕今天困了喵",1782580548,"全对喵"
"","","","","鱼糕今天困了喵",1782580505,"考考你 不看私信 什么时候关注你的"
"","","","","鱼糕今天困了喵",1782580445,"请看"
"","","","","鱼糕今天困了喵",1782580411,"我看看有没有三分熟照片"
"","","","","鱼糕今天困了喵",1782580362,"奖励你三分熟肋排 怎么不算熟的呢"
"","","","","鱼糕今天困了喵",1782580324,"爽"
"","","","","鱼糕今天困了喵",1782580318,"现开"
"","","","","鱼糕今天困了喵",1782580263,"看吧"
"","","","","鱼糕今天困了喵",1782580231,"我发你"
"","","","","鱼糕今天困了喵",1782580229,"不饿 你看我今天吃的啥"
"","","","","鱼糕今天困了喵",1782580221,"差点给你秒下了"
"","","","","鱼糕今天困了喵",1782580115,"晚安喵"
"","","","","鱼糕今天困了喵",1782580110,"喵呜"
"","","","","鱼糕今天困了喵",1782580058,"很安静"
"","","","","鱼糕今天困了喵",1782579900,"我都准备睡觉了"
"","","","","鱼糕今天困了喵",1782579893,"有的"
"","","","","鱼糕今天困了喵",1782579880,"那很能憋了"
"","","","","鱼糕今天困了喵",1782579788,"躺着播眯眼想事情太容易眯了（）"
"","","","","鱼糕今天困了喵",1782579644,"12:58～"
"","","","","鱼糕今天困了喵",1782579611,"3分钟"
"","","","","鱼糕今天困了喵",1782579594,"睡吧（）"
"","","","","鱼糕今天困了喵",1782579508,"这么强"
"","","","","鱼糕今天困了喵",1782579481,"秒睡大人"
"","","","","鱼糕今天困了喵",1782579470,"睡着了（）"
"","","","","鱼糕今天困了喵",1782579394,"给我电晕了⚡️"
"","","","","鱼糕今天困了喵",1782579351,"原来不是我卡吗"
"","","","","鱼糕今天困了喵",1782579216,"有的时候起不来听不见（低头）"
"","","","","鱼糕今天困了喵",1782579190,"对的喜欢早安电台"
"","","","","鱼糕今天困了喵",1782579111,"都乖"
"","","","","鱼糕今天困了喵",1782578994,"睡着了"
"","","","","鱼糕今天困了喵",1782578971,"播到中午12点 很整齐"
"","","","","鱼糕今天困了喵",1782578955,"凑整凑整凑整（）"
"","","","","鱼糕今天困了喵",1782578939,"99电台是对的"
"","","","","鱼糕今天困了喵",1782578909,"草"
"","","","","鱼糕今天困了喵",1782578791,"就是拍了给你的（）"
"","","","","鱼糕今天困了喵",1782578749,"我将当场拍照修图制作拍立得"
"","","","","鱼糕今天困了喵",1782578737,"好耶好耶"
"","","","","鱼糕今天困了喵",1782578697,"bw有吗（）"
"","","","","鱼糕今天困了喵",1782578668,"～7/24"
"","","","","鱼糕今天困了喵",1782578611,"嘘 别告诉他"
"","","","","鱼糕今天困了喵",1782578605,"黑鱼糕是偷偷上的号"
"","","","","鱼糕今天困了喵",1782578593,"点击id查询白鱼糕"
"","","","","鱼糕今天困了喵",1782578548,"我是黑鱼糕"
"","","","","鱼糕今天困了喵",1782578532,"可以的可以的姓名电话sfz地址我保证不上门喵"
"","","","","鱼糕今天困了喵",1782578469,"帮同学也肘了"
"","","","","鱼糕今天困了喵",1782578453,"其实是5张（）"
"","","","","鱼糕今天困了喵",1782578399,"你怎么知道我bw抢到了3天的票"
"","","","","鱼糕今天困了喵",1782578367,"萤火虫很好买的"
"","","","","鱼糕今天困了喵",1782578356,"不够吃"
"","","","","鱼糕今天困了喵",1782578353,"太少了喵"
"","","","","鱼糕今天困了喵",1782578223,"感谢开源（）"
"","","","","鱼糕今天困了喵",1782578216,"抽我抽我"
"","","","","鱼糕今天困了喵",1782578207,"坏了让99学到新东西了"
"","","","","鱼糕今天困了喵",1782578180,"抽一套衣服谁收到谁拍照"
"","","","","鱼糕今天困了喵",1782578151,"要是抽中了我就拍了"
"","","","","鱼糕今天困了喵",1782578131,"诺之前天选抽过女仆装（好像是女仆装吧）"
"","","","","鱼糕今天困了喵",1782578081,"要不然真能有"
"","","","","鱼糕今天困了喵",1782578076,"哎 那次女仆装抽奖没抽中"
"","","","","鱼糕今天困了喵",1782578037,"我是钦点诺球球女仆大总管 我要举办"
"","","","","鱼糕今天困了喵",1782577907,"点头 摇头 点头 摇头"
"","","","","鱼糕今天困了喵",1782577873,"好感度up"
"","","","","鱼糕今天困了喵",1782577779,"/查询好感度"
"","","","","鱼糕今天困了喵",1782577766,"去舟一下"
"","","","","鱼糕今天困了喵",1782577715,"嗷呜"
"","","","","鱼糕今天困了喵",1782577692,"真情实感写得话就算写的不好也能看出来的"
"","","","","鱼糕今天困了喵",1782577616,"难点在于选图选半天对吗"
"","","","","鱼糕今天困了喵",1782577511,"豆包豆包帮我生成9981被鱼糕抓住猛拍场照100张的做梦小文章"
"","","","","鱼糕今天困了喵",1782577300,"豆包豆包帮我生成雨诺akari霸道总裁给诺球球送正片做梦小文章"
"","","","","鱼糕今天困了喵",1782577134,"哪里有同人文"
"","","","","鱼糕今天困了喵",1782576856,"我去那握手岂不是缠在一起"
"","","","","鱼糕今天困了喵",1782576814,"还有触手"
"","","","","鱼糕今天困了喵",1782576786,"8"
"","","","","鱼糕今天困了喵",1782576667,"今日暂时已单推 因为出去吃饭了没来得及看诺"
"","","","","鱼糕今天困了喵",1782576435,"晚上好喵"
"","","","","鱼糕今天困了喵",1782492172,"oyashumi——"
"","","","","鱼糕今天困了喵",1782491229,"气死了喵"
"","","","","鱼糕今天困了喵",1782491225,"哎 又卡 走了"
"","","","","鱼糕今天困了喵",1782491170,"我自己就是用的代抢软件 不好使啊"
"","","","","鱼糕今天困了喵",1782491157,"正版受害者"
"","","","","鱼糕今天困了喵",1782491152,"要给苹果爆米才能更"
"","","","","鱼糕今天困了喵",1782491142,"开发者预览"
"","","","","鱼糕今天困了喵",1782491137,"我明天还要抢票…"
"","","","","鱼糕今天困了喵",1782491129,"气死我了"
"","","","","鱼糕今天困了喵",1782491126,"跟我的wifi一点关系没有"
"","","","","鱼糕今天困了喵",1782491116,"。。我才知道网卡是因为我更新了ios27"
"","","","","鱼糕今天困了喵",1782490051,"那倒是没有必要这么大付出"
"","","","","鱼糕今天困了喵",1782435838,"？6666你怎么还在播"
"","","","","鱼糕今天困了喵",1782408115,"来个人给她个电影票绝望一下（）"
"","","","","鱼糕今天困了喵",1782406413,"黑号送我补我50手续费谢谢喵"
"","","","","鱼糕今天困了喵",1782406338,"Sunny_duck"
"","","","","鱼糕今天困了喵",1782406319,"bur我超夸张啊"
"","","","","鱼糕今天困了喵",1782406300,"都发过"
"","","","","鱼糕今天困了喵",1782406267,"这个人是舞萌区的"
"","","","","鱼糕今天困了喵",1782406253,"不是 你知道吗"
"","","","","鱼糕今天困了喵",1782406215,"主播你好我是你粉丝啊（）"
"","","","","鱼糕今天困了喵",1782406199,"我超舞萌大神啊"
"","","","","鱼糕今天困了喵",1782406190,"？sunnyduck"
"","","","","鱼糕今天困了喵",1782402992,"睡觉了喵 晚安喵"
"","","","","鱼糕今天困了喵",1782402921,"666还有票唱"
"","","","","鱼糕今天困了喵",1782402776,"还要约"
"","","","","鱼糕今天困了喵",1782402772,"科四不是去了就考吗"
"","","","","鱼糕今天困了喵",1782402747,"明天就考了[dog]"
"","","","","鱼糕今天困了喵",1782402740,"还需要下个月？"
"","","","","鱼糕今天困了喵",1782402710,"明天出门开车"
"","","","","鱼糕今天困了喵",1782402703,"不可能的"
"","","","","鱼糕今天困了喵",1782402658,"有福同享吗 那分我一半"
"","","","","鱼糕今天困了喵",1782402629,"焦糖放心飞 有事自己背"
"","","","","鱼糕今天困了喵",1782402618,"自强（）"
"","","","","鱼糕今天困了喵",1782402579,"原来不是炮姐吗"
"","","","","鱼糕今天困了喵",1782402510,"开通1998 续费1598"
"","","","","鱼糕今天困了喵",1782402470,"我要年总 送我"
"","","","","鱼糕今天困了喵",1782401721,"qq小程序就能用"
"","","","","鱼糕今天困了喵",1782401701,"tx问卷"
"","","","","鱼糕今天困了喵",1782401697,"无伤大雅"
"","","","","鱼糕今天困了喵",1782401693,"无所谓"
"","","","","鱼糕今天困了喵",1782401657,"买！"
"","","","","鱼糕今天困了喵",1782401629,"开袋奥利奥"
"","","","","鱼糕今天困了喵",1782401608,"仅限出现在直播间xxxxxxx时变成好人"
"","","","","鱼糕今天困了喵",1782401571,"（直播间限定）"
"","","","","鱼糕今天困了喵",1782401552,"暂时变成好人糕"
"","","","","鱼糕今天困了喵",1782401509,"连麦来 包炸的"
"","","","","鱼糕今天困了喵",1782401447,"去吧（）"
"","","","","鱼糕今天困了喵",1782401272,"哎对"
"","","","","鱼糕今天困了喵",1782401237,"这个也好玩"
"","","","","鱼糕今天困了喵",1782401175,"下试玩版有教学的 每关提示不一样"
"","","","","鱼糕今天困了喵",1782401133,"q111"
"","","","","鱼糕今天困了喵",1782401005,"现在可以下demo了"
"","","","","鱼糕今天困了喵",1782400990,"看似简单其实高潮段错一个就没有高标准"
"","","","","鱼糕今天困了喵",1782400975,"音游 ns马上要发售"
"","","","","鱼糕今天困了喵",1782400943,"玩节奏天国去了"
"","","","","鱼糕今天困了喵",1782400496,"这个3.5小时x2我干的"
"","","","","鱼糕今天困了喵",1782400486,"点头"
"","","","","鱼糕今天困了喵",1782400480,"电影票x2"
"","","","","鱼糕今天困了喵",1782400428,"我跟你说电影票概率可大了"
"","","","","鱼糕今天困了喵",1782400180,"我恐高"
"","","","","鱼糕今天困了喵",1782400133,"马上给我挂了 就这个@鱼糕一串不让我下播坏的很避雷喵"
"","","","","鱼糕今天困了喵",1782400071,"充个电池去"
"","","","","鱼糕今天困了喵",1782400052,"x2仅需1990"
"","","","","鱼糕今天困了喵",1782400027,"你确定"
"","","","","鱼糕今天困了喵",1782400024,"[dog]"
"","","","","鱼糕今天困了喵",1782399985,"不给"
"","","","","鱼糕今天困了喵",1782399962,"5200"
"","","","","鱼糕今天困了喵",1782399934,"主播主播注意身体喵 别昏过去喵"
"","","","","鱼糕今天困了喵",1782399892,"加油喵"
"","","","","鱼糕今天困了喵",1782399839,"我去 怎么天在变小 地面在变大"
"","","","","鱼糕今天困了喵",1782399773,"不要"
"","","","","鱼糕今天困了喵",1782399761,"[大哭][大哭][大哭]伤心喵"
"","","","","鱼糕今天困了喵",1782399747,"10分钟"
"","","","","鱼糕今天困了喵",1782399689,"不认命喵"
"","","","","鱼糕今天困了喵",1782399669,"万一呢（）"
"","","","","鱼糕今天困了喵",1782399663,"你去对面试试（）"
"","","","","鱼糕今天困了喵",1782399644,"不好玩不好玩不好玩[大哭]"
"","","","","鱼糕今天困了喵",1782399610,"？hyw"
"","","","","鱼糕今天困了喵",1782399565,"我没见过30000谁给我见识一下"
"","","","","鱼糕今天困了喵",1782399496,"提城堡退款喵"
"","","","","鱼糕今天困了喵",1782399463,"伤心事"
"","","","","鱼糕今天困了喵",1782399456,"别问"
"","","","","鱼糕今天困了喵",1782399435,"00000"
"","","","","鱼糕今天困了喵",1782399387,"纯眉笔"
"","","","","鱼糕今天困了喵",1782399374,"不是不领好嘛"
"","","","","鱼糕今天困了喵",1782399367,"《领不着》"
"","","","","鱼糕今天困了喵",1782399336,"我服了"
"","","","","鱼糕今天困了喵",1782399333,"是我从来概率券都领不着"
"","","","","鱼糕今天困了喵",1782399308,"那我不知道 你自强学一下"
"","","","","鱼糕今天困了喵",1782399290,"你叠加个优惠券"
"","","","","鱼糕今天困了喵",1782399282,"现在港版还有2900的"
"","","","","鱼糕今天困了喵",1782399260,"走了喵 ns2"
"","","","","鱼糕今天困了喵",1782399224,"麻了"
"","","","","鱼糕今天困了喵",1782399205,"三个人加起来2.5wr出的"
"","","","","鱼糕今天困了喵",1782399176,"我垫的"
"","","","","鱼糕今天困了喵",1782399171,"不是我的"
"","","","","鱼糕今天困了喵",1782399169,"哎我真没抽到"
"","","","","鱼糕今天困了喵",1782399159,"100那个第一次见"
"","","","","鱼糕今天困了喵",1782399152,"我见过护符"
"","","","","鱼糕今天困了喵",1782399116,"我给你巨蟹娃娃你不炸了吗"
"","","","","鱼糕今天困了喵",1782399086,"跟我谈盲盒好不了一点啊"
"","","","","鱼糕今天困了喵",1782399076,"对就是我"
"","","","","鱼糕今天困了喵",1782399073,"见过1100盒没有堡的眉笔吗"
"","","","","鱼糕今天困了喵",1782399031,"我也可以考虑满足一下的啊"
"","","","","鱼糕今天困了喵",1782399026,"你这么想陪她"
"","","","","鱼糕今天困了喵",1782398993,"拍了"
"","","","","鱼糕今天困了喵",1782398964,"我看到了"
"","","","","鱼糕今天困了喵",1782398926,"他送了两轮"
"","","","","鱼糕今天困了喵",1782398919,"10w"
"","","","","鱼糕今天困了喵",1782398892,"笑死了私信我看100w截图"
"","","","","鱼糕今天困了喵",1782398828,"走了喵 我家停电"
"","","","","诺雨riaka",1782397297,"晚安喵"
"","","","","诺雨riaka",1782397201,"我要反思"
"","","","","诺雨riaka",1782397198,"我怎么变善良了 好久没有逆天sc了"
"","","","","诺雨riaka",1782397069,"哦吼吼吼吼吼吼吼她好懂我"
"","","","","诺雨riaka",1782397037,"你点"
"","","","","诺雨riaka",1782396989,"我是可以啊 她不是要回去吗（）"
"","","","","诺雨riaka",1782396916,"加油啊幽灵"
"","","","","诺雨riaka",1782396879,"诺我要吃白米饭拌白米饭了怎么办"
"","","","","诺雨riaka",1782396863,"？！强！？"
"","","","","诺雨riaka",1782396832,"呜呜呜呜"
"","","","","诺雨riaka",1782396829,"我去诺冷暴力我"
"","","","","诺雨riaka",1782396789,"给你两拳喵"
"","","","","诺雨riaka",1782396784,"你那个叫做梦喵"
"","","","","诺雨riaka",1782396774,"太好了喵"
"","","","","诺雨riaka",1782396763,"甚至没有延迟实现的"
"","","","","诺雨riaka",1782396670,"她想让我们一直上总"
"","","","","诺雨riaka",1782396641,"还有支援未来"
"","","","","诺雨riaka",1782396613,"嘿嘿嘿新玩具"
"","","","","诺雨riaka",1782396582,"老板大气喵"
"","","","","诺雨riaka",1782396466,"10条（"
"","","","","诺雨riaka",1782396447,"（还有宣示主权）"
"","","","","诺雨riaka",1782396429,"斯哈"
"","","","","诺雨riaka",1782396423,"马上带出去遛一圈"
"","","","","诺雨riaka",1782396397,"那话又拐了个8字弯了"
"","","","","诺雨riaka",1782396356,"我有一个主意 其实现在退款就不用单推了"
"","","","","诺雨riaka",1782396329,"那不一样对吧（）"
"","","","","诺雨riaka",1782396311,"那不能这么说（）"
"","","","","诺雨riaka",1782396242,"这一个月我将暂时维持单推"
"","","","","诺雨riaka",1782396139,"恭喜喵"
"","","","","诺雨riaka",1782396124,"是的我是印度人"
"","","","","诺雨riaka",1782396108,"玛莎拉诺球球我服了"
"","","","","诺雨riaka",1782395957,"展台"
"","","","","诺雨riaka",1782395845,"小肚小肚"
"","","","","诺雨riaka",1782395786,"反正我看你电子徽章是在的"
"","","","","诺雨riaka",1782395722,"维持100没那么简单"
"","","","","诺雨riaka",1782395700,"啥时候冲舰活动再加点上舰红包可能差不太多"
"","","","","诺雨riaka",1782395598,"（学校旁边披萨店老板是意大利人（小声"
"","","","","诺雨riaka",1782395535,"吃过（） 不好使（）"
"","","","","诺雨riaka",1782395509,"就 没法正常睡 要累的不行快昏过去才行"
"","","","","诺雨riaka",1782395386,"睡不着喵"
"","","","","诺雨riaka",1782395378,"4:17"
"","","","","诺雨riaka",1782395362,"《更像个人》"
"","","","","诺雨riaka",1782395343,"比我健康 我近几个月天天失眠"
"","","","","诺雨riaka",1782395332,"很健康了"
"","","","","诺雨riaka",1782395237,"其实我憋了一会儿了（）"
"","","","","诺雨riaka",1782395211,"45.5了"
"","","","","诺雨riaka",1782395171,"说反了喵"
"","","","","诺雨riaka",1782395125,"重音teto来了"
"","","","","诺雨riaka",1782395070,"话又说回来了"
"","","","","诺雨riaka",1782395003,"没事你慢慢抢我不打榜"
"","","","","诺雨riaka",1782394861,"不知道哪个点能用上了（）"
"","","","","诺雨riaka",1782394849,"给我存着吧"
"","","","","诺雨riaka",1782394771,"哪个ymd啊喂"
"","","","","诺雨riaka",1782394758,"诺看下q 悄咪咪回一下"
"","","","","诺雨riaka",1782394661,"我去🦵🏻🫚"
"","","","","诺雨riaka",1782394615,"不听话卸载qq（捂眼睛）"
"","","","","诺雨riaka",1782394318,"不像人类"
"","","","","诺雨riaka",1782394273,"恭喜喵"
"","","","","诺雨riaka",1782394243,"草（）"
"","","","","诺雨riaka",1782394234,"初三看狐到大二有懂的吗（低头蹲下）"
"","","","","诺雨riaka",1782394103,"没事你说吧其实我知道（）"
"","","","","诺雨riaka",1782394059,"这回理解一切了"
"","","","","诺雨riaka",1782394043,"坏了我成五分钟前的诺了"
"","","","","诺雨riaka",1782394001,"bur无名多大（？）"
"","","","","诺雨riaka",1782393795,"也没大二三四五六七八九十岁吧（）"
"","","","","诺雨riaka",1782393727,"（）"
"","","","","诺雨riaka",1782393704,"对啊要不然我怎么大二我问你呢"
"","","","","诺雨riaka",1782393440,"可以吃火腿芝麻菜（点头）"
"","","","","诺雨riaka",1782393378,"不知道吃什么披萨可以玛格丽特或者四重芝士"
"","","","","诺雨riaka",1782393349,"是（"
"","","","","诺雨riaka",1782393309,"越南河粉你吃了就知道"
"","","","","诺雨riaka",1782393060,"藐视顾客 开了开了"
"","","","","诺雨riaka",1782393000,"举办了 店长！！店长！！你看看她！！"
"","","","","诺雨riaka",1782392720,"哇还有人肉缓冲"
"","","","","诺雨riaka",1782392643,"羡慕被蹬的"
"","","","","诺雨riaka",1782392626,"麻了"
"","","","","诺雨riaka",1782392546,"环太平洋（舞萌dx）"
"","","","","诺雨riaka",1782392342,"哎这可是她开的头"
"","","","","诺雨riaka",1782392272,"snp（2/x）"
"","","","","诺雨riaka",1782392263,"并非只有小孩"
"","","","","诺雨riaka",1782392215,"还有仙酿"
"","","","","诺雨riaka",1782392200,"羡慕水池"
"","","","","诺雨riaka",1782392070,"顺带一提ns2只能接ns1的手柄玩（）"
"","","","","诺雨riaka",1782392037,"加油啊健身环加班回"
"","","","","诺雨riaka",1782391955,"想吃美味年糕片"
"","","","","诺雨riaka",1782391803,"one last cigarette"
"","","","","诺雨riaka",1782391750,"是拼音"
"","","","","诺雨riaka",1782391653,"还真是"
"","","","","诺雨riaka",1782391648,"nb"
"","","","","诺雨riaka",1782391541,"我认不得"
"","","","","诺雨riaka",1782391416,"snp来了"
"","","","","诺雨riaka",1782391372,"不如抽我 也不用花钱"
"","","","","诺雨riaka",1782391359,"草"
"","","","","诺雨riaka",1782391265,"bw别想了"
"","","","","诺雨riaka",1782391259,"上海应该没有"
"","","","","诺雨riaka",1782391255,"来我家代打宝可梦全图鉴算工作吗 我真的很需要这个"
"","","","","诺雨riaka",1782391177,"除非有人199980一下"
"","","","","诺雨riaka",1782391164,"目前看来没有"
"","","","","诺雨riaka",1782391037,"我服了（）"
"","","","","诺雨riaka",1782390957,"主办方是对的"
"","","","","诺雨riaka",1782390914,"可以给我一点圆圆的方方的透明的东西吗"
"","","","","诺雨riaka",1782390864,"知道也不告诉你喵"
"","","","","诺雨riaka",1782390833,"who said 1990"
"","","","","诺雨riaka",1782390762,"其实诺1542225岁"
"","","","","诺雨riaka",1782390676,"我现在订的是23-26"
"","","","","诺雨riaka",1782390669,"26晚飞 没预定呢"
"","","","","诺雨riaka",1782390574,"要有26我就再延一天的酒店了"
"","","","","诺雨riaka",1782390356,"萤火虫太知名了"
"","","","","诺雨riaka",1782390319,"感觉北美渡劫回"
"","","","","诺雨riaka",1782390307,"其实我在思考等诺30w我还有没有机会往回跑"
"","","","","诺雨riaka",1782390229,"我去小花园"
"","","","","诺雨riaka",1782390179,"被手机肘击了"
"","","","","诺雨riaka",1782390164,"漫展人太多了我好急"
"","","","","诺雨riaka",1782390104,"111111111111111"
"","","","","诺雨riaka",1782390064,"跟你们深圳的拼了"
"","","","","诺雨riaka",1782390044,"为什么我不在深圳"
"","","","","诺雨riaka",1782390026,"扔点衣服在里面"
"","","","","诺雨riaka",1782390006,"然后拿来当防撞垫丢行李箱"
"","","","","诺雨riaka",1782389990,"坏了我每次都要塑料袋"
"","","","","诺雨riaka",1782389948,"我疯4"
"","","","","鱼糕今天困了喵",1782389408,"[大哭]你不要走"
"","","","","鱼糕今天困了喵",1782389377,"6666"
"","","","","鱼糕今天困了喵",1782389318,"bw她要晚上回去"
"","","","","鱼糕今天困了喵",1782389185,"loitering（）"
"","","","","鱼糕今天困了喵",1782389172,"笑了（）"
"","","","","鱼糕今天困了喵",1782389115,"报名11111"
"","","","","鱼糕今天困了喵",1782310351,"想要赏加班了吗"
"","","","","鱼糕今天困了喵",1782310318,"播完了"
"","","","","鱼糕今天困了喵",1782310285,"打不着我打不着我（）"
"","","","","鱼糕今天困了喵",1782310249,"嘿嘿（）"
"","","","","鱼糕今天困了喵",1782310174,"晚安喵"
"","","","","鱼糕今天困了喵",1782310161,"有的 没吃红sc都有"
"","","","","鱼糕今天困了喵",1782310061,"没那么低"
"","","","","鱼糕今天困了喵",1782309949,"对吧对吧"
"","","","","鱼糕今天困了喵",1782309944,"温柔晚安电台既视感（）"
"","","","","鱼糕今天困了喵",1782309844,"双赢啊"
"","","","","鱼糕今天困了喵",1782309838,"抽我吧"
"","","","","鱼糕今天困了喵",1782309693,"还真是 求你夏令时不要也8点"
"","","","","鱼糕今天困了喵",1782309590,"20支"
"","","","","鱼糕今天困了喵",1782309561,"50"
"","","","","鱼糕今天困了喵",1782309451,"原作好像是七星（？）"
"","","","","鱼糕今天困了喵",1782309315,"找张纸 按步骤标一下"
"","","","","鱼糕今天困了喵",1782309264,"结构简单 按着步骤拆就行了"
"","","","","鱼糕今天困了喵",1782309254,"ns不难"
"","","","","鱼糕今天困了喵",1782309204,"自己修就好了（）"
"","","","","鱼糕今天困了喵",1782309141,"这个磁吸挺结实的"
"","","","","鱼糕今天困了喵",1782309027,"反正 不少"
"","","","","鱼糕今天困了喵",1782308970,"我才44.5"
"","","","","鱼糕今天困了喵",1782308965,"这么快"
"","","","","鱼糕今天困了喵",1782308868,"捏捏"
"","","","","鱼糕今天困了喵",1782308866,"好可爱"
"","","","","鱼糕今天困了喵",1782308785,"喷喷可以宝宝巴士"
"","","","","鱼糕今天困了喵",1782308748,"喷喷涂击队也要上了"
"","","","","鱼糕今天困了喵",1782308722,"诺 节奏天国要上了"
"","","","","鱼糕今天困了喵",1782308707,"我不配（）"
"","","","","鱼糕今天困了喵",1782308702,"日本要有本地信用卡才能买"
"","","","","鱼糕今天困了喵",1782308689,"（）"
"","","","","鱼糕今天困了喵",1782308686,"避雷 tm国际"
"","","","","鱼糕今天困了喵",1782308622,"[热][热][热][热][热][热]"
"","","","","鱼糕今天困了喵",1782308616,"我勒个"
"","","","","鱼糕今天困了喵",1782308611,"？我2600日版我是冤种"
"","","","","鱼糕今天困了喵",1782308568,"？！强！？"
"","","","","鱼糕今天困了喵",1782308547,"哦😲？"
"","","","","鱼糕今天困了喵",1782308511,"pokopia不是ns2游戏吗"
"","","","","鱼糕今天困了喵",1782308403,"草"
"","","","","鱼糕今天困了喵",1782308372,"啊啊啊啊啊啊啊啊啊啊啊啊雨诺姐姐这个魅儿！你到底知不知道雨诺姐姐有多魅啊你就说！"
"","","","","鱼糕今天困了喵",1782308290,"我说视频[热]"
"","","","","鱼糕今天困了喵",1782308239,"再不喂饭要饿死了"
"","","","","鱼糕今天困了喵",1782308230,"我好饿啊"
"","","","","鱼糕今天困了喵",1782308196,"催更（"
"","","","","鱼糕今天困了喵",1782308189,"说到视频 诺在端午的时候说她会剪很多视频一天一个"
"","","","","鱼糕今天困了喵",1782308111,"直流电还是交流电"
"","","","","鱼糕今天困了喵",1782308104,"直接电"
"","","","","鱼糕今天困了喵",1782307986,"叫妈妈的叉出去"
"","","","","鱼糕今天困了喵",1782307967,"可以去测过敏源"
"","","","","鱼糕今天困了喵",1782307945,"嚼嚼嚼"
"","","","","鱼糕今天困了喵",1782307518,"这个直播间即将被我的ztmy覆盖 加入大群吧"
"","","","","鱼糕今天困了喵",1782307468,"笑死了我还在想诺怎么这么懂我（）"
"","","","","鱼糕今天困了喵",1782307382,"《桥到船头自然直》"
"","","","","鱼糕今天困了喵",1782307338,"（）"
"","","","","鱼糕今天困了喵",1782307334,"我1秒知道自己又做梦了"
"","","","","鱼糕今天困了喵",1782307203,"记忆消除器！（）"
"","","","","鱼糕今天困了喵",1782307171,"charmera主要太糊了点 好玩是好玩"
"","","","","鱼糕今天困了喵",1782307141,"还真是"
"","","","","鱼糕今天困了喵",1782307139,"整个五十一百两百差不多"
"","","","","鱼糕今天困了喵",1782307093,"前面看七八百 我直接给他两拳"
"","","","","鱼糕今天困了喵",1782307069,"ccd看价格吧 前两年炒太夸张了"
"","","","","鱼糕今天困了喵",1782307008,"我买过zfc 那个颜色鲜艳到我觉得我似了做梦呢"
"","","","","鱼糕今天困了喵",1782306995,"小机子调教很诡异"
"","","","","鱼糕今天困了喵",1782306961,"不大反正"
"","","","","鱼糕今天困了喵",1782306956,"他但凡-40%我都考虑了（）"
"","","","","鱼糕今天困了喵",1782306920,"？！强强！？"
"","","","","鱼糕今天困了喵",1782306901,"玩一下差不多了（）"
"","","","","鱼糕今天困了喵",1782306897,"确实 所以没准备买（）"
"","","","","鱼糕今天困了喵",1782306870,"徕卡喵"
"","","","","鱼糕今天困了喵",1782306812,"气鼓鼓气鼓鼓下次不返图了（威胁）"
"","","","","鱼糕今天困了喵",1782306772,"有点想租台leica玩一下 感觉不会被我经常拿出门（）"
"","","","","鱼糕今天困了喵",1782306715,"诺买尼康找鱼糕领镜头（商战啊"
"","","","","鱼糕今天困了喵",1782306679,"这么强（）"
"","","","","鱼糕今天困了喵",1782306647,"我是海外的 国内保险不熟"
"","","","","鱼糕今天困了喵",1782306614,"摔了全损"
"","","","","鱼糕今天困了喵",1782306609,"没事 买保险了"
"","","","","鱼糕今天困了喵",1782306577,"要不然你可能对这个重量印象不太准（）"
"","","","","鱼糕今天困了喵",1782306563,"下次给你玩加了稳定器的zr"
"","","","","鱼糕今天困了喵",1782306526,"看看小肚"
"","","","","鱼糕今天困了喵",1782306521,"不要啊 小肚[大哭]"
"","","","","鱼糕今天困了喵",1782306463,"我上次吃了一家感觉味道不够重（）"
"","","","","鱼糕今天困了喵",1782306349,"铁齿铜牙"
"","","","","鱼糕今天困了喵",1782306341,"诺吃了高达？"
"","","","","鱼糕今天困了喵",1782306328,"有点想吃印度菜了"
"","","","","鱼糕今天困了喵",1782306313,"辣的鸡丝凉面"
"","","","","鱼糕今天困了喵",1782306250,"不努力当不上烟灰缸的 我还排第二呢"
"","","","","鱼糕今天困了喵",1782306232,"zr 饿了 喂我吃饭"
"","","","","鱼糕今天困了喵",1782306192,"666还有烟灰缸"
"","","","","鱼糕今天困了喵",1782306182,"小狗让开 排队了吗 我先来"
"","","","","鱼糕今天困了喵",1782306144,"还真是"
"","","","","鱼糕今天困了喵",1782306138,"我去不早说"
"","","","","鱼糕今天困了喵",1782306093,"还要加好多一直加满"
"","","","","鱼糕今天困了喵",1782306086,"我就喜欢什么时候都加圆形或者方形的那个透明的东西"
"","","","","鱼糕今天困了喵",1782306013,"我感觉3000ml左右"
"","","","","鱼糕今天困了喵",1782305989,"我是被诺带的 她给我灌了一口我就忘不掉了"
"","","","","鱼糕今天困了喵",1782305934,"一天起码两三罐"
"","","","","鱼糕今天困了喵",1782305918,"我也戒不了"
"","","","","鱼糕今天困了喵",1782305866,"没在哪里蹲过我不信"
"","","","","鱼糕今天困了喵",1782305856,"《你也弄过》"
"","","","","鱼糕今天困了喵",1782305825,"诺可是我的精品大果啊"
"","","","","鱼糕今天困了喵",1782305793,"我去99成稀罕物"
"","","","","鱼糕今天困了喵",1782305756,"啊啊啊啊啊啊"
"","","","","鱼糕今天困了喵",1782305676,"主包平时抽我"
"","","","","鱼糕今天困了喵",1782305640,"？何必说的如此直接开放"
"","","","","鱼糕今天困了喵",1782305588,"笑死了"
"","","","","鱼糕今天困了喵",1782305581,"1"
"","","","","鱼糕今天困了喵",1782305534,"好吃好吃好吃 诺味评分101.0000%"
"","","","","鱼糕今天困了喵",1782305476,"羡慕纸团"
"","","","","鱼糕今天困了喵",1782305469,"求购纸团"
"","","","","鱼糕今天困了喵",1782305258,"天才"
"","","","","鱼糕今天困了喵",1782305228,"还有赖濑莱奈良的事"
"","","","","鱼糕今天困了喵",1782305159,"对啊 那明天2号收银台的就是山田 对的对的"
"","","","","鱼糕今天困了喵",1782305083,"老板糊涂啊"
"","","","","鱼糕今天困了喵",1782304956,"孩子们新活动别玩 没收益"
"","","","","鱼糕今天困了喵",1782304807,"巧克力烤鱼糕"
"","","","","鱼糕今天困了喵",1782304785,"很美味了"
"","","","","鱼糕今天困了喵",1782304696,"深圳疑似25"
"","","","","鱼糕今天困了喵",1782304632,"笑死了前两天晚上熬夜睡不着 忍不住直接给机酒定了"
"","","","","鱼糕今天困了喵",1782304569,"坏小孩怎么熬夜不回家"
"","","","","鱼糕今天困了喵",1782304549,"深圳有没有什么必吃的 我吃一下"
"","","","","鱼糕今天困了喵",1782304499,"准确率100%"
"","","","","鱼糕今天困了喵",1782304491,"诺会在0:00于诺家出现"
"","","","","鱼糕今天困了喵",1782304353,"猜你在找狐宝（？）对对对一定是的"
"","","","","鱼糕今天困了喵",1782304222,"哪个洗浴中心有诺 我要收购"
"","","","","鱼糕今天困了喵",1782304001,"也可以"
"","","","","鱼糕今天困了喵",1782303960,"11111"
"","","","","鱼糕今天困了喵",1782303953,"11111"
"","","","","鱼糕今天困了喵",1782303896,"没必要挤小地方了"
"","","","","鱼糕今天困了喵",1782303887,"那就场外吧"
"","","","","鱼糕今天困了喵",1782303840,"只能深圳了吗"
"","","","","鱼糕今天困了喵",1782303834,"那我打印的东西怎么办"
"","","","","鱼糕今天困了喵",1782303829,"？bw不给横幅吗"
"","","","","鱼糕今天困了喵",1782303619,"没事 你东西带多了可以直接让我当人肉架子"
"","","","","鱼糕今天困了喵",1782303578,"机票退票可能收费（"
"","","","","鱼糕今天困了喵",1782303536,"抗一堆设备没必要当天（）"
"","","","","鱼糕今天困了喵",1782303515,"其实我是可以当天来回 但是每天通勤三个小时真的没必要（）"
"","","","","鱼糕今天困了喵",1782303411,"羡慕你们早订的[热]"
"","","","","鱼糕今天困了喵",1782303284,"虹桥就很好了"
"","","","","鱼糕今天困了喵",1782303224,"是这样的 酒店涨麻了"
"","","","","鱼糕今天困了喵",1782303188,"田山何尝不是一种zr（？）"
"","","","","白巧诺雪糕",1782302982,"想吃 喂我"
"","","","","白巧诺雪糕",1782302912,"吃一根什么的很爽了"
"","","","","白巧诺雪糕",1782302875,"这集听完跳起来了"
"","","","","白巧诺雪糕",1782302863,"op居然是ztmy"
"","","","","白巧诺雪糕",1782302828,"把我家摄像头拆了"
"","","","","白巧诺雪糕",1782302823,"（）"
"","","","","白巧诺雪糕",1782302799,"举办了 诱导小孩"
"","","","","白巧诺雪糕",1782229299,"太好了我这就再刷点人气票"
"","","","","白巧诺雪糕",1782229280,"什么 焦糖说要布丁也播俩小时？"
"","","","","白巧诺雪糕",1782229225,"然后送你去泰国"
"","","","","白巧诺雪糕",1782229218,"那你来 我保证不送你去机场"
"","","","","白巧诺雪糕",1782229188,"发财我就请可爱妹妹吃饭去了"
"","","","","白巧诺雪糕",1782229172,"太棒了一起加班"
"","","","","白巧诺雪糕",1782229123,"人气票+6s爽吃加班了"
"","","","","白巧诺雪糕",1782229113,"笑死我了（）"
"","","","","白巧诺雪糕",1782221814,"oi"
"","","","","白巧诺雪糕",1782221777,"？"
"","","","","白巧诺雪糕",1782221759,"那是浪漫小堡 1990"
"","","","","白巧诺雪糕",1782221704,"？这是啥必抽的盲盒吗这么黑"
"","","","","白巧诺雪糕",1782221622,"td"
"","","","","白巧诺雪糕",1782148792,"喜提5个月假期 一直到9月"
"","","","","白巧诺雪糕",1782148761,"其实是三学期制不上第三学期的课"
"","","","","白巧诺雪糕",1782148717,"放假的"
"","","","","白巧诺雪糕",1782148679,"9点 出去玩"
"","","","","白巧诺雪糕",1782148645,"马上睡觉了喵 睡前来看一眼"
"","","","","白巧诺雪糕",1782147914,"焦糖音乐放完给我耳机炸了"
"","","","","白巧诺雪糕",1782147808,"哒哒哒哒哒 好想玩原神"
"","","","","白巧诺雪糕",1782147580,"我都是直接失踪的"
"","","","","白巧诺雪糕",1782147566,"没那么慢"
"","","","","白巧诺雪糕",1782147561,"不用换个号"
"","","","","白巧诺雪糕",1782147520,"我是直升机"
"","","","","白巧诺雪糕",1782147516,"其实是我在你家窗户外面盘旋"
"","","","","白巧诺雪糕",1782147469,"拍我"
"","","","","白巧诺雪糕",1782147403,"q"
"","","","","白巧诺雪糕",1782147376,"纯粹特别大"
"","","","","白巧诺雪糕",1782147372,"不是"
"","","","","白巧诺雪糕",1782147334,"明天战斗一下"
"","","","","白巧诺雪糕",1782147323,"我有点想挑战汉堡王的7层皇堡"
"","","","","白巧诺雪糕",1782147291,"我走（擦眼泪）"
"","","","","白巧诺雪糕",1782147283,"可以"
"","","","","白巧诺雪糕",1782147279,"“你不需要我”吗"
"","","","","白巧诺雪糕",1782147234,"什么 主播想要x2？"
"","","","","白巧诺雪糕",1782147014,"其实我是布丁"
"","","","","白巧诺雪糕",1782147009,"是我干的"
"","","","","白巧诺雪糕",1782146907,"笑了"
"","","","","白巧诺雪糕",1782146877,"但我一个币0.4"
"","","","","白巧诺雪糕",1782146862,"一天估计100-200"
"","","","","白巧诺雪糕",1782146853,"我这边一把6个币"
"","","","","白巧诺雪糕",1782146825,"想打舞萌 v我500我去买游戏币"
"","","","","白巧诺雪糕",1782146815,"v我200看看实力"
"","","","","白巧诺雪糕",1782146784,"谈感情我就要让你给我爆点了"
"","","","","白巧诺雪糕",1782146772,"乖 咱打pk不谈感情"
"","","","","白巧诺雪糕",1782146710,"那我删牌子跑路了喵"
"","","","","白巧诺雪糕",1782146704,"哦？不想要31级 可以"
"","","","","白巧诺雪糕",1782146603,"马上再往后就要变成wx沙沙沙一个不留了"
"","","","","白巧诺雪糕",1782146544,"看谁不顺眼直接删了沙沙沙喵"
"","","","","白巧诺雪糕",1782146533,"再也不相信了喵"
"","","","","白巧诺雪糕",1782146509,"转手给粉丝群和好友全注销了"
"","","","","白巧诺雪糕",1782146496,"上完半个月注销了"
"","","","","白巧诺雪糕",1782146491,"我之前还遇到说上个舰长聊天打游戏的"
"","","","","白巧诺雪糕",1782146415,"致敬传奇鱼糕一串牌子一堆账号已注销"
"","","","","白巧诺雪糕",1782146311,"你这个等级想必知道我什么意思啊对吧[dog]"
"","","","","白巧诺雪糕",1782146281,"不吃 退款了"
"","","","","白巧诺雪糕",1782146260,"看看特殊cg"
"","","","","白巧诺雪糕",1782146245,"从来不拉扯 下一个更乖"
"","","","","白巧诺雪糕",1782146211,"再见喵"
"","","","","白巧诺雪糕",1782146207,"好的 我退款了"
"","","","","白巧诺雪糕",1782146110,"黑焦糖是谁啊"
"","","","","白巧诺雪糕",1782146080,"太对了 一个直播间全是运营和cos运营的"
"","","","","白巧诺雪糕",1782146022,"[傲娇]"
"","","","","白巧诺雪糕",1782146007,"直播怎么不念弹幕"
"","","","","白巧诺雪糕",1782145930,"右下角活动里面"
"","","","","白巧诺雪糕",1782145907,"bls年中赛 山海蕴灵"
"","","","","白巧诺雪糕",1782145888,"不是一家人不进一家门"
"","","","","白巧诺雪糕",1782145438,"怎么这么坏啊"
"","","","","白巧诺雪糕",1782145390,"再挂会儿 指不定啥时候睡着"
"","","","","白巧诺雪糕",1782144822,"晚安喵"
"","","","","白巧诺雪糕",1782144359,"我上周被咬了还没消下去呢"
"","","","","白巧诺雪糕",1782144346,"还不少"
"","","","","白巧诺雪糕",1782143950,"睡觉去了喵 明天舞萌"
"","","","","白巧诺雪糕",1782143571,"是这样的"
"","","","","白巧诺雪糕",1782143529,"有点难 感觉起码半年"
"","","","","白巧诺雪糕",1782143522,"看什么时候可以打个顶分"
"","","","","白巧诺雪糕",1782143511,"我去打工pve"
"","","","","白巧诺雪糕",1782143431,"闹麻了 b站抄不明白的"
"","","","","白巧诺雪糕",1782143378,"除非直播部又抽风"
"","","","","白巧诺雪糕",1782143365,"他下架什么都不可能先下架这个"
"","","","","白巧诺雪糕",1782143353,"不太可能"
"","","","","白巧诺雪糕",1782143316,"都有 有多有少"
"","","","","白巧诺雪糕",1782143231,"没 我抽过提"
"","","","","白巧诺雪糕",1782143222,"那个盒子还可以 反正不怎么亏"
"","","","","白巧诺雪糕",1782143189,"以前就有的"
"","","","","白巧诺雪糕",1782143186,"舰长盲盒是回归"
"","","","","白巧诺雪糕",1782143170,"亏的概率也提升了"
"","","","","白巧诺雪糕",1782142788,"再打一周我就是s段了"
"","","","","白巧诺雪糕",1782142772,"嘿嘿"
"","","","","白巧诺雪糕",1782142735,"你怎么知道我喷喷升段赛肘赢了"
"","","","","白巧诺雪糕",1782142711,"oi"
"","","","","白巧诺雪糕",1782140355,"ztmy（"
"","","","","白巧诺雪糕",1782140094,"送鱼糕有要的吗"
"","","","","白巧诺雪糕",1782139740,"你现在指着我跟我说 鱼糕 快说喜欢"
"","","","","白巧诺雪糕",1782139729,"还有威胁环节"
"","","","","白巧诺雪糕",1782139370,"这个可以有的"
"","","","","白巧诺雪糕",1782139366,"那你送我个奶龙吧 我给你at出来"
"","","","","白巧诺雪糕",1782139316,"笑死了 直接拍照朋友圈置顶3天at出来"
"","","","","白巧诺雪糕",1782139258,"我也想被请吃饭"
"","","","","白巧诺雪糕",1782139142,"谁过生日谁请"
"","","","","白巧诺雪糕",1782139108,"请吃饭不是很正常嘛（"
"","","","","白巧诺雪糕",1782138460,"不许回收喵 明天再说（）"
"","","","","白巧诺雪糕",1782138410,"我觉得我的id应该好吃"
"","","","","白巧诺雪糕",1782138261,"全对"
"","","","","白巧诺雪糕",1782138259,"全队"
"","","","","白巧诺雪糕",1782138257,"笑死了"
"","","","","白巧诺雪糕",1782138193,"这个素质就在这边了"
"","","","","白巧诺雪糕",1782138188,"他都抽烟了"
"","","","","白巧诺雪糕",1782137451,"我是老东西"
"","","","","白巧诺雪糕",1782137356,"dmm"
"","","","","白巧诺雪糕",1782137279,"还有刀的事"
"","","","","白巧诺雪糕",1782137209,"只能说有点不年轻"
"","","","","白巧诺雪糕",1782137166,"26下午开"
"","","","","白巧诺雪糕",1782137163,"明日方舟合约要来了"
"","","","","白巧诺雪糕",1782136786,"超绝注意力"
"","","","","白巧诺雪糕",1782136751,"我服了啊"
"","","","","白巧诺雪糕",1782136749,"吓哭了"
"","","","","白巧诺雪糕",1782136533,"还有高手"
"","","","","白巧诺雪糕",1782136525,"能挑战吗"
"","","","","白巧诺雪糕",1782136028,"可爱多"
"","","","","白巧诺雪糕",1782135953,"哎对啊 泳装图包呢"
"","","","","白巧诺雪糕",1782135890,"没有游泳图不看"
"","","","","白巧诺雪糕",1782135858,"我的心脏要长肌肉了"
"","","","","白巧诺雪糕",1782135850,"我要出门逃难 楼上在装修"
"","","","","白巧诺雪糕",1782135784,"我先定了去程 没定回程"
"","","","","白巧诺雪糕",1782135733,"反正我看1500左右"
"","","","","白巧诺雪糕",1782135611,"对 我定的23机票"
"","","","","鱼糕今天困了喵",1782135457,"88？"
"","","","","鱼糕今天困了喵",1782135423,"经典场内不如场外"
"","","","","鱼糕今天困了喵",1782135059,"我好急"
"","","","","鱼糕今天困了喵",1782135058,"何时30w"
"","","","","鱼糕今天困了喵",1782135055,"何时提总群"
"","","","","鱼糕今天困了喵",1782134980,"？"
"","","","","鱼糕今天困了喵",1782134975,"什么大群"
"","","","","鱼糕今天困了喵",1782134954,"吃自己的确实bt（"
"","","","","鱼糕今天困了喵",1782134932,"大喊我要当一辈子诺球球可以拿1+1"
"","","","","鱼糕今天困了喵",1782134917,"抓到我的找我拿神秘拍立得喵"
"","","","","鱼糕今天困了喵",1782134843,"深圳的好买吗 我准备跳过广州直接深圳了"
"","","","","鱼糕今天困了喵",1782134720,"你10 狐11"
"","","","","鱼糕今天困了喵",1782134713,"抢了个12联票"
"","","","","鱼糕今天困了喵",1782134708,"哈哈"
"","","","","鱼糕今天困了喵",1782134547,"《还是黑头发的老爷爷》"
"","","","","鱼糕今天困了喵",1782134499,"主播主播你左眼化妆了吗"
"","","","","鱼糕今天困了喵",1782134409,"这是好事啊 还有免费演唱会听的"
"","","","","鱼糕今天困了喵",1782134306,"我已经是转生老东西了"
"","","","","鱼糕今天困了喵",1782134256,"找个理由让老师进舰长群（点头"
"","","","","鱼糕今天困了喵",1782134220,"给她！给她！给她！给她！给她！"
"","","","","鱼糕今天困了喵",1782134131,"哒哒哒哒哒 好想玩原神"
"","","","","鱼糕今天困了喵",1782134090,"快进到老师大号是v"
"","","","","鱼糕今天困了喵",1782134012,"对的（"
"","","","","鱼糕今天困了喵",1782134009,"丢3w电池那个有全站气泡的"
"","","","","鱼糕今天困了喵",1782133877,"老师来了也得叫"
"","","","","鱼糕今天困了喵",1782132446,"+++++++++"
"","","","","鱼糕今天困了喵",1782132405,"（点头）"
"","","","","鱼糕今天困了喵",1782132384,"其实是我坐在电脑前等开播（）"
"","","","","鱼糕今天困了喵",1782129977,"“很想做直播吗”"
"","","","","鱼糕今天困了喵",1782129757,"绿龙输给猎鹰的也来了"
"","","","","鱼糕今天困了喵",1782064217,"什么运气"
"","","","","鱼糕今天困了喵",1782063897,"串子来了"
"","","","","鱼糕今天困了喵",1782056907,"？！强！？"
"","","","","鱼糕今天困了喵",1782056900,"这么欧"
"","","","","麦当劳白巧诺咪团子",1782051428,"笑死了一堆人给我私信这个"
"","","","","麦当劳白巧诺咪团子",1782050543,"我bw还没抢到"
"","","","","麦当劳白巧诺咪团子",1782050513,"神了"
"","","","","麦当劳白巧诺咪团子",1782050468,"常亮不怕烧吗"
"","","","","麦当劳白巧诺咪团子",1781976694,"rog666"
"","","","","麦当劳白巧诺咪团子",1781962629,"小馋猫 还想要活动复刻"
"","","","","麦当劳白巧诺咪团子",1781962560,"根本不用调 参数自己填"
"","","","","麦当劳白巧诺咪团子",1781962512,"“抽人”"
"","","","","麦当劳白巧诺咪团子",1781962483,"抽个人送了吗 我只想要前半可以吗"
"","","","","麦当劳白巧诺咪团子",1781962440,"我们俩比手速"
"","","","","麦当劳白巧诺咪团子",1781962369,"回收旧衣服旧cos服50包邮"
"","","","","麦当劳白巧诺咪团子",1781961592,"wsc说是 还有想要什么梦什么环节"
"","","","","麦当劳白巧诺咪团子",1781961557,"为什么还13"
"","","","","麦当劳白巧诺咪团子",1781961553,"不是啊 刷这么多不应该荣耀等级超过我了吗"
"","","","","麦当劳白巧诺咪团子",1781961395,"其实是20w 他前面还送了100个"
"","","","","麦当劳白巧诺咪团子",1781961388,"谢谢主播带我们见世面"
"","","","","麦当劳白巧诺咪团子",1781961361,"疯了"
"","","","","麦当劳白巧诺咪团子",1781961099,"什么玩意？"
"","","","","麦当劳白巧诺咪团子",1781961094,"？？？？？"
"","","","","麦当劳白巧诺咪团子",1781946172,"怎么不叫我鱼➗了"
"","","","","麦当劳白巧诺咪团子",1781885071,"晚安喵"
"","","","","麦当劳白巧诺咪团子",1781885023,"加班机卡没了"
"","","","","麦当劳白巧诺咪团子",1781885015,"哪里有纸片人布丁"
"","","","","麦当劳白巧诺咪团子",1781884904,"很难的啦 抽这个不如粽子盲盒给的奖励金实在"
"","","","","麦当劳白巧诺咪团子",1781884803,"米饭太多了（）"
"","","","","麦当劳白巧诺咪团子",1781884796,"我感觉吮指原味鸡闷完味道不够重"
"","","","","麦当劳白巧诺咪团子",1781884775,"（）"
"","","","","麦当劳白巧诺咪团子",1781884767,"kfc好像有个吮指原味鸡泡菜焖饭"
"","","","","麦当劳白巧诺咪团子",1781884753,"什么粽子？"
"","","","","麦当劳白巧诺咪团子",1781884622,"抓不到我就不对了喵（）"
"","","","","麦当劳白巧诺咪团子",1781884612,"抓到我很正常"
"","","","","麦当劳白巧诺咪团子",1781884595,"666"
"","","","","麦当劳白巧诺咪团子",1781884579,"？你偷看什么发现我在"
"","","","","麦当劳白巧诺咪团子",1781884493,"是这样的（）"
"","","","","麦当劳白巧诺咪团子",1781884485,"没事 看我牌子认我吧（）"
"","","","","麦当劳白巧诺咪团子",1781884468,"现在睡不着"
"","","","","麦当劳白巧诺咪团子",1781884464,"昨天晚上睡的时长很诡异"
"","","","","麦当劳白巧诺咪团子",1781884377,"111哪里有主播黑历史"
"","","","","麦当劳白巧诺咪团子",1781793196,"下周一"
"","","","","麦当劳白巧诺咪团子",1781793177,"[大哭]"
"","","","","麦当劳白巧诺咪团子",1781793174,"坏了 我忘记duolingo10天了"
"","","","","麦当劳白巧诺咪团子",1781792962,"必火！必火！必火！"
"","","","","麦当劳白巧诺咪团子",1781792923,"老师发现你的帐号了吗（）"
"","","","","麦当劳白巧诺咪团子",1781792913,"呜呜呜呜不要她走"
"","","","","麦当劳白巧诺咪团子",1781792825,"好的开门akari"
"","","","","麦当劳白巧诺咪团子",1781792756,"乐"
"","","","","麦当劳白巧诺咪团子",1781792723,"退款退款退款"
"","","","","麦当劳白巧诺咪团子",1781792704,"666睡f不封那我只能说天黑了"
"","","","","麦当劳白巧诺咪团子",1781792666,"算挂播"
"","","","","麦当劳白巧诺咪团子",1781792659,"睡觉会被强制下播"
"","","","","麦当劳白巧诺咪团子",1781792604,"总有猎奇观众的吧（）"
"","","","","麦当劳白巧诺咪团子",1781792576,"她平时都把你藏起来"
"","","","","麦当劳白巧诺咪团子",1781792570,"我去好久不见喵🦵🏻🫚"
"","","","","麦当劳白巧诺咪团子",1781792542,"举办了直播睡觉喵"
"","","","","麦当劳白巧诺咪团子",1781791707,"一定是因为诺运气好"
"","","","","麦当劳白巧诺咪团子",1781791698,"这么强？全粽出击1.2%"
"","","","","麦当劳白巧诺咪团子",1781791601,"包含在一天一次里面"
"","","","","麦当劳白巧诺咪团子",1781791592,"哦他10块的约等于是个钢镚sc"
"","","","","麦当劳白巧诺咪团子",1781791557,"？能发10块的"
"","","","","麦当劳白巧诺咪团子",1781790044,"完全不用调 参数自己写"
"","","","","麦当劳白巧诺咪团子",1781789832,"啊啊啊啊啊"
"","","","","麦当劳白巧诺咪团子",1781789509,"我是后背！"
"","","","","麦当劳白巧诺咪团子",1781713870,"晚安喵"
"","","","","麦当劳白巧诺咪团子",1781713868,"哦吼吼吼吼吼奖励吗这不是"
"","","","","麦当劳白巧诺咪团子",1781713814,"真好吃吧"
"","","","","麦当劳白巧诺咪团子",1781713811,"你怎么知道我吃了一包蛋黄鱼皮"
"","","","","麦当劳白巧诺咪团子",1781713792,"我去主播活动什么时候复刻"
"","","","","麦当劳白巧诺咪团子",1781713764,"寄鞭子是吗"
"","","","","麦当劳白巧诺咪团子",1781713731,"我去 地址发我 我看看绑架的"
"","","","","麦当劳白巧诺咪团子",1781713606,"那你从焦糖身上下来"
"","","","","麦当劳白巧诺咪团子",1781713550,"给你两拳"
"","","","","麦当劳白巧诺咪团子",1781713545,"焦糖"
"","","","","麦当劳白巧诺咪团子",1781713281,"给的亲密度加成和玩法奖励不一样"
"","","","","麦当劳白巧诺咪团子",1781713271,"粽子永远是90"
"","","","","麦当劳白巧诺咪团子",1781713046,"何意味"
"","","","","麦当劳白巧诺咪团子",1781712736,"那很好了"
"","","","","麦当劳白巧诺咪团子",1781712705,"他这个反正是要什么都出点才合适"
"","","","","麦当劳白巧诺咪团子",1781712481,"很少听说有（"
"","","","","麦当劳白巧诺咪团子",1781711243,"目前还可以叠加航海日"
"","","","","麦当劳白巧诺咪团子",1781711235,"最近可以送粽意 有亲密度加成"
"","","","","麦当劳白巧诺咪团子",1781711045,"一个oi来了不用思考是谁了（"
"","","","","麦当劳白巧诺咪团子",1781711017,"oi"
"","","","","麦当劳白巧诺咪团子",1781710903,"啊不对不对 不行不行 给别的妹妹预留了"
"","","","","麦当劳白巧诺咪团子",1781710884,"那可以"
"","","","","麦当劳白巧诺咪团子",1781706953,"q（x2"
"","","","","麦当劳白巧诺咪团子",1781706945,"晚安喵诺咪团子"
"","","","","麦当劳白巧诺咪团子",1781706866,"100%太狠了"
"","","","","麦当劳白巧诺咪团子",1781706862,"75%好吃"
"","","","","麦当劳白巧诺咪团子",1781706812,"没吃过"
"","","","","麦当劳白巧诺咪团子",1781706789,"黑巧没那么甜"
"","","","","麦当劳白巧诺咪团子",1781706776,"感觉不如黑巧"
"","","","","麦当劳白巧诺咪团子",1781706768,"q"
"","","","","麦当劳白巧诺咪团子",1781706680,"区别在哪里（）"
"","","","","麦当劳白巧诺咪团子",1781706673,"白巧和雪糕不是一个意思吗（）"
"","","","","麦当劳白巧诺咪团子",1781706612,"啊—— dungeon meshi 啊———"
"","","","","麦当劳白巧诺咪团子",1781706511,"最恐怖的吗 电梯下坠 床板竖起来（这个很常见吧"
"","","","","麦当劳白巧诺咪团子",1781706473,"只要不提醒自己在做梦就行（？）"
"","","","","麦当劳白巧诺咪团子",1781706432,"求技能"
"","","","","麦当劳白巧诺咪团子",1781706426,"这是好事啊（）"
"","","","","麦当劳白巧诺咪团子",1781706323,"旧的我50包邮解君愁"
"","","","","麦当劳白巧诺咪团子",1781706305,"该买新电脑了"
"","","","","麦当劳白巧诺咪团子",1781706262,"热熔江敲"
"","","","","麦当劳白巧诺咪团子",1781706164,"外加航海日"
"","","","","麦当劳白巧诺咪团子",1781706160,"按概率送亲密度"
"","","","","麦当劳白巧诺咪团子",1781706150,"送粽子盒子"
"","","","","麦当劳白巧诺咪团子",1781706024,"两个活动叠加了"
"","","","","麦当劳白巧诺咪团子",1781706009,"我今天涨了45k"
"","","","","麦当劳白巧诺咪团子",1781705991,"亲密度是对的"
"","","","","麦当劳白巧诺咪团子",1781705975,"这种活动多来点"
"","","","","麦当劳白巧诺咪团子",1781705946,"霸粽3%"
"","","","","麦当劳白巧诺咪团子",1781705912,"50个"
"","","","","麦当劳白巧诺咪团子",1781705793,"送额外亲密度的 这个盲盒"
"","","","","麦当劳白巧诺咪团子",1781705765,"大家快来试试吧（）"
"","","","","麦当劳白巧诺咪团子",1781705758,"我狂涨了25k亲密度"
"","","","","麦当劳白巧诺咪团子",1781705708,"能不能给我出城堡啊喂"
"","","","","麦当劳白巧诺咪团子",1781705700,"1%"
"","","","","麦当劳白巧诺咪团子",1781705698,"我超"
"","","","","麦当劳白巧诺咪团子",1781705675,"？有龙粽登场？"
"","","","","麦当劳白巧诺咪团子",1781705624,"被做局了"
"","","","","麦当劳白巧诺咪团子",1781705439,"大米很美味了"
"","","","","麦当劳白巧诺咪团子",1781705433,"哪里有大米"
"","","","","麦当劳白巧诺咪团子",1781705004,"我去 十年后我比十年前大10岁了"
"","","","","麦当劳白巧诺咪团子",1781704977,"哪里有jk"
"","","","","麦当劳白巧诺咪团子",1781704018,"来我家"
"","","","","麦当劳白巧诺咪团子",1781704011,"抓走"
"","","","","麦当劳白巧诺咪团子",1781704008,"喜欢"
"","","","","麦当劳白巧诺咪团子",1781704001,"嗯？"
"","","","","麦当劳白巧诺咪团子",1781703561,"不说话浑身难受 找人说话也 有点小难受（"
"","","","","麦当劳白巧诺咪团子",1781703549,"嘴闲不住的"
"","","","","麦当劳白巧诺咪团子",1781702488,"对 我闪现就到了"
"","","","","麦当劳白巧诺咪团子",1781702481,"基本上能抢到一两张"
"","","","","麦当劳白巧诺咪团子",1781702454,"总有办法的"
"","","","","麦当劳白巧诺咪团子",1781702451,"展商证 邀请函 vip"
"","","","","麦当劳白巧诺咪团子",1781702387,"大概率是买三天票然后看心情前往"
"","","","","麦当劳白巧诺咪团子",1781702370,"我可能三天"
"","","","","麦当劳白巧诺咪团子",1781702321,"诺需要拿东西拍视频的吗（"
"","","","","麦当劳白巧诺咪团子",1781702112,"免费助理 免费剪辑 免费修图"
"","","","","麦当劳白巧诺咪团子",1781702083,"收到 这就前往深圳"
"","","","","麦当劳白巧诺咪团子",1781701997,"诺 我去南京玩了"
"","","","","麦当劳白巧诺咪团子",1781701854,"（昨日限定版）"
"","","","","麦当劳白巧诺咪团子",1781701846,"鱼糕一串和akari的关系"
"","","","","麦当劳白巧诺咪团子",1781701809,"鱼糕和白巧诺咪团子的关系"
"","","","","麦当劳白巧诺咪团子",1781701785,"无名 加速！"
"","","","","麦当劳白巧诺咪团子",1781701757,"他确实叫maimai DX"
"","","","","麦当劳白巧诺咪团子",1781701743,"maimai也是对的你知道吗"
"","","","","麦当劳白巧诺咪团子",1781701710,"吓哭了 马上快进到一个小时没有人拿麦"
"","","","","麦当劳白巧诺咪团子",1781701672,"那就是都没有确定（x）"
"","","","","麦当劳白巧诺咪团子",1781701652,"再签到一天就行了（）"
"","","","","麦当劳白巧诺咪团子",1781701643,"对的 我还差一个章拿超天酱"
"","","","","麦当劳白巧诺咪团子",1781701629,"求诺日程表"
"","","","","麦当劳白巧诺咪团子",1781701555,"什么哪天近的（）"
"","","","","麦当劳白巧诺咪团子",1781701531,"打完舞萌回家了（）"
"","","","","麦当劳白巧诺咪团子",1781701524,"oi！！！"
"","","","","麦当劳白巧诺咪团子",1781635503,"这个游戏死了子弹也有效"
"","","","","麦当劳白巧诺咪团子",1781635484,"就能多鲨两个"
"","","","","麦当劳白巧诺咪团子",1781635469,"所以趁这两秒多打点伤害"
"","","","","麦当劳白巧诺咪团子",1781635456,"但是伤害还没计算到你身上"
"","","","","麦当劳白巧诺咪团子",1781635450,"理论上死了"
"","","","","麦当劳白巧诺咪团子",1781635395,"我就这样吃分"
"","","","","麦当劳白巧诺咪团子",1781635376,"因为你延迟太高了不能及时确认伤害"
"","","","","麦当劳白巧诺咪团子",1781635354,"你被打死了还能活两秒"
"","","","","麦当劳白巧诺咪团子",1781635346,"别人打你没伤害 你打别人框框出伤害"
"","","","","麦当劳白巧诺咪团子",1781635334,"顶着200高延迟去打"
"","","","","麦当劳白巧诺咪团子",1781635324,"我叫你 你加速欧美服"
"","","","","麦当劳白巧诺咪团子",1781635304,"再喷就S段了"
"","","","","麦当劳白巧诺咪团子",1781635296,"不如喷"
"","","","","麦当劳白巧诺咪团子",1781635292,"大b队三把排不上一把"
"","","","","麦当劳白巧诺咪团子",1781635282,"周末不出门"
"","","","","麦当劳白巧诺咪团子",1781635257,"我是最低分"
"","","","","麦当劳白巧诺咪团子",1781635250,"而且我这边没有新手了"
"","","","","麦当劳白巧诺咪团子",1781635234,"我不想被挂瓜条"
"","","","","麦当劳白巧诺咪团子",1781635227,"。"
"","","","","麦当劳白巧诺咪团子",1781635187,"真有福了"
"","","","","麦当劳白巧诺咪团子",1781635159,"不管是不是新手起码2p先占个认识的人肯定好点"
"","","","","麦当劳白巧诺咪团子",1781635145,"那你叫她一起舞萌"
"","","","","麦当劳白巧诺咪团子",1781635103,"但是打个半个月一个月能恢复个8成"
"","","","","麦当劳白巧诺咪团子",1781635086,"可能掉很多手感"
"","","","","麦当劳白巧诺咪团子",1781635074,"会影响"
"","","","","麦当劳白巧诺咪团子",1781635054,"phi已经两年没打了"
"","","","","麦当劳白巧诺咪团子",1781635046,"你来跟我舞萌dx我给你展示可以"
"","","","","麦当劳白巧诺咪团子",1781635032,"我服了"
"","","","","麦当劳白巧诺咪团子",1781635012,"我还差了太远了"
"","","","","麦当劳白巧诺咪团子",1781635004,"我的好bro已经w6了"
"","","","","麦当劳白巧诺咪团子",1781634954,"wlf不懂"
"","","","","麦当劳白巧诺咪团子",1781634900,"但是后两年就 断断续续 可能只能打两三个月"
"","","","","麦当劳白巧诺咪团子",1781634864,"今年是dx2026"
"","","","","麦当劳白巧诺咪团子",1781634858,"我dx2022打的"
"","","","","麦当劳白巧诺咪团子",1781634838,"真跑了 再不睡明天区了"
"","","","","麦当劳白巧诺咪团子",1781634784,"喊着一起出勤"
"","","","","麦当劳白巧诺咪团子",1781634778,"你看看有没有认识的w5带带你"
"","","","","麦当劳白巧诺咪团子",1781634753,"（忍不住的）"
"","","","","麦当劳白巧诺咪团子",1781634749,"（那很正常）"
"","","","","麦当劳白巧诺咪团子",1781634740,"我是跟我朋友一起入坑一起彩框的"
"","","","","麦当劳白巧诺咪团子",1781634723,"找个熟人带就没那么多事"
"","","","","麦当劳白巧诺咪团子",1781634681,"我看还有人舞萌能不能选歌 谁先扫码都能吵起来"
"","","","","麦当劳白巧诺咪团子",1781634641,"那当然有时间了"
"","","","","麦当劳白巧诺咪团子",1781634637,"转头一看收入为0打游戏的 缺钱伸手呗"
"","","","","麦当劳白巧诺咪团子",1781634617,"你猜他为什么有时间的呢"
"","","","","麦当劳白巧诺咪团子",1781634562,"笑嘻了 驰名双标"
"","","","","麦当劳白巧诺咪团子",1781634550,"怎么一个两个看着这么高兴呢 怎么就没人骂了呢"
"","","","","麦当劳白巧诺咪团子",1781634539,"那我还看有人拍照片高光只打关键部位的呢"
"","","","","麦当劳白巧诺咪团子",1781634519,"也没有很刻意为了什么啊"
"","","","","麦当劳白巧诺咪团子",1781634507,"这个还能接受吧"
"","","","","麦当劳白巧诺咪团子",1781634492,"神人多和神人神我觉得区别不大"
"","","","","麦当劳白巧诺咪团子",1781634451,"看不清 fawo"
"","","","","麦当劳白巧诺咪团子",1781634433,"笑死了马上打到我家私信来"
"","","","","麦当劳白巧诺咪团子",1781634412,"就没那么多精力吵"
"","","","","麦当劳白巧诺咪团子",1781634402,"我的评价是 一个两个找个班上 管好自己的事"
"","","","","麦当劳白巧诺咪团子",1781634391,"依旧网友p事多"
"","","","","麦当劳白巧诺咪团子",1781634356,"那还说啥了兄弟你说啥是啥"
"","","","","麦当劳白巧诺咪团子",1781634333,"焦糖替我打第一波嗷"
"","","","","麦当劳白巧诺咪团子",1781634315,"马上刷怪了别让我自己打"
"","","","","麦当劳白巧诺咪团子",1781634299,"你猜为什么我不用dy"
"","","","","麦当劳白巧诺咪团子",1781634276,"250来了"
"","","","","麦当劳白巧诺咪团子",1781634273,"那我寻思我1t的盘分那么多区干什么"
"","","","","麦当劳白巧诺咪团子",1781634259,"我给他举报沙沙沙了"
"","","","","麦当劳白巧诺咪团子",1781634213,"那还好 那应该没兴趣盗你号"
"","","","","麦当劳白巧诺咪团子",1781634190,"你号上游戏多吗"
"","","","","麦当劳白巧诺咪团子",1781634175,"onp那你不怕盗号的吗"
"","","","","麦当劳白巧诺咪团子",1781634134,"就给我一脚踢回去了"
"","","","","麦当劳白巧诺咪团子",1781634125,"因为我ip 手机号 支付方式 steam客服不认为我是国区的"
"","","","","麦当劳白巧诺咪团子",1781634101,"我又不想开小号"
"","","","","麦当劳白巧诺咪团子",1781634096,"还真是"
"","","","","麦当劳白巧诺咪团子",1781634083,"上次想回国区被遣返高价区了"
"","","","","麦当劳白巧诺咪团子",1781634068,"高价区"
"","","","","麦当劳白巧诺咪团子",1781634054,"那我估计我60"
"","","","","麦当劳白巧诺咪团子",1781634021,"全球版用的vk"
"","","","","麦当劳白巧诺咪团子",1781634009,"uu"
"","","","","麦当劳白巧诺咪团子",1781633986,"路过的吧"
"","","","","麦当劳白巧诺咪团子",1781633966,"我拍你"
"","","","","麦当劳白巧诺咪团子",1781633964,"那你来"
"","","","","麦当劳白巧诺咪团子",1781633938,"刷到了"
"","","","","麦当劳白巧诺咪团子",1781633923,"那个白色小人的吗"
"","","","","麦当劳白巧诺咪团子",1781633901,"我去睡觉了喵"
"","","","","麦当劳白巧诺咪团子",1781633830,"啊那对了（）"
"","","","","麦当劳白巧诺咪团子",1781633810,"bur你真的理解这个麦当劳是什么意思了吗（）"
"","","","","麦当劳白巧诺咪团子",1781633756,"不如原皮"
"","","","","麦当劳白巧诺咪团子",1781633752,"不要"
"","","","","麦当劳白巧诺咪团子",1781633684,"吓哭了"
"","","","","麦当劳白巧诺咪团子",1781633681,"你能不要带着那个马头谢吗（）"
"","","","","麦当劳白巧诺咪团子",1781633655,"下班下班"
"","","","","麦当劳白巧诺咪团子",1781633615,"想下班吗焦糖"
"","","","","麦当劳白巧诺咪团子",1781633567,"打不过 眯了"
"","","","","麦当劳白巧诺咪团子",1781633512,"喝完头也不痛了"
"","","","","麦当劳白巧诺咪团子",1781633505,"反正我是基本上都喝咖啡了"
"","","","","麦当劳白巧诺咪团子",1781633469,"喝不起喵"
"","","","","麦当劳白巧诺咪团子",1781633465,"咖啡2.99 奶茶7.99"
"","","","","麦当劳白巧诺咪团子",1781633453,"奶茶店凌晨不开喵"
"","","","","麦当劳白巧诺咪团子",1781633429,"我已经喝到喝完就困了"
"","","","","麦当劳白巧诺咪团子",1781633415,"好不好喝的 熬夜呢（）"
"","","","","麦当劳白巧诺咪团子",1781633374,"最好是再来点咖啡"
"","","","","麦当劳白巧诺咪团子",1781633359,"不吃浑身难受"
"","","","","麦当劳白巧诺咪团子",1781633351,"没办法 尤其大晚上熬夜 特别想点炸鸡汉堡麦当劳"
"","","","","麦当劳白巧诺咪团子",1781633330,"给你来个x2吧"
"","","","","麦当劳白巧诺咪团子",1781633302,"不吃东西容易心情直接爆炸"
"","","","","麦当劳白巧诺咪团子",1781633286,"不想减肥"
"","","","","麦当劳白巧诺咪团子",1781633270,"气笑了"
"","","","","麦当劳白巧诺咪团子",1781633268,"整整两片肉"
"","","","","麦当劳白巧诺咪团子",1781633259,"tmd50块钱 里面2片"
"","","","","麦当劳白巧诺咪团子",1781633252,"我上次点了个酸菜五花肉和豆腐红烧肉"
"","","","","麦当劳白巧诺咪团子",1781633233,"神人商家"
"","","","","麦当劳白巧诺咪团子",1781633185,"你问我美国日本那我对口"
"","","","","麦当劳白巧诺咪团子",1781633164,"我想去也没得去（）"
"","","","","麦当劳白巧诺咪团子",1781633159,"我平时也不在国内啊（）"
"","","","","麦当劳白巧诺咪团子",1781633141,"国内不熟"
"","","","","麦当劳白巧诺咪团子",1781633136,"没去过"
"","","","","麦当劳白巧诺咪团子",1781633096,"来跟我一起出去玩（）"
"","","","","麦当劳白巧诺咪团子",1781633072,"11"
"","","","","麦当劳白巧诺咪团子",1781633030,"我给你发去日本玩的图了吗（）"
"","","","","麦当劳白巧诺咪团子",1781633014,"对"
"","","","","麦当劳白巧诺咪团子",1781632996,"那个视频"
"","","","","麦当劳白巧诺咪团子",1781632991,"明天爽玩舞萌dx"
"","","","","麦当劳白巧诺咪团子",1781632979,"活干完了"
"","","","","麦当劳白巧诺咪团子",1781628108,"亏麻（）"
"","","","","麦当劳白巧诺咪团子",1781628097,"我不行了我171"
"","","","","麦当劳白巧诺咪团子",1781628050,"spcx怎么215了 发生什么事情了"
"","","","","麦当劳白巧诺咪团子",1781627834,"小只糖"
"","","","","麦当劳白巧诺咪团子",1781627783,"举办了喵"
"","","","","麦当劳白巧诺咪团子",1781627779,"焦糖成年了吗就直播"
"","","","","麦当劳白巧诺咪团子",1781627759,"有的时候我都看不出来"
"","","","","麦当劳白巧诺咪团子",1781627740,"相似了血别溅我身上喵"
"","","","","麦当劳白巧诺咪团子",1781627720,"第一件事不就是先问多大了（）"
"","","","","麦当劳白巧诺咪团子",1781627700,"那胆子很大了"
"","","","","麦当劳白巧诺咪团子",1781627693,"？"
"","","","","麦当劳白巧诺咪团子",1781627687,"怎么一个两个都这么高票"
"","","","","麦当劳白巧诺咪团子",1781627359,"那在其他地方做了（）"
"","","","","麦当劳白巧诺咪团子",1781627313,"今天能涨亲密度指的是今天还是昨天"
"","","","","麦当劳白巧诺咪团子",1781627299,"？！强！？"
"","","","","麦当劳白巧诺咪团子",1781626933,"别相信我喵 主人不让我出来看别的妹妹的 走了喵 消失了喵"
"","","","","麦当劳白巧诺咪团子",1781626904,"这打毛线 眯了"
"","","","","麦当劳白巧诺咪团子",1781626885,"？"
"","","","","麦当劳白巧诺咪团子",1781626872,"我的战绩"
"","","","","麦当劳白巧诺咪团子",1781626865,"速报 对面提督说要打（）"
"","","","","麦当劳白巧诺咪团子",1781626823,"请看（）"
"","","","","麦当劳白巧诺咪团子",1781626533,"毁灭吧 不如代打"
"","","","","麦当劳白巧诺咪团子",1781626509,"我依旧5把比赛15个金标一把不赢-85分"
"","","","","麦当劳白巧诺咪团子",1781626484,"晚安"
"","","","","麦当劳白巧诺咪团子",1781626482,"我开始连败了"
"","","","","麦当劳白巧诺咪团子",1781626478,"队友都是恩人"
"","","","","麦当劳白巧诺咪团子",1781626467,"收到 商店直充"
"","","","","麦当劳白巧诺咪团子",1781626212,"给她两拳"
"","","","","麦当劳白巧诺咪团子",1781626113,"不相信了（）"
"","","","","麦当劳白巧诺咪团子",1781626109,"你俩这个随机加班肯定有问题（）"
"","","","","麦当劳白巧诺咪团子",1781626071,"？？"
"","","","","麦当劳白巧诺咪团子",1781626068,"？"
"","","","","麦当劳白巧诺咪团子",1781626034,"我还想让你加班呢"
"","","","","麦当劳白巧诺咪团子",1781626029,"你怎么全是减的"
"","","","","麦当劳白巧诺咪团子",1781625980,"睡觉去咯（？）"
"","","","","麦当劳白巧诺咪团子",1781625956,"那我确实是真菜（）"
"","","","","麦当劳白巧诺咪团子",1781625951,"怎么能这么说呢（）"
"","","","","麦当劳白巧诺咪团子",1781625907,"最高kd26-13"
"","","","","麦当劳白巧诺咪团子",1781625883,"我今天连赢15把了"
"","","","","麦当劳白巧诺咪团子",1781625868,"嘻嘻 我的喷喷上A了"
"","","","","麦当劳白巧诺咪团子",1781621656,"眯了"
"","","","","麦当劳白巧诺咪团子",1781621652,"这怎么打"
"","","","","麦当劳白巧诺咪团子",1781621444,"白巧"
"","","","","麦当劳白巧诺咪团子",1781620909,"勘冴えて悔しいわ"
"","","","","麦当劳白巧诺咪团子",1781620874,"我找一下"
"","","","","麦当劳白巧诺咪团子",1781620697,"还打得开我康神主页吗"
"","","","","麦当劳白巧诺咪团子",1781620305,"可以 直播间42个小助理都来请我吃饭"
"","","","","麦当劳白巧诺咪团子",1781620245,"小助理什么时候来请我吃饭 他把你送给我了"
"","","","","麦当劳白巧诺咪团子",1781620186,"那很好了"
"","","","","麦当劳白巧诺咪团子",1781620097,"退款！"
"","","","","麦当劳白巧诺咪团子",1781620093,"以下略吗 退款！"
"","","","","麦当劳白巧诺咪团子",1781620036,"hyw"
"","","","","麦当劳白巧诺咪团子",1781619973,"吓哭了"
"","","","","麦当劳白巧诺咪团子",1781619971,"我去不给小助理罚款我的工资怎么来"
"","","","","麦当劳白巧诺咪团子",1781619930,"还是小助理可爱"
"","","","","麦当劳白巧诺咪团子",1781619796,"v我"
"","","","","麦当劳白巧诺咪团子",1781619791,"我去 那我也要"
"","","","","麦当劳白巧诺咪团子",1781619607,"嘿 想得还挺美"
"","","","","麦当劳白巧诺咪团子",1781619577,"还有手语"
"","","","","麦当劳白巧诺咪团子",1781619513,"主播念一个吧（）"
"","","","","麦当劳白巧诺咪团子",1781619507,"主播怎么欺负小助理"
"","","","","麦当劳白巧诺咪团子",1781619070,"毕业率最高的直播间"
"","","","","麦当劳白巧诺咪团子",1781619064,"因为你还有5分钟要毕业了"
"","","","","麦当劳白巧诺咪团子",1781618618,"看看车牌号"
"","","","","麦当劳白巧诺咪团子",1781618539,"我听到的也是两个"
"","","","","麦当劳白巧诺咪团子",1781618520,"我们听不到就行"
"","","","","麦当劳白巧诺咪团子",1781618513,"你能听到两个是对的"
"","","","","麦当劳白巧诺咪团子",1781618380,"劲爆尾沙"
"","","","","麦当劳白巧诺咪团子",1781618348,"哈哈哈哈哈哈哈笑死我了"
"","","","","麦当劳白巧诺咪团子",1781618278,"我要让上来的都念一下（）"
"","","","","麦当劳白巧诺咪团子",1781618266,"好玩（）"
"","","","","麦当劳白巧诺咪团子",1781618262,"wwwwwww"
"","","","","麦当劳白巧诺咪团子",1781617960,"哈哈哈哈哈哈哈笑死了"
"","","","","麦当劳白巧诺咪团子",1781617833,"诺咪团子：最欺负小助理"
"","","","","麦当劳白巧诺咪团子",1781617820,"最尊重小助理的一集"
"","","","","麦当劳白巧诺咪团子",1781617706,"毕业吧akari 善意引导"
"","","","","麦当劳白巧诺咪团子",1781617644,"其实是史官环节"
"","","","","麦当劳白巧诺咪团子",1781617577,"哪里有幽灵鲨"
"","","","","麦当劳白巧诺咪团子",1781617386,"堂堂毕业"
"","","","","麦当劳白巧诺咪团子",1781617343,"社恐症犯了"
"","","","","麦当劳白巧诺咪团子",1781617336,"我不行了"
"","","","","麦当劳诺咪团子",1781616087,"我去 回音壁来了"
"","","","","麦当劳诺咪团子",1781615801,"玩➗怎么混直播间来了"
"","","","","麦当劳诺咪团子",1781615793,"玩➗别串了"
"","","","","麦当劳诺咪团子",1781615663,"大主播了喵 这也切割了吗"
"","","","","麦当劳诺咪团子",1781615584,"取关akari谢谢喵"
"","","","","麦当劳诺咪团子",1781615560,"主播取关了"
"","","","","麦当劳诺咪团子",1781615491,"我最喜欢的是三月七"
"","","","","麦当劳诺咪团子",1781615419,"你也欠她"
"","","","","鱼糕今天困了喵",1781615353,"我们之间隔了一层厚障壁了"
"","","","","鱼糕今天困了喵",1781615281,"我去我也喜欢水月 xnn嘿嘿嘿xnn"
"","","","","鱼糕今天困了喵",1781615243,"给诺沙沙沙了"
"","","","","鱼糕今天困了喵",1781615237,"我去 怎么这么坏"
"","","","","鱼糕今天困了喵",1781615050,"！？强？！"
"","","","","鱼糕今天困了喵",1781614972,"新主播毕业回（？）"
"","","","","鱼糕今天困了喵",1781614838,"我去 4个人一个小时 爽吃"
"","","","","鱼糕今天困了喵",1781614748,"还有舰长群和今天举牌"
"","","","","鱼糕今天困了喵",1781614741,"买不了吃亏买不了上当"
"","","","","鱼糕今天困了喵",1781614732,"上一个吧"
"","","","","鱼糕今天困了喵",1781614592,"视频连线什么的还是不中"
"","","","","鱼糕今天困了喵",1781614576,"我只接受pk 因为pk可以皮套"
"","","","","鱼糕今天困了喵",1781614546,"你别"
"","","","","鱼糕今天困了喵",1781614542,"我求你了"
"","","","","鱼糕今天困了喵",1781614523,"你问一圈没人再问我吧（）"
"","","","","鱼糕今天困了喵",1781614513,"不敢不敢不敢"
"","","","","鱼糕今天困了喵",1781614494,"还在奖励我"
"","","","","鱼糕今天困了喵",1781614451,"鲨鱼上吧"
"","","","","鱼糕今天困了喵",1781614370,"贪吃美雪"
"","","","","鱼糕今天困了喵",1781614362,"无名看看小肚吗"
"","","","","鱼糕今天困了喵",1781614281,"还真是无名（"
"","","","","鱼糕今天困了喵",1781614272,"神秘js bug开始了"
"","","","","鱼糕今天困了喵",1781614101,"好耶（"
"","","","","鱼糕今天困了喵",1781614099,"什么 无名要第一个"
"","","","","鱼糕今天困了喵",1781614077,"没舰长上不了的喵"
"","","","","鱼糕今天困了喵",1781614072,"舰长代播回要上舰长喵"
"","","","","鱼糕今天困了喵",1781614028,"不会是有人没看见周表二维码吧（"
"","","","","鱼糕今天困了喵",1781613998,"上来就是我喜欢的 她心里有我"
"","","","","鱼糕今天困了喵",1781613987,"诺球球上海分会南京支店（？"
"","","","","鱼糕今天困了喵",1781613938,"200块都不要"
"","","","","鱼糕今天困了喵",1781613929,"高铁"
"","","","","鱼糕今天困了喵",1781613928,"很近 仅需两小时不到（"
"","","","","鱼糕今天困了喵",1781613873,"那顺便来南京玩吧（"
"","","","","鱼糕今天困了喵",1781613814,"666b阿姨全责"
"","","","","鱼糕今天困了喵",1781613561,"按表上来吗"
"","","","","鱼糕今天困了喵",1781573022,"放假在家"
"","","","","鱼糕今天困了喵",1781572983,"oi"
"","","","","鱼糕今天困了喵",1781541955,"昨天好像没出"
"","","","","鱼糕今天困了喵",1781541947,"前几天都出了"
"","","","","鱼糕今天困了喵",1781541934,"0.0007%好像是"
"","","","","鱼糕今天困了喵",1781541804,"准备睡觉换手机了"
"","","","","鱼糕今天困了喵",1781541798,"换设备"
"","","","","鱼糕今天困了喵",1781541724,"晚安诺咪"
"","","","","鱼糕今天困了喵",1781541689,"🫰🫰🫰"
"","","","","鱼糕今天困了喵",1781541648,"我早上起来看 她起的还要更早"
"","","","","鱼糕今天困了喵",1781541633,"也没有很健康 起的太早了（"
"","","","","鱼糕今天困了喵",1781541578,"今天有点耐久了"
"","","","","鱼糕今天困了喵",1781541574,"早点下播早点休息"
"","","","","鱼糕今天困了喵",1781541564,"ztmy随机吧"
"","","","","鱼糕今天困了喵",1781541539,"诺早点咪吧（"
"","","","","鱼糕今天困了喵",1781541514,"我要回味"
"","","","","鱼糕今天困了喵",1781541507,"求你了"
"","","","","鱼糕今天困了喵",1781541502,"我申请今晚留录播"
"","","","","鱼糕今天困了喵",1781541488,"我be like：框框框！！！！"
"","","","","鱼糕今天困了喵",1781541418,"很难不笑你知道吗"
"","","","","鱼糕今天困了喵",1781541311,"框！！"
"","","","","鱼糕今天困了喵",1781541307,"框！！！"
"","","","","鱼糕今天困了喵",1781541262,"喂？？"
"","","","","鱼糕今天困了喵",1781541255,"bur你下框里"
"","","","","鱼糕今天困了喵",1781541122,"你让她操作吧（"
"","","","","鱼糕今天困了喵",1781541095,"自动加棋子来的"
"","","","","鱼糕今天困了喵",1781541084,"梦奇物是对的"
"","","","","鱼糕今天困了喵",1781540894,"神了"
"","","","","鱼糕今天困了喵",1781540891,"。"
"","","","","鱼糕今天困了喵",1781540865,"感觉不如代"
"","","","","鱼糕今天困了喵",1781540850,"也行"
"","","","","鱼糕今天困了喵",1781540844,"得偿"
"","","","","鱼糕今天困了喵",1781540764,"通宵之后我要睡两天"
"","","","","鱼糕今天困了喵",1781540753,"骗你的 熬通宵还是累"
"","","","","鱼糕今天困了喵",1781540739,"+1"
"","","","","鱼糕今天困了喵",1781540707,"乐"
"","","","","鱼糕今天困了喵",1781540667,"花先飞了"
"","","","","鱼糕今天困了喵",1781540661,"花吃人的"
"","","","","鱼糕今天困了喵",1781540623,"夜刀来了boss也飞了"
"","","","","鱼糕今天困了喵",1781540607,"抓的够好电弧的鱼来了boss都飞了"
"","","","","鱼糕今天困了喵",1781540591,"强度够了就行"
"","","","","鱼糕今天困了喵",1781540322,"这就是玩望玩的"
"","","","","鱼糕今天困了喵",1781540317,"很难不笑"
"","","","","鱼糕今天困了喵",1781540301,"《中招了》"
"","","","","鱼糕今天困了喵",1781540257,"有一种简单的强度的美"
"","","","","鱼糕今天困了喵",1781539836,"oi"
"","","","","鱼糕今天困了喵",1781539709,"那就成为富婆吧"
"","","","","鱼糕今天困了喵",1781539359,"刚刚可以直接下右边的 下右边下五颗 下下面只有3颗"
"","","","","鱼糕今天困了喵",1781539215,"搞么子"
"","","","","鱼糕今天困了喵",1781538918,"但是只玩了开服"
"","","","","鱼糕今天困了喵",1781538907,"其实我也是开服玩家"
"","","","","鱼糕今天困了喵",1781538550,"难"
"","","","","鱼糕今天困了喵",1781538097,"游戏回是这样的"
"","","","","鱼糕今天困了喵",1781537918,"手部乘区"
"","","","","鱼糕今天困了喵",1781537837,"放个mmk 望很脆的"
"","","","","鱼糕今天困了喵",1781537730,"她被我硬控了"
"","","","","鱼糕今天困了喵",1781537603,"大炮？核弹来了"
"","","","","鱼糕今天困了喵",1781537592,"点满无视39点法术抗性"
"","","","","鱼糕今天困了喵",1781537487,"大结束给7个"
"","","","","鱼糕今天困了喵",1781537481,"开大给7个"
"","","","","鱼糕今天困了喵",1781537475,"这回让她玩爽了"
"","","","","鱼糕今天困了喵",1781537114,"不秉烛派遣不扣血吧"
"","","","","鱼糕今天困了喵",1781537056,"7"
"","","","","鱼糕今天困了喵",1781536985,"台子不能倒"
"","","","","鱼糕今天困了喵",1781536970,"就睡了"
"","","","","鱼糕今天困了喵",1781536847,"捆绑"
"","","","","鱼糕今天困了喵",1781536843,"电击"
"","","","","鱼糕今天困了喵",1781536837,"上台子"
"","","","","鱼糕今天困了喵",1781536829,"望肯定不行 上去就睡了"
"","","","","鱼糕今天困了喵",1781536759,"？！强强！？"
"","","","","鱼糕今天困了喵",1781536676,"主要是萌"
"","","","","鱼糕今天困了喵",1781536674,"主播是萌新"
"","","","","鱼糕今天困了喵",1781536629,"我感觉丢不出来"
"","","","","鱼糕今天困了喵",1781536623,"除非你有够运"
"","","","","鱼糕今天困了喵",1781536305,"代代代"
"","","","","鱼糕今天困了喵",1781536224,"你可以不燃的派遣"
"","","","","鱼糕今天困了喵",1781536094,"三技能爆发无敌了"
"","","","","鱼糕今天困了喵",1781536060,"可能三技能略微有点事情 因为只有框内才是下棋下5颗"
"","","","","鱼糕今天困了喵",1781536039,"围棋戴尔"
"","","","","鱼糕今天困了喵",1781536019,"进进进 往里进 都能进 大大方方进"
"","","","","鱼糕今天困了喵",1781535965,"想了想还是对你好点"
"","","","","鱼糕今天困了喵",1781535958,"你知道吗我本来想指定黑角的"
"","","","","鱼糕今天困了喵",1781535947,"开技能之后在框内下棋可以看到一堆棋子"
"","","","","鱼糕今天困了喵",1781535921,"望精二可以3"
"","","","","鱼糕今天困了喵",1781535626,"诺味会议室"
"","","","","鱼糕今天困了喵",1781535308,"发射就好了"
"","","","","鱼糕今天困了喵",1781535303,"棋子当成大脑"
"","","","","鱼糕今天困了喵",1781535296,"哪里不会点哪里"
"","","","","鱼糕今天困了喵",1781535290,"望还需要会"
"","","","","鱼糕今天困了喵",1781535082,"还真是 出了ab都是区"
"","","","","鱼糕今天困了喵",1781534986,"刷闪光诺来了"
"","","","","鱼糕今天困了喵",1781534977,"怎么全是闪耀"
"","","","","鱼糕今天困了喵",1781534910,"抽吗"
"","","","","鱼糕今天困了喵",1781534902,"手表也还在"
"","","","","鱼糕今天困了喵",1781534888,"诺 手机还在"
"","","","","鱼糕今天困了喵",1781534766,"喝水"
"","","","","鱼糕今天困了喵",1781534651,"这就是解压缩"
"","","","","鱼糕今天困了喵",1781534646,"是的这就是锅碗瓢盆"
"","","","","鱼糕今天困了喵",1781534567,"有教无类 误入奇境 紧急作战 先行一步"
"","","","","鱼糕今天困了喵",1781534504,"错的错的错的 我忘了充电池了"
"","","","","鱼糕今天困了喵",1781534443,"右上"
"","","","","鱼糕今天困了喵",1781534349,"没活点我 有活可以先不点"
"","","","","鱼糕今天困了喵",1781534335,"笑死了"
"","","","","鱼糕今天困了喵",1781534331,"6666"
"","","","","鱼糕今天困了喵",1781534116,"没事 卡上抓位就行了"
"","","","","鱼糕今天困了喵",1781534087,"嘻嘻（"
"","","","","鱼糕今天困了喵",1781534062,"诺有年吗"
"","","","","鱼糕今天困了喵",1781533998,"其实是想卡她熊二抓位"
"","","","","鱼糕今天困了喵",1781533988,"卫戍玩少了"
"","","","","鱼糕今天困了喵",1781533938,"诺有菲莱吗"
"","","","","鱼糕今天困了喵",1781533721,"引星棘刺因为引星导致变成5星干员（bushi"
"","","","","鱼糕今天困了喵",1781533630,"“没活点我”"
"","","","","鱼糕今天困了喵",1781533607,"t0级的分队 骗你的 t0打不过这个"
"","","","","鱼糕今天困了喵",1781533591,"岁兽代理人的援助尽在眼前！"
"","","","","鱼糕今天困了喵",1781533579,"吼吼吼来咯"
"","","","","鱼糕今天困了喵",1781533566,"代理人开了吗"
"","","","","鱼糕今天困了喵",1781533519,"我的下饭神器和flag呢"
"","","","","鱼糕今天困了喵",1781533427,"就有2结局了"
"","","","","鱼糕今天困了喵",1781533423,"你打完半血的大脚"
"","","","","鱼糕今天困了喵",1781533397,"1"
"","","","","鱼糕今天困了喵",1781533328,"666666666666"
"","","","","鱼糕今天困了喵",1781533295,"666666"
"","","","","鱼糕今天困了喵",1781533230,"打不着"
"","","","","鱼糕今天困了喵",1781533227,"没血条无敌"
"","","","","鱼糕今天困了喵",1781533212,"鼓神神了"
"","","","","鱼糕今天困了喵",1781533207,"我去伤害还行"
"","","","","鱼糕今天困了喵",1781533177,"hyw"
"","","","","鱼糕今天困了喵",1781533048,"我感觉睡了"
"","","","","鱼糕今天困了喵",1781533027,"这集神了"
"","","","","鱼糕今天困了喵",1781532912,"你是主播"
"","","","","鱼糕今天困了喵",1781532909,"你是主播 好牌多抓"
"","","","","鱼糕今天困了喵",1781532846,"原石凯（？"
"","","","","鱼糕今天困了喵",1781532570,"魔珠灵丸来了"
"","","","","鱼糕今天困了喵",1781532483,"下次还有喵"
"","","","","鱼糕今天困了喵",1781532478,"每场战斗只踩一次喵"
"","","","","鱼糕今天困了喵",1781532417,"还在放斩"
"","","","","鱼糕今天困了喵",1781532379,"太美味了"
"","","","","鱼糕今天困了喵",1781532357,"你赢了再说"
"","","","","鱼糕今天困了喵",1781532352,"“赢了”能摸摸你吗"
"","","","","鱼糕今天困了喵",1781532267,"它不踩住你怎么打伤害（）"
"","","","","鱼糕今天困了喵",1781532253,"乐"
"","","","","鱼糕今天困了喵",1781532220,"条满了会踩干员最多的区域"
"","","","","鱼糕今天困了喵",1781532201,"锅碗瓢盆刀剑矛"
"","","","","鱼糕今天困了喵",1781532174,"还不如打一结局了"
"","","","","鱼糕今天困了喵",1781532167,"顺带一提二结局左边会解压缩"
"","","","","鱼糕今天困了喵",1781532148,"每次战斗都出现"
"","","","","鱼糕今天困了喵",1781532140,"一直到大脚血量低于一半为止"
"","","","","鱼糕今天困了喵",1781532129,"对"
"","","","","鱼糕今天困了喵",1781532094,"时间差不多咯"
"","","","","鱼糕今天困了喵",1781532089,"来不及咯"
"","","","","鱼糕今天困了喵",1781532068,"哈哈哈哈哈哈哈哈拿二结局拿的"
"","","","","鱼糕今天困了喵",1781532047,"已经开始笑了"
"","","","","鱼糕今天困了喵",1781532041,"要来了"
"","","","","鱼糕今天困了喵",1781531966,"我感觉有福了"
"","","","","鱼糕今天困了喵",1781531961,"来点大脚笑话"
"","","","","鱼糕今天困了喵",1781531911,"看词条看一半（"
"","","","","鱼糕今天困了喵",1781531838,"在现场 我是水池"
"","","","","鱼糕今天困了喵",1781531807,"原来喝过了吗（）"
"","","","","鱼糕今天困了喵",1781531770,"喝水"
"","","","","鱼糕今天困了喵",1781531451,"地雷来了"
"","","","","鱼糕今天困了喵",1781531315,"笑死我了爽到了"
"","","","","鱼糕今天困了喵",1781531261,"开了减费叠真银斩"
"","","","","鱼糕今天困了喵",1781531188,"有电弧ew难度-100%"
"","","","","鱼糕今天困了喵",1781530965,"鼓"
"","","","","鱼糕今天困了喵",1781530947,"再不抓我sc了"
"","","","","鱼糕今天困了喵",1781530910,"感觉不如1"
"","","","","鱼糕今天困了喵",1781530882,"笑了"
"","","","","鱼糕今天困了喵",1781530815,"有实力的老板上个舰长 每周晚上都有百变诺看"
"","","","","鱼糕今天困了喵",1781530784,"喜欢的可以送一个粉丝团灯牌卡卡牌子"
"","","","","鱼糕今天困了喵",1781530584,"6"
"","","","","鱼糕今天困了喵",1781530218,"满血电弧宣传片"
"","","","","鱼糕今天困了喵",1781530182,"然后全吃了"
"","","","","鱼糕今天困了喵",1781530174,"实在不行你屯50滴血然后扛到关底"
"","","","","鱼糕今天困了喵",1781530061,"666我v你50你下线我来打这把"
"","","","","鱼糕今天困了喵",1781530019,"钱盒反着买"
"","","","","鱼糕今天困了喵",1781529831,"相信"
"","","","","鱼糕今天困了喵",1781529817,"没事 看主播表演"
"","","","","鱼糕今天困了喵",1781529681,"车"
"","","","","鱼糕今天困了喵",1781529586,"鞋和嘴也能拿"
"","","","","鱼糕今天困了喵",1781529545,"v你50这个商店给我打"
"","","","","鱼糕今天困了喵",1781529531,"刷这么好"
"","","","","鱼糕今天困了喵",1781529518,"嘴"
"","","","","鱼糕今天困了喵",1781529484,"起飞！"
"","","","","鱼糕今天困了喵",1781529095,"还在提醒我（）"
"","","","","鱼糕今天困了喵",1781528855,"指定招不到可以延后一把（"
"","","","","鱼糕今天困了喵",1781528793,"节目效果来了"
"","","","","鱼糕今天困了喵",1781528789,"哈哈！"
"","","","","鱼糕今天困了喵",1781528670,"代理人！"
"","","","","鱼糕今天困了喵",1781528631,"她还得谢谢咱呢"
"","","","","鱼糕今天困了喵",1781528595,"ban电弧她真的能打吗"
"","","","","鱼糕今天困了喵",1781528582,"我复刻34出了"
"","","","","鱼糕今天困了喵",1781528526,"三星堆wwww"
"","","","","鱼糕今天困了喵",1781528488,"瞬间强力输出端没了"
"","","","","鱼糕今天困了喵",1781528404,"有福咯"
"","","","","鱼糕今天困了喵",1781528194,"诺应该有新能吧（）"
"","","","","鱼糕今天困了喵",1781528181,"哎不对 还能先看box的啊"
"","","","","鱼糕今天困了喵",1781528035,"那睡得很舒服了"
"","","","","鱼糕今天困了喵",1781527998,"诺你理智超了"
"","","","","鱼糕今天困了喵",1781527876,"没吃过水煮菜的都试试（）"
"","","","","鱼糕今天困了喵",1781527869,"好好吃（）"
"","","","","鱼糕今天困了喵",1781527866,"今天中午吃了水煮菜"
"","","","","鱼糕今天困了喵",1781527690,"q（"
"","","","","鱼糕今天困了喵",1781527459,"目前唯一一个cdk还能黑卡的区"
"","","","","鱼糕今天困了喵",1781527451,"港任是区"
"","","","","鱼糕今天困了喵",1781527395,"那很良心了"
"","","","","鱼糕今天困了喵",1781525629,"oi"
"","","","","鱼糕今天困了喵",1781494412,"别的妹妹比你们乖"
"","","","","鱼糕今天困了喵",1781494406,"你看"
"","","","","鱼糕今天困了喵",1781494405,"这样我可以光明正大地说"
"","","","","鱼糕今天困了喵",1781494357,"挂了三个"
"","","","","鱼糕今天困了喵",1781494353,"会的（）"
"","","","","鱼糕今天困了喵",1781493619,"3h"
"","","","","鱼糕今天困了喵",1781493499,"传下去 布丁不想要流量"
"","","","","鱼糕今天困了喵",1781493354,"有两个地方可以"
"","","","","鱼糕今天困了喵",1781493331,"看别的妹妹去了"
"","","","","鱼糕今天困了喵",1781493224,"？"
"","","","","鱼糕今天困了喵",1781493208,"太看得起我了 0个人来救"
"","","","","鱼糕今天困了喵",1781493190,"嘻嘻"
"","","","","鱼糕今天困了喵",1781493188,"找不着我"
"","","","","鱼糕今天困了喵",1781493134,"第一桶金"
"","","","","鱼糕今天困了喵",1781493127,"再给焦糖卖了"
"","","","","鱼糕今天困了喵",1781493123,"先想个办法给布丁卖了"
"","","","","鱼糕今天困了喵",1781493096,"说点大家不想要的"
"","","","","鱼糕今天困了喵",1781493052,"有点少 那不开播了"
"","","","","鱼糕今天困了喵",1781493020,"我也没见过 给我送一个我看看特效"
"","","","","鱼糕今天困了喵",1781492601,"那睡得很舒服了"
"","","","","鱼糕今天困了喵",1781492365,"666还有读博的"
"","","","","鱼糕今天困了喵",1781492335,"50包邮解君愁"
"","","","","鱼糕今天困了喵",1781492317,"送我"
"","","","","鱼糕今天困了喵",1781492263,"说不定那个商家聊开心了能便宜点"
"","","","","鱼糕今天困了喵",1781492247,"鱼就纯看运气"
"","","","","鱼糕今天困了喵",1781492196,"鱼没有吧"
"","","","","鱼糕今天困了喵",1781492183,"燃成灰了"
"","","","","鱼糕今天困了喵",1781492176,"弄完了"
"","","","","鱼糕今天困了喵",1781491862,"oi"
"","","","","鱼糕今天困了喵",1781452975,"我是也够"
"","","","","鱼糕今天困了喵",1781452744,"没的玩 不好玩"
"","","","","鱼糕今天困了喵",1781452740,"航海日活动太区了"
"","","","","鱼糕今天困了喵",1781452676,"修图修到要吐了 头晕"
"","","","","鱼糕今天困了喵",1781452638,"布丁 想你了"
"","","","","鱼糕今天困了喵",1781451378,"修完图我要瘫了"
"","","","","鱼糕今天困了喵",1781451333,"没变化 该身体部位未检出"
"","","","","鱼糕今天困了喵",1781451216,"走了"
"","","","","鱼糕今天困了喵",1781451205,"再见吧"
"","","","","鱼糕今天困了喵",1781451202,"退款"
"","","","","鱼糕今天困了喵",1781451198,"？"
"","","","","鱼糕今天困了喵",1781451178,"捏捏"
"","","","","鱼糕今天困了喵",1781450953,"我在看别的妹妹（点头）"
"","","","","鱼糕今天困了喵",1781450946,"为什么问我在干什么"
"","","","","鱼糕今天困了喵",1781450939,"带我上s+"
"","","","","鱼糕今天困了喵",1781450904,"而我 我是惊天一条区"
"","","","","鱼糕今天困了喵",1781450684,"我试了实体sim卡可以"
"","","","","鱼糕今天困了喵",1781450666,"机房ip被屏蔽了"
"","","","","鱼糕今天困了喵",1781450637,"国内用不了ai 正版也用不了"
"","","","","鱼糕今天困了喵",1781450604,"我约等于给adobe刷了个1980"
"","","","","鱼糕今天困了喵",1781450587,"是正版的那我要哭了"
"","","","","鱼糕今天困了喵",1781450554,"截图我看看"
"","","","","鱼糕今天困了喵",1781450523,"我意思 要不就是学习版的 要不就是正版 哪儿来的40这个价位"
"","","","","鱼糕今天困了喵",1781450497,"？"
"","","","","鱼糕今天困了喵",1781450482,"什么ps会员40"
"","","","","鱼糕今天困了喵",1781450453,"我在修图"
"","","","","鱼糕今天困了喵",1781450446,"1980没有自动"
"","","","","鱼糕今天困了喵",1781450440,"什么 焦糖想要取消"
"","","","","鱼糕今天困了喵",1781447502,"没事 诺想看我再改过来 想必诺想看吧（）"
"","","","","麦当劳诺糯雪糕",1781447057,"adobe何时做做他那个优化和多人合作"
"","","","","麦当劳诺糯雪糕",1781446987,"canva还是太好用了"
"","","","","麦当劳诺糯雪糕",1781446841,"那个活动很随机"
"","","","","麦当劳诺糯雪糕",1781446835,"我觉得最难受的是踢球不能代理"
"","","","","麦当劳诺糯雪糕",1781446762,"zoot.plus发公告了 maa不能多作业代理新活动 只能进干员界面再代理"
"","","","","麦当劳诺糯雪糕",1781446739,"我被一万个广告抓了"
"","","","","麦当劳诺糯雪糕",1781446732,"语音厅神人确实多"
"","","","","麦当劳诺糯雪糕",1781446154,"在哪报名"
"","","","","麦当劳诺糯雪糕",1781446101,"8个"
"","","","","麦当劳诺糯雪糕",1781446097,"对的"
"","","","","麦当劳诺糯雪糕",1781445954,"就算云同步不开你也检测不到游戏权限了"
"","","","","麦当劳诺糯雪糕",1781445934,"别的游戏跟账号的 新号登陆就是从头开始"
"","","","","麦当劳诺糯雪糕",1781445850,"唯一不影响玩的来的"
"","","","","麦当劳诺糯雪糕",1781445842,"进捡树枝也可以迁移到新号作为岛主"
"","","","","麦当劳诺糯雪糕",1781445827,"你拿新号登陆ns 别删数据 给老号删了"
"","","","","麦当劳诺糯雪糕",1781445762,"对的"
"","","","","麦当劳诺糯雪糕",1781445741,"捡树枝不跟账号跟机子"
"","","","","麦当劳诺糯雪糕",1781445728,"全岛迁移"
"","","","","麦当劳诺糯雪糕",1781445722,"你转走"
"","","","","麦当劳诺糯雪糕",1781445692,"能的 帮登录刷物品代打代充都有可能喵"
"","","","","麦当劳诺糯雪糕",1781445663,"全球版9/1涨价"
"","","","","麦当劳诺糯雪糕",1781445457,"周一 明日方舟 界园"
"","","","","麦当劳诺糯雪糕",1781445430,"诺球球守则第一条 诺永远是对的"
"","","","","麦当劳诺糯雪糕",1781445388,"让她买 让她买"
"","","","","麦当劳诺糯雪糕",1781445237,"好消息 我有ns app导航 坏消息 日文导航"
"","","","","麦当劳诺糯雪糕",1781445130,"懒狗这一块"
"","","","","麦当劳诺糯雪糕",1781445124,"我一直忘了打ex英杰之诗"
"","","","","麦当劳诺糯雪糕",1781445046,"野炊（）"
"","","","","麦当劳诺糯雪糕",1781445003,"她撒娇了 好感度+100"
"","","","","麦当劳诺糯雪糕",1781444975,"球球好感度-10"
"","","","","麦当劳诺糯雪糕",1781444880,"野炊那多玩俩小时拿着滑翔伞吧"
"","","","","麦当劳诺糯雪糕",1781444829,"？！给给！？"
"","","","","麦当劳诺糯雪糕",1781444798,"这集太痛了"
"","","","","麦当劳诺糯雪糕",1781444791,"我服了可拆卸qq"
"","","","","麦当劳诺糯雪糕",1781444729,"812"
"","","","","麦当劳诺糯雪糕",1781444726,"1542225"
"","","","","麦当劳诺糯雪糕",1781444685,"1"
"","","","","麦当劳诺糯雪糕",1781444418,"铁人"
"","","","","麦当劳诺糯雪糕",1781444340,"我要吃诺咪粽"
"","","","","麦当劳诺糯雪糕",1781444313,"都吃"
"","","","","麦当劳诺糯雪糕",1781444186,"大t恤大短裤大拖鞋直播"
"","","","","麦当劳诺糯雪糕",1781444100,"报吧"
"","","","","麦当劳诺糯雪糕",1781443853,"好多套个毛就来了"
"","","","","麦当劳诺糯雪糕",1781443841,"老外的cos还是不够卷"
"","","","","麦当劳诺糯雪糕",1781443448,"图"
"","","","","麦当劳诺糯雪糕",1781443444,"q"
"","","","","麦当劳诺糯雪糕",1781443367,"就sp最好看"
"","","","","麦当劳诺糯雪糕",1781443360,"我感觉他那个除了sp都一般（）"
"","","","","麦当劳诺糯雪糕",1781443343,"我找一下"
"","","","","麦当劳诺糯雪糕",1781443318,"一盒"
"","","","","麦当劳诺糯雪糕",1781443313,"出了ssr的mmk和sp的斯卡蒂"
"","","","","麦当劳诺糯雪糕",1781443301,"我买了流光绘影卡牌"
"","","","","麦当劳诺糯雪糕",1781443058,"抽个12F送给你们"
"","","","","麦当劳诺糯雪糕",1781442926,"真的有人挂12f吗 没见过这个"
"","","","","麦当劳诺糯雪糕",1781442889,"还有圈到的都要环节"
"","","","","麦当劳诺糯雪糕",1781442754,"我不行了超薄01通行证"
"","","","","麦当劳诺糯雪糕",1781442580,"拍了发现是诺 抱起来扔后备箱带走"
"","","","","麦当劳诺糯雪糕",1781442516,"oi 球球"
"","","","","麦当劳诺糯雪糕",1781442510,"我会掏着我的b站主页拍拍"
"","","","","麦当劳诺糯雪糕",1781442439,"比较的泪脸"
"","","","","麦当劳诺糯雪糕",1781442296,"还有这种好事"
"","","","","麦当劳诺糯雪糕",1781442152,"我去 那叫窃"
"","","","","麦当劳诺糯雪糕",1781442130,"送我"
"","","","","麦当劳诺糯雪糕",1781442091,"我直接跑着捡"
"","","","","麦当劳诺糯雪糕",1781442083,"要不谁丢个5cad在地上吧"
"","","","","麦当劳诺糯雪糕",1781442038,"太少了（"
"","","","","麦当劳诺糯雪糕",1781442032,"不捡 起码五块"
"","","","","麦当劳诺糯雪糕",1781441938,"以免你不知道指定这个1598"
"","","","","麦当劳诺糯雪糕",1781441883,"那很难了"
"","","","","麦当劳诺糯雪糕",1781441879,"666帮忙指定吗"
"","","","","麦当劳诺糯雪糕",1781441751,"草（）"
"","","","","麦当劳诺糯雪糕",1781441743,"不行我可以指定个nira"
"","","","","麦当劳诺糯雪糕",1781441733,"那现在还能出吗（）"
"","","","","麦当劳诺糯雪糕",1781441643,"我挂了一排 没人问过"
"","","","","麦当劳诺糯雪糕",1781441634,"我们挂ztmy徽章的真的是0个人认识"
"","","","","麦当劳诺糯雪糕",1781441596,"你穿好点再给（）"
"","","","","麦当劳诺糯雪糕",1781441589,"给她！给她！给她！"
"","","","","麦当劳诺糯雪糕",1781441495,"我的好感度呢"
"","","","","麦当劳诺糯雪糕",1781441450,"111老师给我推一下我也要学"
"","","","","麦当劳诺糯雪糕",1781441442,"请一定要留录播"
"","","","","麦当劳诺糯雪糕",1781441436,"还有誓见"
"","","","","麦当劳诺糯雪糕",1781441385,"对的（）"
"","","","","麦当劳诺糯雪糕",1781441272,"哈哈 雨诺 你把我今天教你的方法唱一下给大家听听"
"","","","","麦当劳诺糯雪糕",1781441197,"老师怎么还没刷到 我的力量太弱小了"
"","","","","麦当劳诺糯雪糕",1781441180,"什么时候发视频我要买必火"
"","","","","麦当劳诺糯雪糕",1781441106,"到底是在骂我还是在撒娇"
"","","","","麦当劳诺糯雪糕",1781441094,"《笨蛋》"
"","","","","麦当劳诺糯雪糕",1781440964,"二游上班的来了"
"","","","","麦当劳诺糯雪糕",1781440900,"111乳酪训练回"
"","","","","麦当劳诺糯雪糕",1781372896,"好ww 晚安喵"
"","","","","麦当劳诺糯雪糕",1781372873,"马上就眯了 明天还要开车"
"","","","","麦当劳诺糯雪糕",1781372867,"没 我准备睡的 刷到你了进来蹲会儿"
"","","","","麦当劳诺糯雪糕",1781372794,"雅俗共赏了"
"","","","","麦当劳诺糯雪糕",1781372790,"那倒是"
"","","","","麦当劳诺糯雪糕",1781372764,"太难绷了"
"","","","","麦当劳诺糯雪糕",1781372757,"我很好奇这首歌是在创作者什么精神状态下写出来的"
"","","","","麦当劳诺糯雪糕",1781372712,"确实学得快"
"","","","","麦当劳诺糯雪糕",1781372623,"可以跳转后面正常版本（）"
"","","","","麦当劳诺糯雪糕",1781372531,"之前也拍照片修图什么的"
"","","","","麦当劳诺糯雪糕",1781372513,"我跟她线下很熟了（）"
"","","","","麦当劳诺糯雪糕",1781372465,"直播间整活给我笑死了"
"","","","","麦当劳诺糯雪糕",1781372449,"我去你听过这个吗"
"","","","","麦当劳诺糯雪糕",1781372429,"在"
"","","","","麦当劳诺糯雪糕",1781372374,"给你加个1980"
"","","","","麦当劳诺糯雪糕",1781372367,"实在不行续舰给你在那边续"
"","","","","麦当劳诺糯雪糕",1781372350,"那到时候看吧"
"","","","","麦当劳诺糯雪糕",1781372288,"所以我每次都是等你单人了才来"
"","","","","麦当劳诺糯雪糕",1781372265,"然后要不然就是问这问那（）"
"","","","","麦当劳诺糯雪糕",1781372256,"就是吵（）"
"","","","","麦当劳诺糯雪糕",1781372244,"yes"
"","","","","麦当劳诺糯雪糕",1781372232,"事情太多了（）"
"","","","","麦当劳诺糯雪糕",1781372223,"我现在超级不想去厅里（）"
"","","","","麦当劳诺糯雪糕",1781372211,"那没办法咯（）"
"","","","","麦当劳诺糯雪糕",1781372196,"这个点人是少 好多人助眠去了"
"","","","","麦当劳诺糯雪糕",1781372186,"有点晚了？"
"","","","","麦当劳诺糯雪糕",1781372114,"我再也不相信盲盒了"
"","","","","麦当劳诺糯雪糕",1781372087,"我看人家高爆率200-300都有了"
"","","","","麦当劳诺糯雪糕",1781372074,"也正常吗"
"","","","","麦当劳诺糯雪糕",1781372071,"1k个盒子啊"
"","","","","麦当劳诺糯雪糕",1781372049,"倒霉蛋"
"","","","","麦当劳诺糯雪糕",1781372041,"我这个号1k没堡"
"","","","","麦当劳诺糯雪糕",1781372032,"对"
"","","","","麦当劳诺糯雪糕",1781372013,"不在我号上"
"","","","","麦当劳诺糯雪糕",1781372008,"但是是他那部分出的"
"","","","","麦当劳诺糯雪糕",1781372000,"我跟别人拼好堡出过"
"","","","","麦当劳诺糯雪糕",1781371973,"哈哈"
"","","","","麦当劳诺糯雪糕",1781371971,"没出过"
"","","","","麦当劳诺糯雪糕",1781371943,"我已经连续一万个250了"
"","","","","麦当劳诺糯雪糕",1781371921,"依旧250"
"","","","","麦当劳诺糯雪糕",1781371852,"能生出来那你也是个人物了"
"","","","","麦当劳诺糯雪糕",1781371831,"高二16吧"
"","","","","麦当劳诺糯雪糕",1781371807,"更小的不许刷 乖 咱好好学习"
"","","","","麦当劳诺糯雪糕",1781371777,"[热]"
"","","","","麦当劳诺糯雪糕",1781371774,"05"
"","","","","麦当劳诺糯雪糕",1781371729,"那比我大点"
"","","","","麦当劳诺糯雪糕",1781371698,"我没说你 我说他"
"","","","","麦当劳诺糯雪糕",1781371677,"怎么还有小孩 bur你多大"
"","","","","麦当劳诺糯雪糕",1781371587,"然后让你刷点"
"","","","","麦当劳诺糯雪糕",1781371514,"找个未来里面有你的"
"","","","","麦当劳诺糯雪糕",1781371505,"那分了不是好事吗"
"","","","","麦当劳诺糯雪糕",1781371412,"马上转手给你卖了"
"","","","","麦当劳诺糯雪糕",1781371400,"那我跟你说我给你8k你来跟我线下网吧连坐包吃住你敢来吗（）"
"","","","","麦当劳诺糯雪糕",1781371368,"很难不想啊"
"","","","","麦当劳诺糯雪糕",1781371348,"他给打半年我也不敢啊 我多嘴问一句跟3w把零件卖了有啥区别"
"","","","","麦当劳诺糯雪糕",1781371311,"不像真的"
"","","","","麦当劳诺糯雪糕",1781371282,"要不然他图你什么呢"
"","","","","麦当劳诺糯雪糕",1781371275,"你还别说真就怕是这个"
"","","","","麦当劳诺糯雪糕",1781371261,"还有零件拆卸"
"","","","","麦当劳诺糯雪糕",1781371252,"笑死了"
"","","","","麦当劳诺糯雪糕",1781371169,"在互联网找真诚吗 那很难了（）"
"","","","","麦当劳诺糯雪糕",1781371124,"66666"
"","","","","麦当劳诺糯雪糕",1781371063,"神人来了"
"","","","","麦当劳诺糯雪糕",1781371045,"何意味"
"","","","","麦当劳诺糯雪糕",1781370385,"我在整活（）"
"","","","","麦当劳诺糯雪糕",1781370375,"（）"
"","","","","麦当劳诺糯雪糕",1781362426,"我永远喜欢幼蓝蓝"
"","","","","麦当劳诺糯雪糕",1781362171,"ノーチラス"
"","","","","麦当劳诺糯雪糕",1781362167,"哦哦哦"
"","","","","麦当劳诺糯雪糕",1781362146,"我干啥了"
"","","","","麦当劳诺糯雪糕",1781362120,"嗯？"
"","","","","麦当劳诺糯雪糕",1781361844,"今天的举牌会是@麦当劳诺糯雪糕吗"
"","","","","麦当劳诺糯雪糕",1781361804,"ノーチラス"
"","","","","麦当劳诺糯雪糕",1781361348,"？！便利店！？"
"","","","","麦当劳诺糯雪糕",1781361284,"禁言也是一种麦当劳（x）"
"","","","","麦当劳诺糯雪糕",1781360953,"我的电脑复活了 好耶"
"","","","","麦当劳诺糯雪糕",1781360944,"好看"
"","","","","麦当劳诺糯雪糕",1781360889,"正在尝试复活（"
"","","","","麦当劳诺糯雪糕",1781360852,"刚刚看到一半音响吱吱作响 然后就暴毙了"
"","","","","麦当劳诺糯雪糕",1781360836,"我的电脑怎么默默丝掉了"
"","","","","麦当劳诺糯雪糕",1781360788,"思考"
"","","","","麦当劳诺糯雪糕",1781360760,"我没意见啊"
"","","","","麦当劳诺糯雪糕",1781360695,"那也行 发来 我加班 多的送我（）"
"","","","","麦当劳诺糯雪糕",1781360687,"好像不对（）"
"","","","","麦当劳鱼糕",1781360460,"不做完不下播真可以抽奖了"
"","","","","麦当劳鱼糕",1781360435,"我即将变成诺雪糕（全对"
"","","","","麦当劳鱼糕",1781360415,"我突发奇想是不是可以把牌子改成诺雪糕（？"
"","","","","麦当劳鱼糕",1781359892,"麦当劳（指想把所有人变成麦当劳"
"","","","","麦当劳鱼糕",1781359817,"如此星巴克的话（？）"
"","","","","麦当劳鱼糕",1781359384," （对哦）"
"","","","","麦当劳鱼糕",1781359358,"到底是谁在给pk直播间刷米"
"","","","","麦当劳鱼糕",1781359328,"笑死我了"
"","","","","麦当劳鱼糕",1781359325,"怎么还叫芙宁娜雪糕我不行了"
"","","","","麦当劳鱼糕",1781359293,"喜欢克隆诺 一人一只 仅限提督诺球球44狐宝40领取"
"","","","","麦当劳鱼糕",1781359238,"跟看视频没区别那就算咯"
"","","","","麦当劳鱼糕",1781359228,"而且人太多了读不着弹幕"
"","","","","麦当劳鱼糕",1781359210,"后面就没看了"
"","","","","麦当劳鱼糕",1781359015,"你要是跟我很熟我也不会特别计较怎么样的"
"","","","","麦当劳鱼糕",1781358987,"就 “我没跟你熟到这个地步吧” 我的评价是"
"","","","","麦当劳鱼糕",1781358943,"我直接沙"
"","","","","麦当劳鱼糕",1781358936,"我发消息都不回的"
"","","","","麦当劳鱼糕",1781358812,"那算了 诺和狐不能退"
"","","","","麦当劳鱼糕",1781358738,"我急急急"
"","","","","麦当劳鱼糕",1781358734,"其实我也无所谓 但是别的舰长收到了"
"","","","","麦当劳鱼糕",1781358720,"不是你 有5个人卡了我舰礼没发货"
"","","","","麦当劳鱼糕",1781358661,"不是诺（叠甲"
"","","","","麦当劳鱼糕",1781358650,"我想把答应给我舰礼还要了地址不发货半年的退款了（）"
"","","","","麦当劳鱼糕",1781358609,"我5岁"
"","","","","麦当劳鱼糕",1781358078,"怎么这么坏"
"","","","","麦当劳鱼糕",1781358072,"坏了变成手动档了"
"","","","","麦当劳鱼糕",1781358047,"都送我"
"","","","","麦当劳鱼糕",1781357931,"《完成第二个了》大成功！"
"","","","","麦当劳鱼糕",1781357872,"她会再确认地址的"
"","","","","麦当劳鱼糕",1781357845,"打包不完我可以去你家窗外飘着吗"
"","","","","麦当劳鱼糕",1781357740,"打包不完就加班抽奖吧（）"
"","","","","麦当劳鱼糕",1781357734,"诺今天能打包完吗"
"","","","","麦当劳鱼糕",1781357644,"好久不见执行者号"
"","","","","麦当劳鱼糕",1781357404,"很有收藏价值啊（）"
"","","","","麦当劳鱼糕",1781357071,"0"
"","","","","麦当劳鱼糕",1781356929,"我也要我也要"
"","","","","麦当劳鱼糕",1781356913,"想喝百利甜了"
"","","","","麦当劳鱼糕",1781356734,"我...我要消失了...我会一直飘在你窗外看着你..."
"","","","","麦当劳鱼糕",1781356460,"？！喝喝！？"
"","","","","麦当劳鱼糕",1781356440,"被扛过说是（"
"","","","","麦当劳鱼糕",1781356244,"骗你的 我全都想要"
"","","","","麦当劳鱼糕",1781356241,"这个我是真想要"
"","","","","麦当劳鱼糕",1781356237,"fawo"
"","","","","麦当劳鱼糕",1781354734,"抓住了诺的小辫子"
"","","","","麦当劳鱼糕",1781354701,"收到 这就转告ruda"
"","","","","麦当劳鱼糕",1781354591,"她还是爱我的（）"
"","","","","麦当劳鱼糕",1781354527,"从某种角度上来说起码你返图给我了（）"
"","","","","麦当劳鱼糕",1781354499,"给你两拳哦"
"","","","","麦当劳鱼糕",1781354492,"我了个这都是什么时候的图了"
"","","","","麦当劳鱼糕",1781354440,"我也想壁纸"
"","","","","麦当劳鱼糕",1781354437,"送我两张解解馋吧（）"
"","","","","麦当劳鱼糕",1781354415,"我有200硬币"
"","","","","鱼糕今天困了喵",1781354307,"我趣 赶上了 美女你谁"
"","","","","麦当劳鱼糕",1781319817,"早上好————"
"","","","","麦当劳鱼糕",1781285890,"好的阿姨"
"","","","","麦当劳鱼糕",1781285788,"？hyw肯定是轮流啊"
"","","","","麦当劳鱼糕",1781285749,"双人 双人带浴室（4人共用） 单人 单人带浴室（2人共用）"
"","","","","麦当劳鱼糕",1781285667,"不是 是选房型 然后填同不同意混寝 然后保证遵守宿舍规矩这些"
"","","","","麦当劳鱼糕",1781285611,"走了 学校召唤我填宿舍表格了"
"","","","","麦当劳鱼糕",1781285497,"她也不来"
"","","","","麦当劳鱼糕",1781285492,"我连猫叫都学了"
"","","","","麦当劳鱼糕",1781285488,"没用"
"","","","","麦当劳鱼糕",1781285384,"还问我为什么不谈感情"
"","","","","麦当劳鱼糕",1781285375,"哎 没爱了"
"","","","","麦当劳鱼糕",1781285346,"我申请加入"
"","","","","麦当劳鱼糕",1781285233,"？666"
"","","","","麦当劳鱼糕",1781285179,"我属猫娘"
"","","","","麦当劳鱼糕",1781285043,"为什么别的主播带猫耳跟你带猫耳差别那么大（）"
"","","","","麦当劳鱼糕",1781284935,"那我开个小号吧"
"","","","","麦当劳鱼糕",1781284905,"你别急 到账了我就跟你谈感情"
"","","","","麦当劳鱼糕",1781284898,"那我退个款先"
"","","","","麦当劳鱼糕",1781284877,"谈感情怎么能谈钱呢"
"","","","","麦当劳鱼糕",1781284834,"压根不用一天"
"","","","","麦当劳鱼糕",1781284819,"没那么慢"
"","","","","麦当劳鱼糕",1781284479,"v圈是这样的"
"","","","","麦当劳鱼糕",1781284458,"我给你抓了就完事了"
"","","","","麦当劳鱼糕",1781284450,"骗你的 真实你不需要让你知道"
"","","","","麦当劳鱼糕",1781284421,"那就行 我还以为你自己给自己开了"
"","","","","麦当劳鱼糕",1781284393,"我多嘴问你一句你的任天堂账号是你名字吗"
"","","","","麦当劳鱼糕",1781284339,"请问是杭州的***女士吗"
"","","","","麦当劳鱼糕",1781284324,"马上线下真实你"
"","","","","麦当劳鱼糕",1781284148,"包不回来的"
"","","","","麦当劳鱼糕",1781284141,"嘻嘻"
"","","","","麦当劳鱼糕",1781284139,"加油喵"
"","","","","麦当劳鱼糕",1781284136,"对的"
"","","","","麦当劳鱼糕",1781284123,"困了 我去眯了"
"","","","","麦当劳鱼糕",1781284007,"不可能 肯定咬我"
"","","","","麦当劳鱼糕",1781283999,"我都抱不着"
"","","","","麦当劳鱼糕",1781283994,"怎么这么乖的"
"","","","","麦当劳鱼糕",1781283967,"我要后面那只"
"","","","","麦当劳鱼糕",1781283900,"直接送到我家来"
"","","","","麦当劳鱼糕",1781283569,"疑似出活"
"","","","","麦当劳鱼糕",1781283563,"我可能不一定能来"
"","","","","麦当劳鱼糕",1781283550,"每天几个小时确实也会痛"
"","","","","麦当劳鱼糕",1781283540,"还有可能是你戴太久了"
"","","","","麦当劳鱼糕",1781283516,"可以换"
"","","","","麦当劳鱼糕",1781283514,"或者你看看耳塞大小合不合适"
"","","","","麦当劳鱼糕",1781283508,"讲道理反了应该会戳耳道"
"","","","","麦当劳鱼糕",1781283495,"应该没反"
"","","","","麦当劳鱼糕",1781283443,"你展示一下"
"","","","","麦当劳鱼糕",1781283438,"我看一眼"
"","","","","麦当劳鱼糕",1781283421,"你要不看看你的左右有没有接反"
"","","","","麦当劳鱼糕",1781283314,"主播下次记得把加班机叉掉"
"","","","","麦当劳鱼糕",1781283295,"先播完40分钟再试"
"","","","","麦当劳鱼糕",1781283286,"我包不实验的"
"","","","","麦当劳鱼糕",1781283280,"不是吧 应该是随机的"
"","","","","麦当劳鱼糕",1781283231,"对的对的"
"","","","","麦当劳鱼糕",1781283229,"加油"
"","","","","麦当劳鱼糕",1781283226,"对的对的对的"
"","","","","麦当劳鱼糕",1781283216,"你这个盲盒概率也有问题吧（）"
"","","","","麦当劳鱼糕",1781283160,"内幕 内幕"
"","","","","麦当劳鱼糕",1781283105,"我是反作弊插件"
"","","","","麦当劳鱼糕",1781283094,"焦糖现在打开后台我要检查（）"
"","","","","麦当劳鱼糕",1781282992,"是我的问题吗"
"","","","","麦当劳鱼糕",1781282985,"去对面能听到焦糖"
"","","","","麦当劳鱼糕",1781282981,"为什么我听不见对面的声音"
"","","","","麦当劳鱼糕",1781282966,"焦糖的黑手"
"","","","","麦当劳鱼糕",1781282931,"我有个主意 她一播完我们就送到加时长（）"
"","","","","麦当劳鱼糕",1781282903,"啊对的对的对的"
"","","","","麦当劳鱼糕",1781282891,"不对不对"
"","","","","麦当劳鱼糕",1781282887,"不对"
"","","","","麦当劳鱼糕",1781282886,"？？？？"
"","","","","麦当劳鱼糕",1781282885,"我了个全是糖"
"","","","","麦当劳鱼糕",1781282862,"我要看加班"
"","","","","麦当劳鱼糕",1781282860,"不对吧"
"","","","","麦当劳鱼糕",1781282763,"焦糖v我50投资一个未来"
"","","","","麦当劳鱼糕",1781282631,"参与奖来了"
"","","","","麦当劳鱼糕",1781282627,"我就给配了1share"
"","","","","麦当劳鱼糕",1781282620,"那很好了"
"","","","","麦当劳鱼糕",1781282576,"鸟 spcx发了"
"","","","","麦当劳鱼糕",1781282568,"娱乐活动可不就这个了"
"","","","","麦当劳鱼糕",1781282562,"我是穷苦派啊"
"","","","","麦当劳鱼糕",1781282537,"羡慕你们大城市的"
"","","","","麦当劳鱼糕",1781282272,"我加焦糖绝对不是为了布丁"
"","","","","麦当劳鱼糕",1781282233,"我有一次遇到暴风雪起飞延误五个半小时"
"","","","","麦当劳鱼糕",1781282164,"那很合理了"
"","","","","麦当劳鱼糕",1781282151,"为啥 天气？"
"","","","","麦当劳鱼糕",1781282103,"其实哪儿都一样（）你就默认这个延迟半小时1小时起飞是包含在预计时间内的吧"
"","","","","麦当劳鱼糕",1781282073,"所以一定要排队等空域放开了才能飞"
"","","","","麦当劳鱼糕",1781282007,"这玩意不是保护航司的"
"","","","","麦当劳鱼糕",1781282000,"到时候涨的更多"
"","","","","麦当劳鱼糕",1781281995,"再说了就算取消一定会在票面上补回来的"
"","","","","麦当劳鱼糕",1781281982,"要很多钱的"
"","","","","麦当劳鱼糕",1781281979,"维护"
"","","","","麦当劳鱼糕",1781281961,"哪个国家不收"
"","","","","麦当劳鱼糕",1781281948,"取消基建燃油吗 想多了"
"","","","","麦当劳鱼糕",1781281893,"哎怎么结束了 我转眼看了下屏幕"
"","","","","麦当劳鱼糕",1781281265,"cos鱼糕一串"
"","","","","麦当劳鱼糕",1781281129,"这个是焦糖的意思"
"","","","","麦当劳鱼糕",1781281126,"我什么都没说啊"
"","","","","麦当劳鱼糕",1781281090,"我是学生 ____（）"
"","","","","麦当劳鱼糕",1781280533,"听到6跟7放一起数就开始两个手放平上下晃"
"","","","","麦当劳鱼糕",1781280517,"洋抖小孩搞的"
"","","","","麦当劳鱼糕",1781280491,"莫名其妙就这么出来了 实际上也没有意义"
"","","","","麦当劳鱼糕",1781280477,"不如six seven"
"","","","","麦当劳鱼糕",1781280363,"那很难绷了"
"","","","","麦当劳鱼糕",1781280306,"那也不能这么说吧"
"","","","","麦当劳鱼糕",1781280281,"所以他到底干啥了"
"","","","","麦当劳鱼糕",1781280211,"感觉还是别消费私人了"
"","","","","麦当劳鱼糕",1781280197,"我那会儿顶多看看暴叔看乐子"
"","","","","麦当劳鱼糕",1781280181,"搞不懂"
"","","","","麦当劳鱼糕",1781280115,"跟劝人学医的坐一起"
"","","","","麦当劳鱼糕",1781280107,"好在哪里"
"","","","","麦当劳鱼糕",1781280093,"坚决不碰大A"
"","","","","麦当劳鱼糕",1781280056,"1000块就变成1100块"
"","","","","麦当劳鱼糕",1781280049,"你买了多少 就是变成1.1倍"
"","","","","麦当劳鱼糕",1781280010,"一天+10%你能忍住去睡觉的（）"
"","","","","麦当劳鱼糕",1781279990,"热知识 美股绿了是赚了"
"","","","","麦当劳鱼糕",1781279976,"那是好事啊"
"","","","","麦当劳鱼糕",1781279943,"我闲着没事在盯着股票"
"","","","","麦当劳鱼糕",1781279902,"我没注意bgm"
"","","","","麦当劳鱼糕",1781279873,"666"
"","","","","麦当劳鱼糕",1781279871,"？"
"","","","","麦当劳鱼糕",1781279845,"这不是主播女孩重度依赖的ost吗"
"","","","","麦当劳鱼糕",1781279664,"俩小时"
"","","","","麦当劳鱼糕",1781279653,"你不是跟我差不多嘛"
"","","","","麦当劳鱼糕",1781279649,"你也不是很远啊"
"","","","","麦当劳鱼糕",1781279606,"差不多"
"","","","","麦当劳鱼糕",1781279460,"我回来了"
"","","","","麦当劳鱼糕",1781275488,"有的话我早开出来了"
"","","","","麦当劳鱼糕",1781275477,"包没有的"
"","","","","麦当劳鱼糕",1781275471,"没有"
"","","","","麦当劳鱼糕",1781275151,"5局制如果输3把就算失败 然后扣你门票钱 一分不加"
"","","","","麦当劳鱼糕",1781275126,"主要是升段很恶心 故意匹配烂队友看你能不能赢3把"
"","","","","麦当劳鱼糕",1781275092,"好像10级还是15就能打了"
"","","","","麦当劳鱼糕",1781275081,"真格要等级吧"
"","","","","麦当劳鱼糕",1781275043,"我见过S段-2300分的"
"","","","","麦当劳鱼糕",1781275032,"冷知识 因为每一个大段位是分开计算的 所以有可能在某个段位 但是负分"
"","","","","麦当劳鱼糕",1781274987,"所以有可能白忙活扣完门票一分不加"
"","","","","麦当劳鱼糕",1781274975,"就是你的竞技分 开一组挑战要扣点数当门票 按表现加分"
"","","","","麦当劳鱼糕",1781274940,"还得折磨一天赚门票钱"
"","","","","麦当劳鱼糕",1781274927,"我不行了 我打喷喷升格战没升上A 门票钱交着交着掉回B+了"
"","","","","麦当劳鱼糕",1781274835,"oi"
"","","","","麦当劳鱼糕",1781272014,"不好玩 去找布丁了（）"
"","","","","麦当劳鱼糕",1781271857,"细节给自己上压力"
"","","","","麦当劳鱼糕",1781271805,"对面怎么全是自己人 这对吗"
"","","","","麦当劳鱼糕",1781271667,"我主人说了不让随便看别的妹妹"
"","","","","麦当劳鱼糕",1781271639,"什么三年之约"
"","","","","麦当劳鱼糕",1781271612,"看完别的妹妹了"
"","","","","麦当劳鱼糕",1781271603,"我是后背"
"","","","","麦当劳鱼糕",1781271300,"捏捏腰"
"","","","","麦当劳鱼糕",1781270789,"关注我的爱播谢谢喵"
"","","","","麦当劳鱼糕",1781270720,"缺妹妹 不缺儿子（）"
"","","","","麦当劳鱼糕",1781270689,"不要你了 我走"
"","","","","麦当劳鱼糕",1781270670,"我求你了"
"","","","","麦当劳鱼糕",1781270666,"你要长出什么"
"","","","","麦当劳鱼糕",1781270662,"？"
"","","","","麦当劳鱼糕",1781270641,"我们走（不是）"
"","","","","麦当劳鱼糕",1781270636,"跟我看别的妹妹就有羁绊了"
"","","","","麦当劳鱼糕",1781270476,"什么动静"
"","","","","麦当劳鱼糕",1781270417,"我怎么这么坏啊"
"","","","","麦当劳鱼糕",1781270391,"哈！"
"","","","","麦当劳鱼糕",1781270388,"我会哈气"
"","","","","麦当劳鱼糕",1781270384,"喵呜不许抓喵"
"","","","","麦当劳鱼糕",1781270343,"想peach喵 我都没认识呢喵（）"
"","","","","麦当劳鱼糕",1781270317,"附带拍照服务拍照免费删照片50"
"","","","","麦当劳鱼糕",1781270297,"111日本各地开团1=1"
"","","","","麦当劳鱼糕",1781270255,"然后到现在还是只能听懂一半（）"
"","","","","麦当劳鱼糕",1781270241,"我学是为了演唱会"
"","","","","麦当劳鱼糕",1781270156,"如果之后你要正经学的时候 拿谐音来的读音老难纠了"
"","","","","麦当劳鱼糕",1781270084,"照着谐音我给你两拳"
"","","","","麦当劳鱼糕",1781270028,"看不见"
"","","","","麦当劳鱼糕",1781270016,"你让他讲一段他又不说话了"
"","","","","麦当劳鱼糕",1781269954,"马上拽不回来"
"","","","","麦当劳鱼糕",1781269944,"就怕拿中文谐音学啊"
"","","","","麦当劳鱼糕",1781269913,"你学了可以唱日语歌"
"","","","","麦当劳鱼糕",1781269864,"！？糖糖？！"
"","","","","麦当劳鱼糕",1781269849,"片假名地狱来咯"
"","","","","麦当劳鱼糕",1781269819,"我给你教n3（"
"","","","","麦当劳鱼糕",1781269806,"主播加油啊（）"
"","","","","麦当劳鱼糕",1781269799,"n1不一定 n2我看可以[dog]"
"","","","","麦当劳鱼糕",1781269792,"然后后面上课才补的坑"
"","","","","麦当劳鱼糕",1781269778,"就 我是混着学的 东学一点西学一点"
"","","","","麦当劳鱼糕",1781269741,"主要我的基础很野路子我不建议照我这个来（"
"","","","","麦当劳鱼糕",1781269724,"你先把50音图记差不多我就能教点了"
"","","","","麦当劳鱼糕",1781269638,"有主人 不收下线👋"
"","","","","麦当劳鱼糕",1781269610,"很难相信啊"
"","","","","麦当劳鱼糕",1781269580,"哦哦哦没事宝宝不哭喝奶奶🍼我也不信"
"","","","","麦当劳鱼糕",1781269514,"111东南亚旅游代理"
"","","","","麦当劳鱼糕",1781269479,"焦糖给我交吧 我没意见"
"","","","","麦当劳鱼糕",1781269453,"我交国内社保我也用不上啊"
"","","","","麦当劳鱼糕",1781269425,"目前没有 就算有也不在国内（）"
"","","","","麦当劳鱼糕",1781269396,"我有没有什么"
"","","","","麦当劳鱼糕",1781269312,"新的线不贴耳朵会往外跑"
"","","","","麦当劳鱼糕",1781269303,"你要多带会儿才行"
"","","","","麦当劳鱼糕",1781269259,"美女你谁"
"","","","","麦当劳鱼糕",1781269246,"我在game"
"","","","","麦当劳鱼糕",1781269220,"我去找焦糖了（）"
"","","","","麦当劳鱼糕",1781269199,"不是星巴克冠名（？）"
"","","","","麦当劳鱼糕",1781269168,"oi"
"","","","","麦当劳鱼糕",1781268040,"这回还有市政的事"
"","","","","麦当劳鱼糕",1781268022,"还有法外狂徒"
"","","","","麦当劳鱼糕",1781267903,"喝多了吗"
"","","","","麦当劳鱼糕",1781267860,"耐心差不多了哦"
"","","","","麦当劳鱼糕",1781267836,"怎么不走了喵"
"","","","","麦当劳鱼糕",1781267829,"右边车道"
"","","","","麦当劳鱼糕",1781267800,"草"
"","","","","麦当劳鱼糕",1781267781,"你看 我就说开车怎么可能不骂人的（）"
"","","","","麦当劳鱼糕",1781267751,"为什么停在对向车道"
"","","","","麦当劳鱼糕",1781267693,"创过去！"
"","","","","麦当劳鱼糕",1781267384,"答应我不要开车好吗 什么时候开车告诉我们一下 我蹲家"
"","","","","麦当劳鱼糕",1781267272,"我真得尝尝咸淡了"
"","","","","麦当劳鱼糕",1781267267,"？还能这样走"
"","","","","麦当劳鱼糕",1781267189,"这是何行走方式"
"","","","","麦当劳鱼糕",1781266686,"图图了就好了喵（）传播这种信息怎么不是一种反派喵（）"
"","","","","麦当劳鱼糕",1781266446,"dddddaw"
"","","","","麦当劳鱼糕",1781266344,"怎么这么坏啊"
"","","","","麦当劳鱼糕",1781265776,"不行我也要去玩一下"
"","","","","麦当劳鱼糕",1781265773,"这个演出真的太好笑了"
"","","","","麦当劳鱼糕",1781264697,"番茄百分百"
"","","","","麦当劳鱼糕",1781264075,"直接电"
"","","","","麦当劳鱼糕",1781263764,"我又不想碰中坚池 蓝票太烂了"
"","","","","麦当劳鱼糕",1781263753,"你懂吗"
"","","","","麦当劳鱼糕",1781263751,"我感觉现在全图难点在中坚"
"","","","","麦当劳鱼糕",1781263704,"还是被zmd养的"
"","","","","麦当劳鱼糕",1781263699,"《没有保底》《我太幸福了》"
"","","","","麦当劳鱼糕",1781263638,"？？？？？？？？？"
"","","","","麦当劳鱼糕",1781263631,"？"
"","","","","麦当劳鱼糕",1781263564,"再来20吧诺再来20"
"","","","","麦当劳鱼糕",1781263370,"不互通是好事啊"
"","","","","麦当劳鱼糕",1781263341,"我多嘴问一句二游跟完美世界cs平台不互通吧（）"
"","","","","麦当劳鱼糕",1781263286,"什么完美世界"
"","","","","麦当劳鱼糕",1781263266,"抽我抽我抽我（物理）"
"","","","","麦当劳鱼糕",1781263242,"那很伤心了"
"","","","","麦当劳鱼糕",1781263160,"舟我轻度氪点也290了 近期限定全齐"
"","","","","麦当劳鱼糕",1781263106,"全保底伤完了"
"","","","","麦当劳鱼糕",1781263096,"7字神人还是太贵了"
"","","","","麦当劳鱼糕",1781263085,"感觉舟真便宜吧（）"
"","","","","麦当劳鱼糕",1781262820,"叠个千纸鹤 再系个红飘带"
"","","","","麦当劳鱼糕",1781262471,"i诺tv"
"","","","","麦当劳鱼糕",1781262432,"直接加班到12点（点头）"
"","","","","麦当劳鱼糕",1781262406,"所以不理论上是29号之后那个0点"
"","","","","麦当劳鱼糕",1781262388,"理论上30号23:59结束"
"","","","","麦当劳鱼糕",1781262349,"今天没库存了"
"","","","","麦当劳鱼糕",1781262319,"诺的bls抽了吗"
"","","","","麦当劳鱼糕",1781262188,"想必"
"","","","","麦当劳鱼糕",1781262184,"相比问的是诺吧"
"","","","","麦当劳鱼糕",1781262109,"666还有跨天pk"
"","","","","麦当劳鱼糕",1781262019,"创造"
"","","","","麦当劳鱼糕",1781261988,"我的世界的 灵魂沙走路粘脚减速"
"","","","","麦当劳鱼糕",1781261920,"还有灵魂沙"
"","","","","麦当劳鱼糕",1781261901,"哎不讲不讲"
"","","","","麦当劳鱼糕",1781261892,"好像 伤害不理想"
"","","","","麦当劳鱼糕",1781261836,"？这对吗"
"","","","","麦当劳鱼糕",1781261806,"还砸空了（）"
"","","","","麦当劳鱼糕",1781261719,"其次往好处想 起码谁来了都要三下"
"","","","","麦当劳鱼糕",1781261703,"怎么能说我们b三狼路边一条呢 首先那是3条"
"","","","","麦当劳鱼糕",1781261610,"开车是这个游戏吗"
"","","","","麦当劳鱼糕",1781261580,"太搞了这个效果"
"","","","","麦当劳鱼糕",1781261569,"草"
"","","","","麦当劳鱼糕",1781261539,"异环是什么游戏"
"","","","","麦当劳鱼糕",1781261474,"手滑了"
"","","","","麦当劳鱼糕",1781261469,"哎我没打完呢"
"","","","","麦当劳鱼糕",1781261436,"乳酪主人的吗 那我也要"
"","","","","麦当劳鱼糕",1781261343,"什么看腿 哪里有看腿"
"","","","","麦当劳鱼糕",1781261302,"吃完了 还挺好吃的"
"","","","","麦当劳鱼糕",1781261271,"我是后背"
"","","","","麦当劳鱼糕",1781259204,"我先吃饭了喵 晚点来看 耳机忘充电了"
"","","","","麦当劳鱼糕",1781259134,"一般我吃双人差不多"
"","","","","麦当劳鱼糕",1781259128,"不够吃"
"","","","","麦当劳鱼糕",1781259125,"套餐没有大堡只有小堡"
"","","","","麦当劳鱼糕",1781259091,"正价随便七八十"
"","","","","麦当劳鱼糕",1781259085,"汉堡王很贵了"
"","","","","麦当劳鱼糕",1781259048,"我看有个菠萝鸡排堡 感觉有点神奇 尝一下"
"","","","","麦当劳鱼糕",1781258994,"汉堡王出餐怎么可以这么慢的 我好饿"
"","","","","麦当劳鱼糕",1781258926,"不是这个麦当劳 是那个麦当劳（）"
"","","","","麦当劳鱼糕",1781196791,"晚安喵"
"","","","","麦当劳鱼糕",1781196786,"那早点下吧"
"","","","","麦当劳鱼糕",1781196760,"困了 眯"
"","","","","麦当劳鱼糕",1781196470,"依旧戒堵宣传片"
"","","","","麦当劳鱼糕",1781196325,"第二天感觉人并非活着"
"","","","","麦当劳鱼糕",1781196317,"之前看cs比赛熬穿了"
"","","","","麦当劳鱼糕",1781196214,"不看 看不懂（）"
"","","","","麦当劳鱼糕",1781196138,"我说什么了吗（）"
"","","","","麦当劳鱼糕",1781196127,"6月盲盒"
"","","","","麦当劳鱼糕",1781195935,"抽10个奖励10块我真抽"
"","","","","麦当劳鱼糕",1781195918,"他都抽成50%了 不如给我盲盒里塞点钱"
"","","","","麦当劳鱼糕",1781195869,"盒子都删差不多了"
"","","","","麦当劳鱼糕",1781195861,"b站直播部一帮神人"
"","","","","麦当劳鱼糕",1781195766,"很吉利啊"
"","","","","麦当劳鱼糕",1781195760,"兔子玩球何尝不是好事成双"
"","","","","麦当劳鱼糕",1781195716,"什么b id"
"","","","","麦当劳鱼糕",1781195638,"电池回收计划"
"","","","","麦当劳鱼糕",1781195633,"这是我bls活动欧了的惩罚吗"
"","","","","麦当劳鱼糕",1781195593,"bur哎"
"","","","","麦当劳鱼糕",1781195587,"？？？"
"","","","","麦当劳鱼糕",1781195580,"hyw"
"","","","","麦当劳鱼糕",1781194671,"老板大气"
"","","","","麦当劳鱼糕",1781194662,"？我去吓死了我以为是城堡"
"","","","","麦当劳鱼糕",1781194305,"？那我前几天看到的是什么"
"","","","","麦当劳鱼糕",1781194274,"怎么没有绝杀了 我记得前两天有的"
"","","","","麦当劳鱼糕",1781194113,"我的堡呢 b站欠我两年了"
"","","","","麦当劳鱼糕",1781194098,"还真是 出堡了 释怀了"
"","","","","麦当劳鱼糕",1781193828,"这个有用吗"
"","","","","麦当劳鱼糕",1781193694,"带有学长味道的增高鞋垫太搞了"
"","","","","麦当劳鱼糕",1781193675,"这集神了"
"","","","","麦当劳鱼糕",1781193355,"我是学生 ____（）"
"","","","","麦当劳鱼糕",1781193292,"要毕业了？"
"","","","","麦当劳鱼糕",1781192693,"好嘛横跨了俩pk的250"
"","","","","麦当劳鱼糕",1781191963,"不对 国内做什么都好吃"
"","","","","麦当劳鱼糕",1781191948,"国内能把鸡做好吃的方式很多了"
"","","","","麦当劳鱼糕",1781191895,"还附赠墨西哥辣椒"
"","","","","麦当劳鱼糕",1781191883,"我去我学校旁边那家做的炸鸡是又脆又多汁"
"","","","","麦当劳鱼糕",1781191860,"做炸鸡这块还得看老黑"
"","","","","麦当劳鱼糕",1781191711,"吮指原味鸡不如做个相同大小的脆皮的 整个香辣款我感觉差不多"
"","","","","麦当劳鱼糕",1781191677,"奥尔良也小了（）"
"","","","","麦当劳鱼糕",1781191662,"如果都是吮指原味鸡这种大小就好了"
"","","","","麦当劳鱼糕",1781191641,"怎么能这么小"
"","","","","麦当劳鱼糕",1781191637,"kfc以前很喜欢吃香辣鸡翅 现在感觉太小了"
"","","","","麦当劳鱼糕",1781191580,"有点区"
"","","","","麦当劳鱼糕",1781191576,"只有汉堡王"
"","","","","麦当劳鱼糕",1781191572,"我家附近好像也没有麦"
"","","","","麦当劳鱼糕",1781191532,"想吃麦当劳 限时改名（点头）"
"","","","","麦当劳鱼糕",1781189851,"限定改名一日"
"","","","","麦当劳鱼糕",1781189839,"想吃麦当劳"
"","","","","麦当劳鱼糕",1781189262,"晚安喵"
"","","","","麦当劳鱼糕",1781189175,"两秒前"
"","","","","麦当劳鱼糕",1781189168,"刚刚"
"","","","","鱼糕今天困了喵",1781188995,"クズリ念"
"","","","","鱼糕今天困了喵",1781188879,"对不起我喜欢年轻漂亮的（？）"
"","","","","鱼糕今天困了喵",1781188779,"谁说不好看我上去就是两拳"
"","","","","鱼糕今天困了喵",1781188697,"大家都不喜欢了那我就捡走了"
"","","","","鱼糕今天困了喵",1781188614,"dt停车太烦了 一直想开车去没办法开"
"","","","","鱼糕今天困了喵",1781188579,"太容易来的就不理睬～"
"","","","","鱼糕今天困了喵",1781188534,"不吃感觉浑身难受"
"","","","","鱼糕今天困了喵",1781188527,"这是真的 滑铁卢肠粉都不好吃 每几周一定要去多伦多吃一次"
"","","","","鱼糕今天困了喵",1781187613,"可以"
"","","","","鱼糕今天困了喵",1781187373,"还有内战"
"","","","","鱼糕今天困了喵",1781187129,"说点大家不知道的"
"","","","","鱼糕今天困了喵",1781186941,"没事 我留着干别的"
"","","","","鱼糕今天困了喵",1781186897,"震怒"
"","","","","鱼糕今天困了喵",1781186891,"为什么不是要爱爱"
"","","","","鱼糕今天困了喵",1781186193,"要爱爱"
"","","","","鱼糕今天困了喵",1781186015,"考试 诺 考试"
"","","","","鱼糕今天困了喵",1781185983,"我是真不想交流（）"
"","","","","鱼糕今天困了喵",1781185927,"我上次被升舱到中间位超绝憋住15小时"
"","","","","鱼糕今天困了喵",1781185851,"让我坐中间我会选择加钱"
"","","","","鱼糕今天困了喵",1781185842,"短途中途靠窗 长途过道"
"","","","","鱼糕今天困了喵",1781185765,"我宣布他比我高"
"","","","","鱼糕今天困了喵",1781185724,"我只见过半个头的"
"","","","","鱼糕今天困了喵",1781185716,"那很高了"
"","","","","鱼糕今天困了喵",1781185385,"acd"
"","","","","鱼糕今天困了喵",1781184974,"000"
"","","","","鱼糕今天困了喵",1781184524,"有的时候包 =0.5"
"","","","","鱼糕今天困了喵",1781184354,"怎么说呢白砂糖版本好像在吃零食有人懂吗"
"","","","","鱼糕今天困了喵",1781184337,"不配合给她开了（）"
"","","","","鱼糕今天困了喵",1781184160,"都吃"
"","","","","鱼糕今天困了喵",1781184153,"全球版肯定不会特别便宜的 9/1之后涨价咯"
"","","","","鱼糕今天困了喵",1781183900,"想，流水礼物"
"","","","","鱼糕今天困了喵",1781183835,"我是自己的榜一"
"","","","","鱼糕今天困了喵",1781183825,"哎我有个主意 我给我自己刷点"
"","","","","鱼糕今天困了喵",1781183673,"给我上个舰长来看看实力"
"","","","","鱼糕今天困了喵",1781183548,"666开视频吗我去找个皮套"
"","","","","鱼糕今天困了喵",1781183477,"没事 号给你们 诺给我就行"
"","","","","鱼糕今天困了喵",1781183336,"没活了我就快走的时候寄给你"
"","","","","鱼糕今天困了喵",1781183265,"骗你的 已经下单了"
"","","","","鱼糕今天困了喵",1781182909,"没那么干 其实是灌汤包"
"","","","","鱼糕今天困了喵",1781182891,"去年鱼糕变成鱼豆腐了"
"","","","","鱼糕今天困了喵",1781182858,"还有一个是bw这个点容易下雨啊（）"
"","","","","鱼糕今天困了喵",1781182807,"空调不算特别强劲"
"","","","","鱼糕今天困了喵",1781182797,"还行"
"","","","","鱼糕今天困了喵",1781182600,"感觉是前面盲盒拉完了给的补偿"
"","","","","鱼糕今天困了喵",1781182590,"这个活动真有说法吧"
"","","","","鱼糕今天困了喵",1781182523,"加油啊（）"
"","","","","鱼糕今天困了喵",1781182512,"右下角bls"
"","","","","鱼糕今天困了喵",1781182444,"后两档两发"
"","","","","鱼糕今天困了喵",1781182429,"我前三档一发出"
"","","","","鱼糕今天困了喵",1781182379,"30000"
"","","","","鱼糕今天困了喵",1781182374,"？7折拿下"
"","","","","鱼糕今天困了喵",1781182250,"8000那个"
"","","","","鱼糕今天困了喵",1781182216,"上次看姜生花的mmk外景感觉效果真好吧（）"
"","","","","鱼糕今天困了喵",1781182145,"这个我是真想拍"
"","","","","鱼糕今天困了喵",1781182131,"我去 这么好看"
"","","","","鱼糕今天困了喵",1781182034,"这集太狠了"
"","","","","鱼糕今天困了喵",1781182012,"多少"
"","","","","鱼糕今天困了喵",1781182009,"？"
"","","","","鱼糕今天困了喵",1781181938,"有没有杰哥"
"","","","","鱼糕今天困了喵",1781181930,"6星吗 说点不知道的"
"","","","","鱼糕今天困了喵",1781181632,"我是小偷 我要去你家全拿走"
"","","","","鱼糕今天困了喵",1781181610,"哦哦哦哦哦哦哦哦哦哦"
"","","","","鱼糕今天困了喵",1781181520,"懂我🫰"
"","","","","鱼糕今天困了喵",1781111486,"6月10号晚上25点"
"","","","","鱼糕今天困了喵",1781111371,"嗯？"
"","","","","鱼糕今天困了喵",1781111319,"挂睡（"
"","","","","鱼糕今天困了喵",1781111284,"依旧神秘获胜（？"
"","","","","鱼糕今天困了喵",1781111237,"上去了就一个节目"
"","","","","鱼糕今天困了喵",1781111230,"一共也没几个名额"
"","","","","鱼糕今天困了喵",1781111188,"去年好像挺猛的 说是五位数不够看"
"","","","","鱼糕今天困了喵",1781111135,"bw舞台预备赛"
"","","","","鱼糕今天困了喵",1781110933,"hyw 怎么0人打了pk"
"","","","","鱼糕今天困了喵",1781110902,"bro闲的拿计算器打游戏"
"","","","","鱼糕今天困了喵",1781110868,"计算器就是好啊（）"
"","","","","鱼糕今天困了喵",1781110848,"已经很久没用过大脑了 我昨天在怀疑自己18*5是不是90"
"","","","","鱼糕今天困了喵",1781110494,"6月盲盒"
"","","","","鱼糕今天困了喵",1781110467,"？！赚赚！？"
"","","","","鱼糕今天困了喵",1781110390,"昨天全是糖"
"","","","","鱼糕今天困了喵",1781110376,"xswl"
"","","","","鱼糕今天困了喵",1781110123,"[doge2]"
"","","","","鱼糕今天困了喵",1781110118,"亏了 没看着"
"","","","","鱼糕今天困了喵",1781110075,"不理解"
"","","","","鱼糕今天困了喵",1781110073,"直接封的很少的"
"","","","","鱼糕今天困了喵",1781110068,"神了"
"","","","","鱼糕今天困了喵",1781110047,"我刚刚正好刷明日方舟去了"
"","","","","鱼糕今天困了喵",1781106313,"oi"
"","","","","鱼糕今天困了喵",1781095396,"美味"
"","","","","鱼糕今天困了喵",1781095393,"就爱吃这个"
"","","","","鱼糕今天困了喵",1781088914,"（）"
"","","","","鱼糕今天困了喵",1781088891,"依旧长线任务"
"","","","","鱼糕今天困了喵",1781088625,"frostpunk"
"","","","","鱼糕今天困了喵",1781088455,"中奖概率倍儿高 奖品也嘛倍儿好"
"","","","","鱼糕今天困了喵",1781088442,"说不定就赚了啊"
"","","","","鱼糕今天困了喵",1781088434,"再来一次"
"","","","","鱼糕今天困了喵",1781088431,"哪有赌狗天天输"
"","","","","鱼糕今天困了喵",1781088092,"爽喵 嗷呜"
"","","","","鱼糕今天困了喵",1781088083,"哦吼吼吼吼嗷呜"
"","","","","鱼糕今天困了喵",1781088077,"嗷呜"
"","","","","鱼糕今天困了喵",1781088073,"哦！哦哦哦哦哦"
"","","","","鱼糕今天困了喵",1781087964,"这个感觉算算概率基本上能把赚"
"","","","","鱼糕今天困了喵",1781087926,"这个活动真有说法吧"
"","","","","鱼糕今天困了喵",1781087920,"200变300 赚麻"
"","","","","鱼糕今天困了喵",1781069114,"你好"
"","","","","鱼糕今天困了喵",1781068835,"视频"
"","","","","鱼糕今天困了喵",1781068772,"我不录屏投稿 不保证不录屏"
"","","","","鱼糕今天困了喵",1781068755,"我不录屏"
"","","","","鱼糕今天困了喵",1781068740,"给我看"
"","","","","鱼糕今天困了喵",1781068636,"不可能真给播72小时的"
"","","","","鱼糕今天困了喵",1781068629,"就玩一下 到了72小时提督清了"
"","","","","鱼糕今天困了喵",1781068557,"发你了"
"","","","","鱼糕今天困了喵",1781068530,"你看过72小时截图吗"
"","","","","鱼糕今天困了喵",1781068506,"我觉得落日飞车很容易啊 多来俩让她播72小时"
"","","","","鱼糕今天困了喵",1781068470,"这个有可能吧"
"","","","","鱼糕今天困了喵",1781068424,"这个我真想要"
"","","","","鱼糕今天困了喵",1781068420,"666我现在开播来得及吗"
"","","","","鱼糕今天困了喵",1781068378,"我一共只见过3个总 有没有人让我看第四个的"
"","","","","鱼糕今天困了喵",1781068295,"帮我写论文就一直和我同在了"
"","","","","鱼糕今天困了喵",1781068190,"昨天忙着干活"
"","","","","鱼糕今天困了喵",1781068168,"这个好看 送我一只"
"","","","","鱼糕今天困了喵",1781068129,"退款"
"","","","","鱼糕今天困了喵",1781068113,"？666还有远程控制"
"","","","","鱼糕今天困了喵",1781067938,"不许欺负布丁[热]"
"","","","","鱼糕今天困了喵",1781067844,"城堡太难了 总督起码要知道多少"
"","","","","鱼糕今天困了喵",1781067833,"才两三天 直接旷两周"
"","","","","鱼糕今天困了喵",1781067802,"来个有实力的老板试试总督"
"","","","","鱼糕今天困了喵",1781067702,"下班下班"
"","","","","鱼糕今天困了喵",1781067665,"给布丁当日本人整了"
"","","","","鱼糕今天困了喵",1781067597,"？666"
"","","","","鱼糕今天困了喵",1781067439,"现在加一个"
"","","","","鱼糕今天困了喵",1781067406,"你怎么没有减的选项"
"","","","","鱼糕今天困了喵",1781067388,"怎么不是周四（）"
"","","","","鱼糕今天困了喵",1781067337,"都是做好的一包一包的很难味道不对啊"
"","","","","鱼糕今天困了喵",1781067327,"可能烤的不到位吧"
"","","","","鱼糕今天困了喵",1781067175,"？我去怎么真有50"
"","","","","鱼糕今天困了喵",1781067165,"我在吃吮指原味鸡泡菜焖饭"
"","","","","鱼糕今天困了喵",1781066896,"v我50"
"","","","","鱼糕今天困了喵",1781066879,"我可以内定你二等奖"
"","","","","鱼糕今天困了喵",1781066874,"没有人中了"
"","","","","鱼糕今天困了喵",1781066802,"吃吃吃吃吃吃"
"","","","","鱼糕今天困了喵",1781066797,"我的kfc来了"
"","","","","鱼糕今天困了喵",1781066772,"不收徒"
"","","","","鱼糕今天困了喵",1781066733,"同一个时段只能一个人"
"","","","","鱼糕今天困了喵",1781066708,"不用求我 这么想要一等奖可以直接拿"
"","","","","鱼糕今天困了喵",1781066683,"一等奖：陪玩舞萌dx/switch/多人游戏"
"","","","","鱼糕今天困了喵",1781066655,"二等奖：v我50请我吃kfc"
"","","","","鱼糕今天困了喵",1781066602,"三等奖：鱼糕亲签拍立得 不保证拍的是哪个妹妹"
"","","","","鱼糕今天困了喵",1781066573,"参与奖：粉丝团灯牌"
"","","","","鱼糕今天困了喵",1781066546,"你可以先加入可爱妹妹大奖池"
"","","","","鱼糕今天困了喵",1781066514,"111"
"","","","","鱼糕今天困了喵",1781066476,"剩下的是我的午饭"
"","","","","鱼糕今天困了喵",1781066419,"我是眉笔"
"","","","","鱼糕今天困了喵",1781066406,"我不碰盲盒了"
"","","","","鱼糕今天困了喵",1781066398,"不信"
"","","","","鱼糕今天困了喵",1781066365,"我想退款"
"","","","","鱼糕今天困了喵",1781066357,"中奖概率倍儿高 奖品也嘛倍儿好"
"","","","","鱼糕今天困了喵",1781066316,"我要说起1000盒不出的小故事了"
"","","","","鱼糕今天困了喵",1781066291,"不要相信城堡（）"
"","","","","鱼糕今天困了喵",1781066210,"对咯"
"","","","","鱼糕今天困了喵",1781066143,"吃吃喝喝走走看看拍拍（？"
"","","","","鱼糕今天困了喵",1781066042,"虽然廉航 但是真便宜啊"
"","","","","鱼糕今天困了喵",1781066017,"香港快运[dog]"
"","","","","鱼糕今天困了喵",1781065988,"你那边航线还挺好的 要出去玩很方便"
"","","","","鱼糕今天困了喵",1781065886,"bro60的奶茶我什么时候受过这种委屈"
"","","","","鱼糕今天困了喵",1781065872,"奶茶7-12 35-60"
"","","","","鱼糕今天困了喵",1781065846,"不吃感觉心情会无法维持了"
"","","","","鱼糕今天困了喵",1781065839,"我的钱大部分全花在吃上了"
"","","","","鱼糕今天困了喵",1781065807,"没招"
"","","","","鱼糕今天困了喵",1781065803,"物价是这样的"
"","","","","鱼糕今天困了喵",1781065779,"这还是便宜的 麻辣烫基本上25-35 125-175"
"","","","","鱼糕今天困了喵",1781065759,"12.99-17.99 约65-90"
"","","","","鱼糕今天困了喵",1781065716,"猜猜我们那边猪脚饭多少米"
"","","","","鱼糕今天困了喵",1781065709,"挺习惯的 就是贵"
"","","","","鱼糕今天困了喵",1781065672,"不在国内"
"","","","","鱼糕今天困了喵",1781065638,"这话说的 我也没参加过[dog]"
"","","","","鱼糕今天困了喵",1781065627,"来帮我写论文写代码"
"","","","","鱼糕今天困了喵",1781065582,"怎么比我还小"
"","","","","鱼糕今天困了喵",1781065553,"本科 大三"
"","","","","鱼糕今天困了喵",1781065543,"可以 那上学的精神损伤一并帮我转走吧"
"","","","","鱼糕今天困了喵",1781065503,"9月头就得滚回去了"
"","","","","鱼糕今天困了喵",1781065496,"所以现在可以到处飞"
"","","","","鱼糕今天困了喵",1781065488,"嘻嘻"
"","","","","鱼糕今天困了喵",1781065471,"放假5个月"
"","","","","鱼糕今天困了喵",1781065448,"对啊"
"","","","","鱼糕今天困了喵",1781065446,"辣椒不敢碰 上次被剁椒里面隐藏的黄灯笼背刺了"
"","","","","鱼糕今天困了喵",1781065391,"我学校旁边那个没有卷章 只有卤豆腐鹌鹑蛋和酸菜"
"","","","","鱼糕今天困了喵",1781065319,"居然不爱吃卷章 给我"
"","","","","鱼糕今天困了喵",1781065307,"玩归玩 闹归闹"
"","","","","鱼糕今天困了喵",1781065300,"那确实很难了"
"","","","","鱼糕今天困了喵",1781065207,"不知道 好多妹妹"
"","","","","鱼糕今天困了喵",1781065183,"明天找妹妹玩"
"","","","","鱼糕今天困了喵",1781065175,"我买了直播券"
"","","","","鱼糕今天困了喵",1781065166,"明天不在家"
"","","","","鱼糕今天困了喵",1781065153,"我决定了 我要吃kfc"
"","","","","鱼糕今天困了喵",1781064665,"不知道"
"","","","","鱼糕今天困了喵",1781064645,"啊"
"","","","","鱼糕今天困了喵",1781064617,"不可爱 不如神秘"
"","","","","鱼糕今天困了喵",1781063355,"我没吃饭 拿来给我"
"","","","","鱼糕今天困了喵",1781063329,"没爱了"
"","","","","鱼糕今天困了喵",1781063323,"？"
"","","","","鱼糕今天困了喵",1781063306,"想吃"
"","","","","鱼糕今天困了喵",1781063282,"给我吃"
"","","","","鱼糕今天困了喵",1781063243,"谁家呆猫"
"","","","","鱼糕今天困了喵",1781061587,"bls活动合成大礼物"
"","","","","鱼糕今天困了喵",1781061547,"怎么就大忙人了"
"","","","","鱼糕今天困了喵",1781061537,"主播呢 你给主播藏哪里了"
"","","","","鱼糕今天困了喵",1781061512,"美女你谁"
"","","","","鱼糕今天困了喵",1781029007,"焦糖没有暗示我（）"
"","","","","鱼糕今天困了喵",1781029000,"坏事是个人行为（）"
"","","","","鱼糕今天困了喵",1781028533,"我求你了"
"","","","","鱼糕今天困了喵",1781028531,"？我去我带着耳机的"
"","","","","鱼糕今天困了喵",1781027557,"我的盲盒"
"","","","","鱼糕今天困了喵",1781027453,"oi"
"","","","","鱼糕今天困了喵",1781027437,"晚安喵"
"","","","","鱼糕今天困了喵",1781027118,"我在国内（"
"","","","","鱼糕今天困了喵",1781026935,"能绷住不笑的有雨雨正"
"","","","","鱼糕今天困了喵",1781026907,"我是250"
"","","","","鱼糕今天困了喵",1781026899,"我错了 我信了"
"","","","","鱼糕今天困了喵",1781026890,"这么多糖吗"
"","","","","鱼糕今天困了喵",1781026730,"这谁怎么这么急"
"","","","","鱼糕今天困了喵",1781023856,"ok 补完梗了 这回看懂了"
"","","","","鱼糕今天困了喵",1781023638,"我成老登了"
"","","","","鱼糕今天困了喵",1781023622,"坏了我也不知道"
"","","","","鱼糕今天困了喵",1781023592,"结戒结戒"
"","","","","鱼糕今天困了喵",1781023463,"吓哭了"
"","","","","鱼糕今天困了喵",1781023369,"按那个时候估计推100-200了"
"","","","","鱼糕今天困了喵",1781023351,"夸张哦"
"","","","","鱼糕今天困了喵",1781023331,"起码也得二三十个吧"
"","","","","鱼糕今天困了喵",1781023320,"照理来说你这个舰长数量不应该个位数啊（？？）"
"","","","","鱼糕今天困了喵",1781023216,"最近都这样 人数不高"
"","","","","鱼糕今天困了喵",1781023206,"确实 那段时间好播"
"","","","","鱼糕今天困了喵",1781023191,"最近更是约等于不推只有基本盘"
"","","","","鱼糕今天困了喵",1781023172,"推流是这样的 不上榜就很难大量推"
"","","","","鱼糕今天困了喵",1781022695,"好好好"
"","","","","鱼糕今天困了喵",1781022686,"6月盲盒"
"","","","","鱼糕今天困了喵",1781022137,"来个ip东南亚的有点说服力"
"","","","","鱼糕今天困了喵",1781022076,"我翻身了"
"","","","","鱼糕今天困了喵",1781022070,"相信我"
"","","","","鱼糕今天困了喵",1781022068,"我都出过双兔俩球我都没亏"
"","","","","鱼糕今天困了喵",1781022011,"大概率没这么眉笔"
"","","","","鱼糕今天困了喵",1781022000,"6折"
"","","","","鱼糕今天困了喵",1781021979,"最极限"
"","","","","鱼糕今天困了喵",1781021973,"8555*6 变3w"
"","","","","鱼糕今天困了喵",1781021772,"那倒也不至于 概率没那么低"
"","","","","鱼糕今天困了喵",1781021750,"读博（）"
"","","","","鱼糕今天困了喵",1781021722,"总不能一直6/6"
"","","","","鱼糕今天困了喵",1781021703,"我是看前面亏了会考虑打下一层看能不能运气好点"
"","","","","鱼糕今天困了喵",1781021685,"我是看前面亏了会考虑打下一层看能不能运气好点"
"","","","","鱼糕今天困了喵",1781021664,"对 打不打下一层也要看运气的 因为总价是累加的"
"","","","","鱼糕今天困了喵",1781021620,"奇遇"
"","","","","鱼糕今天困了喵",1781021553,"我又要说起兔子玩球了"
"","","","","鱼糕今天困了喵",1781021532,"这次活动还可以"
"","","","","鱼糕今天困了喵",1781021400,"都好看都好看（保命"
"","","","","鱼糕今天困了喵",1781021387,"嗯？你看过我主页了吗（）"
"","","","","鱼糕今天困了喵",1781021375,"没 放假5个月嗷"
"","","","","鱼糕今天困了喵",1781021307,"其实是11:30-1:50的课 没得看"
"","","","","鱼糕今天困了喵",1781021290,"是的我在学习（我自己都不信"
"","","","","鱼糕今天困了喵",1781021278,"400--350"
"","","","","鱼糕今天困了喵",1781021246,"其他妹妹不在这个点"
"","","","","鱼糕今天困了喵",1781021241,"草（"
"","","","","鱼糕今天困了喵",1781021077,"我看会儿别的妹妹去"
"","","","","鱼糕今天困了喵",1781020994,"我学习一下"
"","","","","鱼糕今天困了喵",1781020991,"主播站起来我看看穿搭"
"","","","","鱼糕今天困了喵",1781020908,"傲娇过度容易变仇人（）"
"","","","","鱼糕今天困了喵",1781020887,"温柔的好啊"
"","","","","鱼糕今天困了喵",1781020813,"没发 不信"
"","","","","鱼糕今天困了喵",1781020793,"你最好是给我发消息"
"","","","","鱼糕今天困了喵",1781020751,"我是麻椒鱼"
"","","","","鱼糕今天困了喵",1781020494,"发吧"
"","","","","鱼糕今天困了喵",1781020424,"没实力 我是区"
"","","","","鱼糕今天困了喵",1781020404,"我是魔珠灵丸"
"","","","","鱼糕今天困了喵",1781020391,"我是鱼丸"
"","","","","鱼糕今天困了喵",1781020382,"对的对的对的"
"","","","","鱼糕今天困了喵",1781020340,"111"
"","","","","鱼糕今天困了喵",1781020329,"第二天谁在家里剁肉馅了"
"","","","","鱼糕今天困了喵",1781020257,"头痛痛"
"","","","","鱼糕今天困了喵",1781020125,"那你给我装后备箱里得了"
"","","","","鱼糕今天困了喵",1781020106,"666那很会买了"
"","","","","鱼糕今天困了喵",1781020054,"保险买齐买满"
"","","","","鱼糕今天困了喵",1781019964,"一年2000多呢别闹（"
"","","","","鱼糕今天困了喵",1781019951,"我觉得我的保险要拒保了"
"","","","","鱼糕今天困了喵",1781019902,"我谢谢你 走一路颠完全飞出去了"
"","","","","鱼糕今天困了喵",1781019874,"？你的意思是 让我在摩托车尾 挂载一个野餐车吗"
"","","","","鱼糕今天困了喵",1781019826,"也没有外置拉杆占用空间太多了"
"","","","","鱼糕今天困了喵",1781019815,"那个不防震不防摔"
"","","","","鱼糕今天困了喵",1781019746,"我怎么带装备啊"
"","","","","鱼糕今天困了喵",1781019740,"杀了我吧"
"","","","","鱼糕今天困了喵",1781019738,"bur哥们便宜的也要1729"
"","","","","鱼糕今天困了喵",1781019668,"这个人机好聪明（"
"","","","","鱼糕今天困了喵",1781019657,"给你两拳"
"","","","","鱼糕今天困了喵",1781019646,"诶我好像可以欺负布丁了"
"","","","","鱼糕今天困了喵",1781019549,"哎 对了"
"","","","","鱼糕今天困了喵",1781019500,"你给我个管理看他能活几秒"
"","","","","鱼糕今天困了喵",1781019492,"你还怪友好的"
"","","","","鱼糕今天困了喵",1781019469,"杀了我吧 可以直接抢的"
"","","","","鱼糕今天困了喵",1781019437,"nm4248"
"","","","","鱼糕今天困了喵",1781019433,"我以为428呢"
"","","","","鱼糕今天困了喵",1781019428,"这个相机行李箱怎么能这么贵"
"","","","","鱼糕今天困了喵",1781019053,"我是nerd 我要straight A"
"","","","","鱼糕今天困了喵",1781019033,"经典四个人加起来不如我一个"
"","","","","鱼糕今天困了喵",1781019018,"组员太差了 0/5"
"","","","","鱼糕今天困了喵",1781019013,"有 讨厌小组作业"
"","","","","鱼糕今天困了喵",1781018859,"我们去吃好吃的只给她看图片"
"","","","","鱼糕今天困了喵",1781018844,"她不在"
"","","","","鱼糕今天困了喵",1781018841,"布丁跟我走吧"
"","","","","鱼糕今天困了喵",1781018799,"幸运观众可以获得鱼糕签名+涂鸦边框"
"","","","","鱼糕今天困了喵",1781018780,"仅需0.01"
"","","","","鱼糕今天困了喵",1781018774,"加我获得妹妹拍立得"
"","","","","鱼糕今天困了喵",1781018767,"跟我去看别的妹妹"
"","","","","鱼糕今天困了喵",1781018762,"快跑 主播水时长"
"","","","","鱼糕今天困了喵",1781018737,"不喜欢呆的 喜欢聪明有点呆的"
"","","","","鱼糕今天困了喵",1781018708,"别的妹妹更乖"
"","","","","鱼糕今天困了喵",1781018692,"我去学伪音"
"","","","","鱼糕今天困了喵",1781018684,"我也可以是女主播"
"","","","","鱼糕今天困了喵",1781018678,"不升了"
"","","","","鱼糕今天困了喵",1781018641,"区别对待"
"","","","","鱼糕今天困了喵",1781018636,"退款"
"","","","","鱼糕今天困了喵",1781018626,"？还有叫妈妈的666"
"","","","","鱼糕今天困了喵",1781018602,"来点黑手内定"
"","","","","鱼糕今天困了喵",1781018592,"可以 送我"
"","","","","鱼糕今天困了喵",1781018562,"对的 你抽奖的时间不是很好"
"","","","","鱼糕今天困了喵",1781018546,"iphone air 超薄的那个"
"","","","","鱼糕今天困了喵",1781018517,"喜欢air有懂的吗"
"","","","","鱼糕今天困了喵",1781018501,"哪儿来的18"
"","","","","鱼糕今天困了喵",1781018483,"我也要17 送我"
"","","","","鱼糕今天困了喵",1781018456,"退"
"","","","","鱼糕今天困了喵",1781018337,"只能个人online套餐"
"","","","","鱼糕今天困了喵",1781018326,"我现在被禁止开家庭组了"
"","","","","鱼糕今天困了喵",1781018319,"给我连坐了"
"","","","","鱼糕今天困了喵",1781018316,"没 我家庭组有成员退了加别的家庭"
"","","","","鱼糕今天困了喵",1781018254,"家庭开个车更便宜"
"","","","","鱼糕今天困了喵",1781018247,"日服会员官方也仅需100一年"
"","","","","鱼糕今天困了喵",1781018217,"来点喷喷组队"
"","","","","鱼糕今天困了喵",1781018188,"大部分会是这样的"
"","","","","鱼糕今天困了喵",1781018171,"新游戏好像ns2限定了"
"","","","","鱼糕今天困了喵",1781018145,"当务之急是你要去买一个ns2"
"","","","","鱼糕今天困了喵",1781018078,"oi 焦糖 看我q"
"","","","","鱼糕今天困了喵",1781018016,"我是喷批"
"","","","","鱼糕今天困了喵",1781017952,"布丁晚上好喵"
"","","","","鱼糕今天困了喵",1781017926,"可以 那很爽了"
"","","","","鱼糕今天困了喵",1781017905,"什么 焦糖要直播赚钱给我买喷喷？"
"","","","","鱼糕今天困了喵",1781017859,"喷去了"
"","","","","鱼糕今天困了喵",1781017678,"很早以前ios安卓都分开数据的 那也没办法"
"","","","","鱼糕今天困了喵",1781017656,"没人就点陪工"
"","","","","鱼糕今天困了喵",1781017632,"我加了n个群保证24小时可喷"
"","","","","鱼糕今天困了喵",1781017622,"谁带我打喷我也可以重度依赖一下"
"","","","","鱼糕今天困了喵",1781017609,"是这样的"
"","","","","鱼糕今天困了喵",1781017586,"我先打段位去"
"","","","","鱼糕今天困了喵",1781017568,"那你叫我"
"","","","","鱼糕今天困了喵",1781017547,"明天喷吗"
"","","","","鱼糕今天困了喵",1781017516,"笑死了"
"","","","","鱼糕今天困了喵",1781017513,"都不需要可能 跟国服沾边我直接不碰"
"","","","","鱼糕今天困了喵",1781017459,"switch"
"","","","","鱼糕今天困了喵",1781017454,"野炊17.3.3"
"","","","","鱼糕今天困了喵",1781017429,"野炊早"
"","","","","鱼糕今天困了喵",1781017404,"泪是23.5.12发的"
"","","","","鱼糕今天困了喵",1781017325,"玩不玩难说"
"","","","","鱼糕今天困了喵",1781017317,"目前疑似pve 只能说我是喷批我肯定买"
"","","","","鱼糕今天困了喵",1781017292,"不是 单独的游戏"
"","","","","鱼糕今天困了喵",1781017250,"7月喷喷外传涂击队"
"","","","","鱼糕今天困了喵",1781017223,"然后就看自家下位是不是人类了"
"","","","","鱼糕今天困了喵",1781017209,"所以一定老带新（"
"","","","","鱼糕今天困了喵",1781017201,"rtt的匹配机制是优先保证新手有游戏体验"
"","","","","鱼糕今天困了喵",1781017173,"匹配机制发力了"
"","","","","鱼糕今天困了喵",1781017153,"你怎么知道我今天下午喷喷连赢15把"
"","","","","鱼糕今天困了喵",1781017136,"专业碰瓷的来了"
"","","","","鱼糕今天困了喵",1781017126,"666"
"","","","","鱼糕今天困了喵",1781017086,"我有个主意 你直接0票要医药费吧（"
"","","","","鱼糕今天困了喵",1781016575,"其实是700r变800r（"
"","","","","鱼糕今天困了喵",1781016542,"爽了啊"
"","","","","鱼糕今天困了喵",1781016536,"我今天700->800"
"","","","","鱼糕今天困了喵",1781016518,"bls合成大礼物"
"","","","","鱼糕今天困了喵",1781016510,"确实 给我捏两下"
"","","","","鱼糕今天困了喵",1781016500,"这次活动好像还行"
"","","","","鱼糕今天困了喵",1781016471,"我没亏 我开活动赚了"
"","","","","鱼糕今天困了喵",1781016454,"可以 满足你"
"","","","","鱼糕今天困了喵",1781016426,"美女你谁"
"","","","","鱼糕今天困了喵",1781016156,"我喜欢你"
"","","","","鱼糕今天困了喵",1781016146,"爽了"
"","","","","鱼糕今天困了喵",1781016065,"听到最后吧我什么都会做的"
"","","","","鱼糕今天困了喵",1781015930,"蹦蹦蹦蹦蹦蹦 蹦嘣嘣嘣嘣嘣嘣嘣"
"","","","","鱼糕今天困了喵",1781015874,"勘ぐれい"
"","","","","鱼糕今天困了喵",1781015803,"我喜欢花椒粉"
"","","","","鱼糕今天困了喵",1781015777,"我也喜欢孜然"
"","","","","鱼糕今天困了喵",1781015498,"我q备注吧"
"","","","","鱼糕今天困了喵",1781015445,"诺的答案就是标准答案"
"","","","","鱼糕今天困了喵",1781015435,"诺永远是对的"
"","","","","鱼糕今天困了喵",1781015362,"日常头晕困困眯眯的来了"
"","","","","鱼糕今天困了喵",1781015349,"我也头晕（）"
"","","","","鱼糕今天困了喵",1781015346,"有可能"
"","","","","鱼糕今天困了喵",1781015342,"那你睡吧"
"","","","","鱼糕今天困了喵",1781015311,"凑整"
"","","","","鱼糕今天困了喵",1781015302,"不懂 先预定涂击队"
"","","","","鱼糕今天困了喵",1781015122,"本作品有大量虚构元素 请不要带入现实喵"
"","","","","鱼糕今天困了喵",1781015103,"不要在现实生活玩needy girl overdose（）"
"","","","","鱼糕今天困了喵",1781014972,"她要唱歌大学习"
"","","","","鱼糕今天困了喵",1781014962,"excel是歌单"
"","","","","鱼糕今天困了喵",1781014909,"不绝对安全=绝对不安全"
"","","","","鱼糕今天困了喵",1781014893,"喜欢去东南亚导致的"
"","","","","鱼糕今天困了喵",1781014837,"好大声 我好像龙了"
"","","","","鱼糕今天困了喵",1781014730,"小黑盒那哥们感觉落地第一天就大拆解了"
"","","","","鱼糕今天困了喵",1781014690,"bur你也不能赌他病的到底是重还是轻吧 开到隐藏款就不好笑了"
"","","","","鱼糕今天困了喵",1781014631,"咕嘟咕嘟咕嘟咕嘟"
"","","","","鱼糕今天困了喵",1781014586,"喝一口水吧 幽灵什么都会做的"
"","","","","鱼糕今天困了喵",1781014503,"《食人树》《社交的手段》《暗黑心理学》"
"","","","","鱼糕今天困了喵",1781014494,"《活着》"
"","","","","鱼糕今天困了喵",1781014490,"《快跑》"
"","","","","鱼糕今天困了喵",1781014390,"666666"
"","","","","鱼糕今天困了喵",1781014384,"多久？"
"","","","","鱼糕今天困了喵",1781014381,"？"
"","","","","鱼糕今天困了喵",1781014314,"666"
"","","","","鱼糕今天困了喵",1781014311,"？kkt都来了"
"","","","","鱼糕今天困了喵",1781014264,"考验这么考也很神人了"
"","","","","鱼糕今天困了喵",1781013763,"acane真的是人类吗"
"","","","","鱼糕今天困了喵",1781013757,"我上次去卡啦ok唱完ztmy对自己的感觉是声嘶力竭主唱太拼命了"
"","","","","鱼糕今天困了喵",1781013726,"你要唱ztmy吗"
"","","","","鱼糕今天困了喵",1781013584,"好熟悉（"
"","","","","鱼糕今天困了喵",1781012829,"好听（"
"","","","","鱼糕今天困了喵",1781012300,"那啥 还缺表妹吗 姐姐 性别不用卡的太死"
"","","","","鱼糕今天困了喵",1781012140,"有点狠了3w3干啥了"
"","","","","鱼糕今天困了喵",1781011244,"700变800 赚麻了"
"","","","","鱼糕今天困了喵",1781010998,"bls活动礼物"
"","","","","鱼糕今天困了喵",1781010977,"捏捏99"
"","","","","鱼糕今天困了喵",1781010972,"99！想你了"
"","","","","鱼糕今天困了喵",1781010962,"没这么低"
"","","","","鱼糕今天困了喵",1781010918,"捏捏"
"","","","","鱼糕今天困了喵",1781010911,"送我 四月"
"","","","","鱼糕今天困了喵",1781010893,"我要"
"","","","","鱼糕今天困了喵",1781010821,"想要鱼糕签名可以满足"
"","","","","鱼糕今天困了喵",1781010814,"正品是我自己自留的"
"","","","","鱼糕今天困了喵",1781010805,"我没说我要卖正品啊"
"","","","","鱼糕今天困了喵",1781010687,"666喝水来了"
"","","","","鱼糕今天困了喵",1781010510,"鱼糕找别的妹妹进度表（？"
"","","","","鱼糕今天困了喵",1781010320,"你要做的事情还 挺多的（）"
"","","","","鱼糕今天困了喵",1781010281,"或者要不找小助手帮你把举牌券表填了解放你生产力也行"
"","","","","鱼糕今天困了喵",1781010153,"可以尽情使用我的"
"","","","","鱼糕今天困了喵",1781010133,"说真的修图太多挺耗时间的 返图也好图包也好"
"","","","","鱼糕今天困了喵",1781010079,"（举牌券表格更新了吗）"
"","","","","鱼糕今天困了喵",1781009879,"啊对啊我返图呢"
"","","","","鱼糕今天困了喵",1781009854,"找我督促你 不发视频电你"
"","","","","鱼糕今天困了喵",1781009839,"很有了"
"","","","","鱼糕今天困了喵",1781009744,"举牌 举牌"
"","","","","鱼糕今天困了喵",1781009529,"哈哈大笑"
"","","","","鱼糕今天困了喵",1781009480,"对的"
"","","","","鱼糕今天困了喵",1781009478,"懂了 希望老师变成诺球球"
"","","","","鱼糕今天困了喵",1781009467,"球球了"
"","","","","鱼糕今天困了喵",1781009323,"大黑手来了"
"","","","","鱼糕今天困了喵",1781009294,"哦哦哦哦好酷晚上好诺咪"
"","","","","鱼糕今天困了喵",1780938262,"我什么时候能出个城堡（👉👈"
"","","","","鱼糕今天困了喵",1780938234,"这是好事啊"
"","","","","鱼糕今天困了喵",1780938131,"她嘴角压不住了"
"","","","","鱼糕今天困了喵",1780938059,"气氛都到这边了 随一个吧"
"","","","","鱼糕今天困了喵",1780938021,"我很久没见过这个东西了"
"","","","","鱼糕今天困了喵",1780938015,"我去"
"","","","","鱼糕今天困了喵",1780938005,"？？？"
"","","","","鱼糕今天困了喵",1780937841,"帅"
"","","","","鱼糕今天困了喵",1780937836,"哦哟好大"
"","","","","鱼糕今天困了喵",1780937697,"你不是要看3d的吗（"
"","","","","鱼糕今天困了喵",1780937540,"右下角活动"
"","","","","鱼糕今天困了喵",1780937425,"那我说我5岁你不炸了吗（"
"","","","","鱼糕今天困了喵",1780937382,"那也没小到哪里去"
"","","","","鱼糕今天困了喵",1780937292,"看不见168的选项"
"","","","","鱼糕今天困了喵",1780937287,"我好像 只能原价续"
"","","","","鱼糕今天困了喵",1780937276,"拿 都可以拿"
"","","","","鱼糕今天困了喵",1780937174,"换手机看了 躺下了"
"","","","","鱼糕今天困了喵",1780936223,"b站赚钱b站花"
"","","","","鱼糕今天困了喵",1780936208,"可以的"
"","","","","鱼糕今天困了喵",1780936205,"对的"
"","","","","鱼糕今天困了喵",1780936117,"外国号码注册的你都不一定能看得到我上榜或者看到我发弹幕"
"","","","","鱼糕今天困了喵",1780936081,"没 在国内"
"","","","","鱼糕今天困了喵",1780936071,"就很诡异"
"","","","","鱼糕今天困了喵",1780936063,"不知道"
"","","","","鱼糕今天困了喵",1780936041,"我退出重新登录 连视频也看不了了 必须先实名"
"","","","","鱼糕今天困了喵",1780936023,"一个白屏弹出来让我实名 还不能用同一张身份证"
"","","","","鱼糕今天困了喵",1780936006,"可狠了 我开个小号 点进直播间一下"
"","","","","鱼糕今天困了喵",1780935971,"不实名也不给看直播了（"
"","","","","鱼糕今天困了喵",1780935963,"呜呜呜我为什么实名了"
"","","","","鱼糕今天困了喵",1780935911,"呜呜呜我没米了 仅退款当前直播间（）"
"","","","","鱼糕今天困了喵",1780935868,"不是"
"","","","","鱼糕今天困了喵",1780935846,"然后说你要是看她就别来看我了 转手一个拉黑"
"","","","","鱼糕今天困了喵",1780935836,"有神人主播因为舰长同时看别的妹妹超级生气暴怒"
"","","","","鱼糕今天困了喵",1780935691,"晚安喵"
"","","","","鱼糕今天困了喵",1780935647,"来点星轨"
"","","","","鱼糕今天困了喵",1780935583,"没舰长我可以上一个去[dog]"
"","","","","鱼糕今天困了喵",1780935496,"骗你的 根本不可能有余额 充多少用多少"
"","","","","鱼糕今天困了喵",1780935448,"用我的号开"
"","","","","鱼糕今天困了喵",1780935334,"？！强！？"
"","","","","鱼糕今天困了喵",1780935321,"哦？"
"","","","","鱼糕今天困了喵",1780935285,"这怎么打"
"","","","","鱼糕今天困了喵",1780934708,"？"
"","","","","鱼糕今天困了喵",1780934673,"退款"
"","","","","鱼糕今天困了喵",1780934665,"取关了"
"","","","","鱼糕今天困了喵",1780934655,"？"
"","","","","鱼糕今天困了喵",1780934620,"没必要特意玩 老登互坑"
"","","","","鱼糕今天困了喵",1780934595,"玩过"
"","","","","鱼糕今天困了喵",1780934578,"你说啥 我没听清"
"","","","","鱼糕今天困了喵",1780934503,"没看过"
"","","","","鱼糕今天困了喵",1780934389,"举办了 录播挂机"
"","","","","鱼糕今天困了喵",1780934345,"快跑！"
"","","","","鱼糕今天困了喵",1780934342,"她拿烟头烫我"
"","","","","鱼糕今天困了喵",1780934337,"快跑！"
"","","","","鱼糕今天困了喵",1780934263,"还有这种说法 看看"
"","","","","鱼糕今天困了喵",1780934211,"看q"
"","","","","鱼糕今天困了喵",1780934147,"不好玩不好玩"
"","","","","鱼糕今天困了喵",1780934124,"为什么减了"
"","","","","鱼糕今天困了喵",1780934118,"不对不对不对"
"","","","","鱼糕今天困了喵",1780933972,"不一样啊 妹妹也很乖的"
"","","","","鱼糕今天困了喵",1780933919,"我去找妹妹安慰了"
"","","","","鱼糕今天困了喵",1780933877,"不是一三五二四六吗"
"","","","","鱼糕今天困了喵",1780933825,"还是你好"
"","","","","鱼糕今天困了喵",1780933818,"她好坏"
"","","","","鱼糕今天困了喵",1780933814,"布丁 我们走"
"","","","","鱼糕今天困了喵",1780933799,"叫我什么？"
"","","","","鱼糕今天困了喵",1780933761,"你再想想真的不会让我爽到吗"
"","","","","鱼糕今天困了喵",1780933735,"来我地址发你你来"
"","","","","鱼糕今天困了喵",1780933696,"为什么在凶我"
"","","","","鱼糕今天困了喵",1780933667,"布丁晚上好———"
"","","","","鱼糕今天困了喵",1780933585,"余额0"
"","","","","鱼糕今天困了喵",1780933419,"直接改成总督清空吧 我想早上睡醒接着看你播"
"","","","","鱼糕今天困了喵",1780933339,"5001"
"","","","","鱼糕今天困了喵",1780933325,"1v1"
"","","","","鱼糕今天困了喵",1780933312,"征服我吗 有点意思"
"","","","","鱼糕今天困了喵",1780933269,"5个太狠了"
"","","","","鱼糕今天困了喵",1780933258,"666我最多3个"
"","","","","鱼糕今天困了喵",1780933241,"我要改名别的妹妹今天困了喵"
"","","","","鱼糕今天困了喵",1780933230,"其实我也看别的妹妹去了"
"","","","","鱼糕今天困了喵",1780933205,"不行 这么想加班 不能奖励你"
"","","","","鱼糕今天困了喵",1780933171,"我之前干过这事（）"
"","","","","鱼糕今天困了喵",1780933161,"你见过72小时吗"
"","","","","鱼糕今天困了喵",1780933137,"焦糖你见过48小时吗"
"","","","","鱼糕今天困了喵",1780933124,"太对了"
"","","","","鱼糕今天困了喵",1780933085,"给你来一个x2怎么样"
"","","","","鱼糕今天困了喵",1780933078,"但是这个时长怎么减了"
"","","","","鱼糕今天困了喵",1780933053,"刚刚只剩300"
"","","","","鱼糕今天困了喵",1780933049,"其实是我充少了"
"","","","","鱼糕今天困了喵",1780932984,"不好玩"
"","","","","鱼糕今天困了喵",1780932976,"bur哥们我本来能赢的"
"","","","","鱼糕今天困了喵",1780932964,"？我宣布我讨厌盲盒"
"","","","","鱼糕今天困了喵",1780932916,"太对咯"
"","","","","鱼糕今天困了喵",1780932912,"对咯"
"","","","","鱼糕今天困了喵",1780932793,"呜呜呜我没考高考你们为什么不喊醒我我的青春不完整了呜呜呜呜"
"","","","","鱼糕今天困了喵",1780932655,"喜欢亮亮的"
"","","","","鱼糕今天困了喵",1780932651,"有点亮 喜欢"
"","","","","鱼糕今天困了喵",1780932563,"我也有很好的选择和很烂的选择"
"","","","","鱼糕今天困了喵",1780932538,"不放心"
"","","","","鱼糕今天困了喵",1780932519,"来跟我学 保证不亏完"
"","","","","鱼糕今天困了喵",1780932488,"爽吃低价"
"","","","","鱼糕今天困了喵",1780932476,"还真是 我趁着-10%加仓了"
"","","","","鱼糕今天困了喵",1780932463,"A股 他能赚 已经很好了"
"","","","","鱼糕今天困了喵",1780932452,"你要这么想"
"","","","","鱼糕今天困了喵",1780932424,"美股不相信眼泪"
"","","","","鱼糕今天困了喵",1780932418,"那你不如指望我能发大财"
"","","","","鱼糕今天困了喵",1780932384,"一夜"
"","","","","鱼糕今天困了喵",1780932380,"前两天一页-10%"
"","","","","鱼糕今天困了喵",1780932362,"俩都是卡着线过的"
"","","","","鱼糕今天困了喵",1780932351,"当场交钱排队重新考就行"
"","","","","鱼糕今天困了喵",1780932320,"没题库随机题型有点难整了"
"","","","","鱼糕今天困了喵",1780932302,"笑死了我的加拿大驾照理论考挂过两次"
"","","","","鱼糕今天困了喵",1780932261,"鱼糕因为科四96被焦糖踢出直播间"
"","","","","鱼糕今天困了喵",1780932237,"笑死了"
"","","","","鱼糕今天困了喵",1780932232,"没有坡道"
"","","","","鱼糕今天困了喵",1780932226,"不确定"
"","","","","鱼糕今天困了喵",1780932224,"对的吧"
"","","","","鱼糕今天困了喵",1780932207,"那你5200解救她"
"","","","","鱼糕今天困了喵",1780932168,"错的"
"","","","","鱼糕今天困了喵",1780932131,"错的"
"","","","","鱼糕今天困了喵",1780932103,"下一题"
"","","","","鱼糕今天困了喵",1780932099,"我平时不用墨镜"
"","","","","鱼糕今天困了喵",1780932094,"哎这个不算"
"","","","","鱼糕今天困了喵",1780932081,"?"
"","","","","鱼糕今天困了喵",1780932064,"？不行吧行吗"
"","","","","鱼糕今天困了喵",1780932051,"科一92正常 有混了10%新题 就是差不多这个分"
"","","","","鱼糕今天困了喵",1780932019,"我也没刷"
"","","","","鱼糕今天困了喵",1780932014,"看看"
"","","","","鱼糕今天困了喵",1780931991,"让你做选择"
"","","","","鱼糕今天困了喵",1780931988,"不用记法律法规 都是实际情况"
"","","","","鱼糕今天困了喵",1780931974,"科四基本上可以随便过"
"","","","","鱼糕今天困了喵",1780931938,"在家"
"","","","","鱼糕今天困了喵",1780931931,"不能打了 眼睛都是花的"
"","","","","鱼糕今天困了喵",1780931919,"没米咯"
"","","","","鱼糕今天困了喵",1780931890,"。"
"","","","","鱼糕今天困了喵",1780931889,"后天吧 明天上班"
"","","","","鱼糕今天困了喵",1780931845,"我不行了 杀了我吧"
"","","","","鱼糕今天困了喵",1780931583,"我被鲑鱼一巴掌拍死"
"","","","","鱼糕今天困了喵",1780931576,"队友开着大招冲进海里"
"","","","","鱼糕今天困了喵",1780931066,"我在达2被打成区了"
"","","","","鱼糕今天困了喵",1780931056,"来俩新号平衡一下强度"
"","","","","鱼糕今天困了喵",1780931040,"可以"
"","","","","鱼糕今天困了喵",1780931032,"来玩"
"","","","","鱼糕今天困了喵",1780928462,"好的Akari1542225(^w^)&"
"","","","","鱼糕今天困了喵",1780928407,"你在哪个公司（不是"
"","","","","鱼糕今天困了喵",1780927964,"哎不给你吃了"
"","","","","鱼糕今天困了喵",1780927960,"？那你的零食就没有咯"
"","","","","鱼糕今天困了喵",1780927936,"你千万不要告诉你主人"
"","","","","鱼糕今天困了喵",1780927932,"乳酪其实我喜欢的是你"
"","","","","鱼糕今天困了喵",1780927565,"那我呢"
"","","","","鱼糕今天困了喵",1780927348,"所以有人花很多w去打"
"","","","","鱼糕今天困了喵",1780927315,"bls"
"","","","","鱼糕今天困了喵",1780927270,"我不介意多收一个台历多收几张拍立得的"
"","","","","鱼糕今天困了喵",1780918510,"谁家知了"
"","","","","鱼糕今天困了喵",1780918501,"什么动静"
"","","","","鱼糕今天困了喵",1780916745,"每天我要对诺发呆48小时"
"","","","","鱼糕今天困了喵",1780916675,"我是学生 送我"
"","","","","鱼糕今天困了喵",1780916646,"知道"
"","","","","鱼糕今天困了喵",1780916184,"111免费后勤"
"","","","","鱼糕今天困了喵",1780916167,"缺打工的吗"
"","","","","鱼糕今天困了喵",1780916152,"诺去我就定制关注雨诺akari谢谢喵"
"","","","","鱼糕今天困了喵",1780915817,"因为不是兄弟"
"","","","","鱼糕今天困了喵",1780915444,"在现场 我是电脑"
"","","","","鱼糕今天困了喵",1780915034,"芝士鸡排"
"","","","","鱼糕今天困了喵",1780915027,"有炖诺可以再吃两口"
"","","","","鱼糕今天困了喵",1780915014,"吃完了"
"","","","","鱼糕今天困了喵",1780914992,"诺小小的 白白的 炖肉了嫩嫩的（？"
"","","","","鱼糕今天困了喵",1780914622,"没人陪我游戏王ptcg的选择（"
"","","","","鱼糕今天困了喵",1780914612,"9是为了打牌（"
"","","","","鱼糕今天困了喵",1780914575,"除了舟只玩过一章崩铁和两章9"
"","","","","鱼糕今天困了喵",1780914551,"我没玩过"
"","","","","鱼糕今天困了喵",1780914538,"小狗你谁"
"","","","","鱼糕今天困了喵",1780896789,"111"
"","","","","鱼糕今天困了喵",1780895815,"哦吼吼吼吼吼吼吼吼吼吼吼"
"","","","","鱼糕今天困了喵",1780895793,"吃力竭了"
"","","","","鱼糕今天困了喵",1780895789,"主播能不能给我两拳"
"","","","","鱼糕今天困了喵",1780895767,"怎么这么多神人"
"","","","","鱼糕今天困了喵",1780895750,"难绷"
"","","","","鱼糕今天困了喵",1780895729,"我都吃完回来了"
"","","","","鱼糕今天困了喵",1780895726,"怎么没有人说话"
"","","","","鱼糕今天困了喵",1780894114,"上次还是百合番"
"","","","","鱼糕今天困了喵",1780894108,"我很久没看了"
"","","","","鱼糕今天困了喵",1780894056,"不卡"
"","","","","鱼糕今天困了喵",1780893832,"怎么就跑了 不好玩"
"","","","","鱼糕今天困了喵",1780893789,"你这个id很熟悉啊"
"","","","","鱼糕今天困了喵",1780893782,"神了"
"","","","","鱼糕今天困了喵",1780893461,"原来只是番啊（低头（戳手指"
"","","","","鱼糕今天困了喵",1780893432,"哪里有女高"
"","","","","鱼糕今天困了喵",1780892955,"饿了 饭饭"
"","","","","鱼糕今天困了喵",1780892890,"家里那只是短毛"
"","","","","鱼糕今天困了喵",1780892883,"长毛没养过"
"","","","","鱼糕今天困了喵",1780892830,"小猫不哭喝奶奶小猫不哭喝奶奶"
"","","","","鱼糕今天困了喵",1780892820,"哦哦哦小猫不怕 她凶你她坏"
"","","","","鱼糕今天困了喵",1780892697,"实在不行一窝大小猫打包带走也可以"
"","","","","鱼糕今天困了喵",1780892679,"左边这只"
"","","","","鱼糕今天困了喵",1780892658,"1111"
"","","","","鱼糕今天困了喵",1780892572,"对就这只"
"","","","","鱼糕今天困了喵",1780892542,"左边这只大猫有联系方式吗"
"","","","","鱼糕今天困了喵",1780892406,"给大猫的"
"","","","","鱼糕今天困了喵",1780892355,"小猫不听话多可爱啊"
"","","","","鱼糕今天困了喵",1780892334,"大猫听话才有"
"","","","","鱼糕今天困了喵",1780892279,"羡慕小猫"
"","","","","鱼糕今天困了喵",1780892214,"猫猫代播"
"","","","","鱼糕今天困了喵",1780891672,"经常打着打着词后面多个数字"
"","","","","鱼糕今天困了喵",1780891651,"乐了我电脑数字键会双击"
"","","","","鱼糕今天困了喵",1780891634,"有点"
"","","","","鱼糕今天困了喵",1780891631,"有点3"
"","","","","鱼糕今天困了喵",1780891554,"yes 同一个人"
"","","","","鱼糕今天困了喵",1780891512,"500多张"
"","","","","鱼糕今天困了喵",1780891462,"打印别的妹妹的拍立得"
"","","","","鱼糕今天困了喵",1780890728,"你看主播欺负我"
"","","","","鱼糕今天困了喵",1780890724,"对的这是我"
"","","","","鱼糕今天困了喵",1780890719,"信任呢 怎么不相信我"
"","","","","鱼糕今天困了喵",1780890665,"欢迎抓我"
"","","","","鱼糕今天困了喵",1780890662,"你好我叫唐可可"
"","","","","鱼糕今天困了喵",1780890619,"我是布丁家的猫"
"","","","","鱼糕今天困了喵",1780890588,"这不就是背面吗"
"","","","","鱼糕今天困了喵",1780890564,"请问是住在广东省**市的***先生吗"
"","","","","鱼糕今天困了喵",1780890474,"为什么我没有"
"","","","","鱼糕今天困了喵",1780890472,"这是谁啊怎么还有布丁电话"
"","","","","鱼糕今天困了喵",1780890324,"你别吃的话我可以报名一下"
"","","","","鱼糕今天困了喵",1780890299,"？？？666"
"","","","","鱼糕今天困了喵",1780890296,"？"
"","","","","鱼糕今天困了喵",1780890275,"兄弟我饿了"
"","","","","鱼糕今天困了喵",1780889843,"骗你的 谁来了都得比一下"
"","","","","鱼糕今天困了喵",1780889799,"轮流激励所有人"
"","","","","鱼糕今天困了喵",1780889765,"那我只能收别的妹妹的情书了"
"","","","","鱼糕今天困了喵",1780889716,"点点关注，参与天选福袋啦！"
"","","","","鱼糕今天困了喵",1780889607,"3个月"
"","","","","鱼糕今天困了喵",1780889536,"怎么回事"
"","","","","鱼糕今天困了喵",1780889497,"昨天晚上的咖喱牛肉还有一点"
"","","","","鱼糕今天困了喵",1780889391,"我哪儿都想去"
"","","","","鱼糕今天困了喵",1780889326,"我还想出去"
"","","","","鱼糕今天困了喵",1780889316,"出去玩爽死了"
"","","","","鱼糕今天困了喵",1780889312,"回了 昨天下午回的"
"","","","","鱼糕今天困了喵",1780889225,"美女你谁"
"","","","","鱼糕今天困了喵",1780840840,"没我同学能喝"
"","","","","鱼糕今天困了喵",1780840834,"没试过能喝多少 也就能看吧"
"","","","","鱼糕今天困了喵",1780840819,"夜店多少带点乱搞性质"
"","","","","鱼糕今天困了喵",1780840804,"我喜欢自己偷摸喝"
"","","","","鱼糕今天困了喵",1780840758,"逃课打牌喝酒这一块"
"","","","","鱼糕今天困了喵",1780840745,"我上学那确实很轻松了"
"","","","","鱼糕今天困了喵",1780838918,"我在国内（"
"","","","","鱼糕今天困了喵",1780838531,"现在 兼职"
"","","","","鱼糕今天困了喵",1780838493,"再说吧 我觉得我的想法很可能过两年会变"
"","","","","鱼糕今天困了喵",1780838422,"幽灵的神秘工作+1"
"","","","","鱼糕今天困了喵",1780838415,"人形衣架（）"
"","","","","鱼糕今天困了喵",1780838391,"可能买个小的当玩具了"
"","","","","鱼糕今天困了喵",1780838384,"那倒是"
"","","","","鱼糕今天困了喵",1780838377,"怎么样都得5位数了"
"","","","","鱼糕今天困了喵",1780838368,"其实掏不起（"
"","","","","鱼糕今天困了喵",1780838360,"这个是洗照片用的 显影液盘子"
"","","","","鱼糕今天困了喵",1780838348,"偏绿偏灰"
"","","","","鱼糕今天困了喵",1780838321,"骗你的 这次我去东京也是00000"
"","","","","鱼糕今天困了喵",1780838312,"对 我整理才发现我把整框买满了"
"","","","","鱼糕今天困了喵",1780838257,"这层是评级卡 万智牌和ptcg"
"","","","","鱼糕今天困了喵",1780838200,"再往右是yrsk和ztmy（你怎么知道我ztmy全齐"
"","","","","鱼糕今天困了喵",1780838176,"再右边是喷3设定集 八方旅人2 铃芽设定集"
"","","","","鱼糕今天困了喵",1780838149,"那几本右边的中文的是我妈放的"
"","","","","鱼糕今天困了喵",1780838126,"当然四轮实用一点（"
"","","","","鱼糕今天困了喵",1780838111,"我爱好更偏向摩托车"
"","","","","鱼糕今天困了喵",1780838101,"书那都是高中竞赛买的了 很久没动了"
"","","","","鱼糕今天困了喵",1780838086,"卧室就是暗房"
"","","","","鱼糕今天困了喵",1780838058,"但是我事情多 我有要求（）"
"","","","","鱼糕今天困了喵",1780838049,"国内国外无所谓（"
"","","","","鱼糕今天困了喵",1780838047,"左上 胶卷 f3"
"","","","","鱼糕今天困了喵",1780838025,"我想着先买个摩托车骑着得了"
"","","","","鱼糕今天困了喵",1780838007,"这是放大机 把胶卷印到相纸上的"
"","","","","鱼糕今天困了喵",1780837948,"现在汽车和摩托车驾照都有了"
"","","","","鱼糕今天困了喵",1780837932,"我刚18就考了"
"","","","","鱼糕今天困了喵",1780837925,"那早就考了"
"","","","","鱼糕今天困了喵",1780837889,"开车1个小时的话公共交通可能2-4小时"
"","","","","鱼糕今天困了喵",1780837877,"没有车交通比较困难 所以如果工作稳定了肯定是需要的"
"","","","","鱼糕今天困了喵",1780837537,"对对"
"","","","","鱼糕今天困了喵",1780837524,"乐 我缺钱啊（）"
"","","","","鱼糕今天困了喵",1780837502,"短期的"
"","","","","鱼糕今天困了喵",1780837498,"有"
"","","","","鱼糕今天困了喵",1780837485,"我还能写点代码搞点设计工作"
"","","","","鱼糕今天困了喵",1780837474,"实在不行看毕业之后能不能投靠哪个教授的实验室"
"","","","","鱼糕今天困了喵",1780837022,"耗材和专业软件都挺贵的"
"","","","","鱼糕今天困了喵",1780837013,"反正缺钱肯定会难一点"
"","","","","鱼糕今天困了喵",1780836961,"艺术实践-数字艺术/经济/日语"
"","","","","鱼糕今天困了喵",1780836933,"我是艺术系的"
"","","","","鱼糕今天困了喵",1780836904,"我的大学专业吗"
"","","","","鱼糕今天困了喵",1780836759,"认知就是这样先从整体开始的"
"","","","","鱼糕今天困了喵",1780836746,"有的时候 就是那个感觉很重要"
"","","","","鱼糕今天困了喵",1780836739,"我觉得吧 不一定要完全看明白"
"","","","","鱼糕今天困了喵",1780836670,"如果不是我拍的 你直接问我 我也大概率不知道（"
"","","","","鱼糕今天困了喵",1780836649,"还好吧"
"","","","","鱼糕今天困了喵",1780836595,"哎怎么能这么说呢（"
"","","","","鱼糕今天困了喵",1780836585,"好！"
"","","","","鱼糕今天困了喵",1780836535,"325"
"","","","","鱼糕今天困了喵",1780836495,"基本上不好看的会被我第一时间删了"
"","","","","鱼糕今天困了喵",1780836482,"很少说特别喜欢吧"
"","","","","鱼糕今天困了喵",1780836435,"我好喜欢这个色调"
"","","","","鱼糕今天困了喵",1780836429,"啊这张是青森的樱花"
"","","","","鱼糕今天困了喵",1780836398,"还我"
"","","","","鱼糕今天困了喵",1780836395,"你为什么住我家里"
"","","","","鱼糕今天困了喵",1780836389,"这是我的房间"
"","","","","鱼糕今天困了喵",1780836376,"好像是澳大利亚馆里面 有显示屏展示自然环境"
"","","","","鱼糕今天困了喵",1780836361,"这个是 大阪世博会的"
"","","","","鱼糕今天困了喵",1780836305,"自己洗自己扫描自己印"
"","","","","鱼糕今天困了喵",1780836299,"巧了吗这不 这就是胶片"
"","","","","鱼糕今天困了喵",1780836131,"fufu给我"
"","","","","鱼糕今天困了喵",1780836120,"这有啥你直接跟我要呗"
"","","","","鱼糕今天困了喵",1780836107,"那你敲我一下"
"","","","","鱼糕今天困了喵",1780836087,"话说你是不是没看过我拍过什么"
"","","","","鱼糕今天困了喵",1780836054,"是"
"","","","","鱼糕今天困了喵",1780836047,"这还是多年来更新下来的"
"","","","","鱼糕今天困了喵",1780836035,"我的一套才5w多一点 另一套2w不到"
"","","","","鱼糕今天困了喵",1780836008,"羡慕了 我是真想要"
"","","","","鱼糕今天困了喵",1780835965,"我以为新台币"
"","","","","鱼糕今天困了喵",1780835723,"所以对我来说没有娱乐的"
"","","","","鱼糕今天困了喵",1780835716,"包括堵场什么的 感觉没意思"
"","","","","鱼糕今天困了喵",1780835703,"酒吧夜店对我来说不属于娱乐"
"","","","","鱼糕今天困了喵",1780835682,"哦这个怎么说呢"
"","","","","鱼糕今天困了喵",1780835659,"学校周边娱乐=0"
"","","","","鱼糕今天困了喵",1780835642,"开始撒欢了"
"","","","","鱼糕今天困了喵",1780835634,"我属于农村关了8个月放出来的"
"","","","","鱼糕今天困了喵",1780835579,"也不是 我体感上不多吧 很多人都是只会酒吧喝酒的（"
"","","","","鱼糕今天困了喵",1780835550,"要不然蹲不住的"
"","","","","鱼糕今天困了喵",1780835544,"hhh总要给自己找点事做"
"","","","","鱼糕今天困了喵",1780835145,"我那会儿去眯了"
"","","","","鱼糕今天困了喵",1780835125,"Oi"
"","","","","鱼糕今天困了喵",1780756464,"晚安老公"
"","","","","鱼糕今天困了喵",1780756459,"晚安诺咪"
"","","","","鱼糕今天困了喵",1780756244,"神的随波逐流吧"
"","","","","鱼糕今天困了喵",1780756151,"重活一世 我要占有塔卫2"
"","","","","鱼糕今天困了喵",1780756136,"觉醒前世记忆了"
"","","","","鱼糕今天困了喵",1780756131,"不演了"
"","","","","鱼糕今天困了喵",1780756112,"博士吗"
"","","","","鱼糕今天困了喵",1780755869,"诺看过山东大舞台吗 看一下吧（"
"","","","","鱼糕今天困了喵",1780755859,"知道"
"","","","","鱼糕今天困了喵",1780755747,"要不然我要让诺唱要爱爱了"
"","","","","鱼糕今天困了喵",1780755736,"？都投稿去"
"","","","","鱼糕今天困了喵",1780754875,"还有移动qq"
"","","","","鱼糕今天困了喵",1780754852,"还有拆装qq的"
"","","","","鱼糕今天困了喵",1780754845,"hyw"
"","","","","鱼糕今天困了喵",1780754759,"烫嘴皮子"
"","","","","鱼糕今天困了喵",1780754750,"像说粤语的我"
"","","","","鱼糕今天困了喵",1780754612,"rigorigo lazadin啊"
"","","","","鱼糕今天困了喵",1780754605,"lazadin"
"","","","","鱼糕今天困了喵",1780754600,"笑死了这个我看过"
"","","","","鱼糕今天困了喵",1780754497,"我服了"
"","","","","鱼糕今天困了喵",1780754483,"？"
"","","","","鱼糕今天困了喵",1780754458,"魁瓜神秘口音这一块"
"","","","","鱼糕今天困了喵",1780754413,"你搜了听一下（"
"","","","","鱼糕今天困了喵",1780754402,"难绷xqc"
"","","","","鱼糕今天困了喵",1780753729,"坏人"
"","","","","鱼糕今天困了喵",1780753726,"这是我老公你不许抢"
"","","","","鱼糕今天困了喵",1780753312,"太好了 请消耗我"
"","","","","鱼糕今天困了喵",1780753234,"马上开启修仙之路飞升带领诺球球开创球球宗"
"","","","","鱼糕今天困了喵",1780753207,"去炼气的"
"","","","","鱼糕今天困了喵",1780753100,"hannah啊你要注意你的support"
"","","","","鱼糕今天困了喵",1780752814,"最安全"
"","","","","鱼糕今天困了喵",1780752811,"我的wx实名是L* *****N 最难破解的一集"
"","","","","鱼糕今天困了喵",1780752573,"诺你的气息不稳啊 摸摸自己看看support在哪里"
"","","","","鱼糕今天困了喵",1780752561,"其实我是你声乐老师"
"","","","","鱼糕今天困了喵",1780752481,"传下去 雨诺akari偷偷誓见老师b站账号？舰长或成为下一个目标！有难了！"
"","","","","鱼糕今天困了喵",1780752446,"666还有誓见"
"","","","","鱼糕今天困了喵",1780752242,"#深圳#小课堂#1对1#声乐课#试听可"
"","","","","鱼糕今天困了喵",1780752221,"给你买点推广推到声乐课tag上吧"
"","","","","鱼糕今天困了喵",1780752111,"oi！"
"","","","","鱼糕今天困了喵",1780751982,"我收藏"
"","","","","鱼糕今天困了喵",1780751979,"卖我"
"","","","","鱼糕今天困了喵",1780751844,"老公老公我想你了"
"","","","","鱼糕今天困了喵",1780751804,"羽田t3"
"","","","","鱼糕今天困了喵",1780751757,"抢钱的来了"
"","","","","鱼糕今天困了喵",1780751752,"hnd的天妇罗定食3950jpy"
"","","","","鱼糕今天困了喵",1780751736,"哪儿有天妇罗"
"","","","","鱼糕今天困了喵",1780751590,"我这个学校约等于初高中连6年"
"","","","","鱼糕今天困了喵",1780751547,"小学的时候老师怕我玩手机给我强制换成老年机了 招生考试考完才让家长还我"
"","","","","鱼糕今天困了喵",1780751277,"打完那架全年级都知道我一拳给保温杯打成扁的了"
"","","","","鱼糕今天困了喵",1780751137,"经典力学解决发电问题的来了"
"","","","","鱼糕今天困了喵",1780751118,"事实证明是我也没路边"
"","","","","鱼糕今天困了喵",1780751103,"自从我五年级和初二加一起跟老师用拳头讲道理几回之后就没人跟我瞎bb了"
"","","","","鱼糕今天困了喵",1780751081,"有些老师疑似管的太宽了"
"","","","","鱼糕今天困了喵",1780750983,"那我让那个学校老师滚一边去"
"","","","","鱼糕今天困了喵",1780750933,"但你问我小天才跟ns比我选择买ns"
"","","","","鱼糕今天困了喵",1780750925,"你问我会不会我说我要考虑考虑"
"","","","","鱼糕今天困了喵",1780750835,"正常在哪里"
"","","","","鱼糕今天困了喵",1780750813,"bur哥们我手表也没2700"
"","","","","鱼糕今天困了喵",1780750758,"老公"
"","","","","鱼糕今天困了喵",1780750740,"你给我抢了得了"
"","","","","鱼糕今天困了喵",1780750725,"多少？？？？"
"","","","","鱼糕今天困了喵",1780750709,"666还有小团体"
"","","","","鱼糕今天困了喵",1780750691,"啥子龙吗 那很好了"
"","","","","鱼糕今天困了喵",1780750658,"喜欢水月"
"","","","","鱼糕今天困了喵",1780750574,"因为是啥子（不是（没有（聪明着呢"
"","","","","鱼糕今天困了喵",1780750545,"这个是ew的语音"
"","","","","鱼糕今天困了喵",1780750538,"不是"
"","","","","鱼糕今天困了喵",1780750374,"我要本格诺"
"","","","","鱼糕今天困了喵",1780750177,"想让酒神对我开群体性谵妄"
"","","","","鱼糕今天困了喵",1780750148,"酒神也爱了"
"","","","","鱼糕今天困了喵",1780750116,"我46"
"","","","","鱼糕今天困了喵",1780750111,"我没保底"
"","","","","鱼糕今天困了喵",1780750073,"水月你是我礼包请上岛的"
"","","","","鱼糕今天困了喵",1780749899,"那个是信用卡上的"
"","","","","鱼糕今天困了喵",1780749890,"没有 超过1800我就得信用卡了"
"","","","","鱼糕今天困了喵",1780749877,"没事 我最近不需要吃面包塞面包"
"","","","","鱼糕今天困了喵",1780749857,"所以习惯花呗舰了"
"","","","","鱼糕今天困了喵",1780749840,"外卡要等五秒"
"","","","","鱼糕今天困了喵",1780749836,"花呗结算比外卡结算快"
"","","","","鱼糕今天困了喵",1780749788,"？搓泥吗来给我来个药丸来"
"","","","","鱼糕今天困了喵",1780749742,"我不行了"
"","","","","鱼糕今天困了喵",1780749736,"为什么不能花呗舰长了"
"","","","","鱼糕今天困了喵",1780749661,"飘（piao1）"
"","","","","鱼糕今天困了喵",1780749654,"兮（xi1）"
"","","","","鱼糕今天困了喵",1780749594,"伤心了 老公不要我了"
"","","","","鱼糕今天困了喵",1780749581,"呜呜呜她说我好笑"
"","","","","鱼糕今天困了喵",1780749533,"prprprpr"
"","","","","鱼糕今天困了喵",1780749530,"嘿嘿嘿小男孩嘿嘿嘿小男孩"
"","","","","鱼糕今天困了喵",1780749424,"嘿嘿嘿小男孩嘿嘿嘿小男孩嘿嘿嘿小男孩嘿嘿嘿"
"","","","","鱼糕今天困了喵",1780749310,"为什么我的sc还在审核"
"","","","","鱼糕今天困了喵",1780749297,"舞萌手套でw"
"","","","","鱼糕今天困了喵",1780717807,"主播你柜子动了"
"","","","","鱼糕今天困了喵",1780717016,"怎么还不抽我"
"","","","","鱼糕今天困了喵",1780716904,"哦吼吼吼吼吼吼吼吼吼吼吼"
"","","","","鱼糕今天困了喵",1780716899,"哦吼吼吼吼吼吼"
"","","","","鱼糕今天困了喵",1780716832,"这期是我定制的字母圈誓剑小视频"
"","","","","鱼糕今天困了喵",1780716757,"开门！"
"","","","","鱼糕今天困了喵",1780716748,"开门！"
"","","","","鱼糕今天困了喵",1780716746,"其实我在你家门口"
"","","","","鱼糕今天困了喵",1780715978,"我不行了"
"","","","","鱼糕今天困了喵",1780715970,"我不行了"
"","","","","鱼糕今天困了喵",1780715833,"我有意见"
"","","","","鱼糕今天困了喵",1780715801,"怎么这么坏啊"
"","","","","鱼糕今天困了喵",1780715798,"还抢我工作"
"","","","","鱼糕今天困了喵",1780715793,"不行"
"","","","","鱼糕今天困了喵",1780715769,"你要干啥"
"","","","","鱼糕今天困了喵",1780715763,"我去区别对待 我都排队了你还招募"
"","","","","鱼糕今天困了喵",1780715703,"挑我"
"","","","","鱼糕今天困了喵",1780715696,"我去不早说"
"","","","","鱼糕今天困了喵",1780715653,"快跑"
"","","","","鱼糕今天困了喵",1780715575,"谁家小孩不上学啊"
"","","","","鱼糕今天困了喵",1780715563,"oi小孩"
"","","","","鱼糕今天困了喵",1780715523,"是兄弟就来抽我"
"","","","","鱼糕今天困了喵",1780715512,"我去那更喜欢了"
"","","","","鱼糕今天困了喵",1780715499,"快进到主播是xnn"
"","","","","鱼糕今天困了喵",1780715452,"干啥 你也要烫我吗"
"","","","","鱼糕今天困了喵",1780715441,"还真是"
"","","","","鱼糕今天困了喵",1780715377,"会被烟头烫的"
"","","","","鱼糕今天困了喵",1780715362,"不行 晚上有别的妹妹"
"","","","","鱼糕今天困了喵",1780715309,"老板糊涂啊（？"
"","","","","鱼糕今天困了喵",1780715143,"不行 两块的sc是给别的妹妹预留的"
"","","","","鱼糕今天困了喵",1780714896,"之前哪家做了个咖喱土豆牛肉包给我创飞了"
"","","","","鱼糕今天困了喵",1780714862,"没吃过"
"","","","","鱼糕今天困了喵",1780714748,"那不踹了 直接走了"
"","","","","鱼糕今天困了喵",1780714687,"怎么休息 让你休息了吗 勤奋！"
"","","","","鱼糕今天困了喵",1780714656,"删图一张50"
"","","","","鱼糕今天困了喵",1780714645,"我不是那种人"
"","","","","鱼糕今天困了喵",1780714623,"焦糖在忙驾照考试"
"","","","","鱼糕今天困了喵",1780714595,"看3秒卡5秒"
"","","","","鱼糕今天困了喵",1780714565,"我不行了 我wifi卡成啥了"
"","","","","鱼糕今天困了喵",1780714375,"美女你谁"
"","","","","鱼糕今天困了喵",1780670731,"oyashumi——"
"","","","","鱼糕今天困了喵",1780670669,"笑死我了"
"","","","","鱼糕今天困了喵",1780670493,"我将永远追随"
"","","","","鱼糕今天困了喵",1780670488,"是的 爽了 acane是我主人"
"","","","","鱼糕今天困了喵",1780670473,"神了"
"","","","","鱼糕今天困了喵",1780670457,"眩しいDNAだけ ztmy"
"","","","","鱼糕今天困了喵",1780670357,"那我补一张"
"","","","","鱼糕今天困了喵",1780670346,"我去早说啊原来能放sfz快递盒"
"","","","","鱼糕今天困了喵",1780670308,"你们随便看吧（"
"","","","","鱼糕今天困了喵",1780670298,"我过于简略的展示了"
"","","","","鱼糕今天困了喵",1780670271,"呜呜呜她说我有点好笑"
"","","","","鱼糕今天困了喵",1780670189,"传下去 雨诺akari穿着和服在花火大会神秘场地蹲草丛"
"","","","","鱼糕今天困了喵",1780670169,"不要辩解了 想过也是做了"
"","","","","鱼糕今天困了喵",1780670132,"依旧snp"
"","","","","鱼糕今天困了喵",1780670004,"很可爱啊（）"
"","","","","鱼糕今天困了喵",1780669920,"《很爽啊》"
"","","","","鱼糕今天困了喵",1780669887,"at你涨粉还得谢谢人家呢（"
"","","","","鱼糕今天困了喵",1780669869,"我不行了"
"","","","","鱼糕今天困了喵",1780669842,"旁边人吓哭了"
"","","","","鱼糕今天困了喵",1780669796,"我求你了不要乱吃"
"","","","","鱼糕今天困了喵",1780669789,"？"
"","","","","鱼糕今天困了喵",1780669737,"低头捏鼻子两侧"
"","","","","鱼糕今天困了喵",1780669685,"不许看大来皇叔了"
"","","","","鱼糕今天困了喵",1780669677,"看到大来导致的"
"","","","","鱼糕今天困了喵",1780669645,"鸡汤抄手"
"","","","","鱼糕今天困了喵",1780669618,"高iso+自动抖动补正+算法修复"
"","","","","鱼糕今天困了喵",1780669591,"手机不需要大进光量（？）"
"","","","","鱼糕今天困了喵",1780669550,"太暗了（"
"","","","","鱼糕今天困了喵",1780669547,"不架架子压根拍不了（"
"","","","","鱼糕今天困了喵",1780669307,"小孩来的"
"","","","","鱼糕今天困了喵",1780669301,"就是小学生"
"","","","","鱼糕今天困了喵",1780669250,"伏见那很乡下了"
"","","","","鱼糕今天困了喵",1780668547,"穿一下老麻烦了"
"","","","","鱼糕今天困了喵",1780668460,"cos的鱼糕一串"
"","","","","鱼糕今天困了喵",1780668364,"这个我真想去"
"","","","","鱼糕今天困了喵",1780668358,"bur我还没去过"
"","","","","鱼糕今天困了喵",1780668292,"下次北海道绕一圈吧（"
"","","","","鱼糕今天困了喵",1780668282,"当前剩余山阴山阳冲绳北海道"
"","","","","鱼糕今天困了喵",1780668086,"环岛！环岛！"
"","","","","鱼糕今天困了喵",1780668038,"我去有没有去拍照的这个我是真喜欢"
"","","","","鱼糕今天困了喵",1780667673,"社会考生可以吧（？"
"","","","","鱼糕今天困了喵",1780667640,"我要高考"
"","","","","鱼糕今天困了喵",1780667520,"对啊 看到大来皇叔也走不动道对吧"
"","","","","鱼糕今天困了喵",1780667413,"她承认了"
"","","","","鱼糕今天困了喵",1780667363,"《哇》"
"","","","","鱼糕今天困了喵",1780667232,"书店有帘子"
"","","","","鱼糕今天困了喵",1780667095,"这是好事啊"
"","","","","鱼糕今天困了喵",1780666925,"每次免税买东西要翻半天哪一张是这次的上陆许可"
"","","","","鱼糕今天困了喵",1780666874,"5本 中等厚度的"
"","","","","鱼糕今天困了喵",1780666785,"卖完了扛着袋子回去好重（"
"","","","","鱼糕今天困了喵",1780666774,"我的购入内容是n2教材一套（）"
"","","","","鱼糕今天困了喵",1780666066,"我为了买胶卷 两家店 护照各买了2+2 再换了个结账口拿手机号装本地人买了3卷"
"","","","","鱼糕今天困了喵",1780665986,"现在可坏了 没有信用卡版本的会员卡+就不给买"
"","","","","鱼糕今天困了喵",1780665946,"拍立得缺货缺成啥了"
"","","","","鱼糕今天困了喵",1780665585,"养鱼糕吧 饿了可以当零食"
"","","","","鱼糕今天困了喵",1780665476,"因为养了家里面就会有两只仓鼠"
"","","","","鱼糕今天困了喵",1780665453,"不知道怎么办一概蓝绿处理"
"","","","","鱼糕今天困了喵",1780665441,"蓝绿"
"","","","","鱼糕今天困了喵",1780665429,"姐姐姐姐姐姐我也想去日本带着我吧姐姐"
"","","","","鱼糕今天困了喵",1780665195,"哎老板ios关注一下哔哩哔哩直播公众号点底部菜单大航海啊"
"","","","","鱼糕今天困了喵",1780665133,"被我拉来强制关注的（"
"","","","","鱼糕今天困了喵",1780665124,"我同学"
"","","","","鱼糕今天困了喵",1780664950,"全skip"
"","","","","鱼糕今天困了喵",1780664946,"我是为了收集可爱小女孩"
"","","","","鱼糕今天困了喵",1780664799,"大姐姐陪我去漫展嘛人多我害怕姐姐"
"","","","","鱼糕今天困了喵",1780664751,"姐姐你还缺弟弟吗姐姐"
"","","","","鱼糕今天困了喵",1780664737,"cos姐夫的都来了"
"","","","","鱼糕今天困了喵",1780664648,"姐姐怎么这么好啊姐姐～"
"","","","","鱼糕今天困了喵",1780664636,"那很不放心了"
"","","","","鱼糕今天困了喵",1780664615,"妹妹缺摄影师吗姐姐（）"
"","","","","鱼糕今天困了喵",1780664530,"那只能找狐了"
"","","","","鱼糕今天困了喵",1780664484,"那不是bw日子吗（"
"","","","","鱼糕今天困了喵",1780664442,"乐"
"","","","","鱼糕今天困了喵",1780664199,"《这倒是提醒我了》"
"","","","","鱼糕今天困了喵",1780664161,"《我想吃拳啦》"
"","","","","鱼糕今天困了喵",1780664108,"不能随便打了"
"","","","","鱼糕今天困了喵",1780664105,"笑死了现在没有重拳了"
"","","","","鱼糕今天困了喵",1780664069,"爽了"
"","","","","鱼糕今天困了喵",1780664064,"对了 太对了"
"","","","","鱼糕今天困了喵",1780664031,"那啥 你欠我4拳"
"","","","","鱼糕今天困了喵",1780663918,"好坏啊"
"","","","","鱼糕今天困了喵",1780663860,"捏捏lmj"
"","","","","鱼糕今天困了喵",1780663821,"笑死了"
"","","","","鱼糕今天困了喵",1780663752,"河豚好吃（"
"","","","","鱼糕今天困了喵",1780663698,"111111111111111"
"","","","","鱼糕今天困了喵",1780663625,"它纯爱吃"
"","","","","鱼糕今天困了喵",1780663618,"给他包装纸他都吃"
"","","","","鱼糕今天困了喵",1780663612,"骗你的 给他日元他也吃"
"","","","","鱼糕今天困了喵",1780663580,"比某北美地区好多了"
"","","","","鱼糕今天困了喵",1780663569,"日本物价还好吧（）能接受（）"
"","","","","鱼糕今天困了喵",1780663513,"骗你的 诺就是这么小一只"
"","","","","鱼糕今天困了喵",1780663348,"lainiang"
"","","","","鱼糕今天困了喵",1780663243,"我去这个我真想看"
"","","","","鱼糕今天困了喵",1780663234,"但是羡慕花火大会 我还没看过"
"","","","","鱼糕今天困了喵",1780663170,"我五岁"
"","","","","鱼糕今天困了喵",1780663157,"哎手滑了 手滑点进来怎么来了个43级牌牌"
"","","","","鱼糕今天困了喵",1780663041,"速速无理由"
"","","","","鱼糕今天困了喵",1780663037,"退款吧"
"","","","","鱼糕今天困了喵",1780662972,"老板糊涂啊"
"","","","","鱼糕今天困了喵",1780662949,"我去 我都没高考过 我的童年不完整了"
"","","","","鱼糕今天困了喵",1780662831,"这个票机器打不了 得人工算运费手写经由地然后附纸盖章出入"
"","","","","鱼糕今天困了喵",1780662797,"不是jrpass（）"
"","","","","鱼糕今天困了喵",1780615855,"666何作息"
"","","","","鱼糕今天困了喵",1780589333,"哎 舒服了"
"","","","","鱼糕今天困了喵",1780589310,"我不信啊"
"","","","","鱼糕今天困了喵",1780589291,"见过四个电影票吗"
"","","","","鱼糕今天困了喵",1780589280,"你这个还有抱枕"
"","","","","鱼糕今天困了喵",1780589260,"我最近盲盒黑成啥了"
"","","","","鱼糕今天困了喵",1780589249,"我不行了"
"","","","","鱼糕今天困了喵",1780417003,"晚安喵"
"","","","","鱼糕今天困了喵",1780416995,"真睡了 早上9点新干线"
"","","","","鱼糕今天困了喵",1780416955,"气笑了"
"","","","","鱼糕今天困了喵",1780416953,"我上次连着刷了6条同一个人的直播"
"","","","","鱼糕今天困了喵",1780416940,"从某个时间之后就开始经常重复推流了"
"","","","","鱼糕今天困了喵",1780416879,"怎么可以不去呢（）"
"","","","","鱼糕今天困了喵",1780416869,"ztmy是神 而acane是我主人"
"","","","","鱼糕今天困了喵",1780416810,"zutomayo的"
"","","","","鱼糕今天困了喵",1780416801,"去仙台"
"","","","","鱼糕今天困了喵",1780416797,"我买了经典透明伞"
"","","","","鱼糕今天困了喵",1780416781,"明天换地方"
"","","","","鱼糕今天困了喵",1780416762,"好玩 演唱会爽死了 明年还来"
"","","","","鱼糕今天困了喵",1780416748,"美女你谁 给你两拳 明天早起 晚安焦糖"
"","","","","鱼糕今天困了喵",1780414917,"睡觉去咯 明天早起"
"","","","","鱼糕今天困了喵",1780414535,"oi"
"","","","","鱼糕今天困了喵",1780370618,"别的牌子"
"","","","","鱼糕今天困了喵",1780370592,"没有很大吧（）"
"","","","","鱼糕今天困了喵",1780370498,"？"
"","","","","鱼糕今天困了喵",1780370459,"可以 请我吃饭"
"","","","","鱼糕今天困了喵",1780370427,"我被开除人籍了吗"
"","","","","鱼糕今天困了喵",1780370372,"会吗 会吗"
"","","","","鱼糕今天困了喵",1780370339,"走咯"
"","","","","鱼糕今天困了喵",1780370241,"不够美味"
"","","","","鱼糕今天困了喵",1780370216,"看别的妹妹下饭"
"","","","","鱼糕今天困了喵",1780370140,"要 就要这个"
"","","","","鱼糕今天困了喵",1780370117,"上麦有奖励吗"
"","","","","鱼糕今天困了喵",1780370108,"不敢"
"","","","","鱼糕今天困了喵",1780370080,"你不看我给你两拳"
"","","","","鱼糕今天困了喵",1780370072,"？来 视频连线吃饭"
"","","","","鱼糕今天困了喵",1780370051,"吃饭去了"
"","","","","鱼糕今天困了喵",1780370045,"好凶"
"","","","","鱼糕今天困了喵",1780370015,"不用求 我直接满足"
"","","","","鱼糕今天困了喵",1780369983,"这么要求很少见 但是可以满足"
"","","","","鱼糕今天困了喵",1780369978,"？可以"
"","","","","鱼糕今天困了喵",1780369958,"我给你19998拳👊"
"","","","","鱼糕今天困了喵",1780369941,"想的挺美"
"","","","","鱼糕今天困了喵",1780369919,"胃口这么好"
"","","","","鱼糕今天困了喵",1780369915,"吃吧"
"","","","","鱼糕今天困了喵",1780369900,"我可太正常了"
"","","","","鱼糕今天困了喵",1780369883,"变态布丁"
"","","","","鱼糕今天困了喵",1780369863,"肚子不能让她躺着摸 只能站着摸"
"","","","","鱼糕今天困了喵",1780369847,"爪子和腿不行"
"","","","","鱼糕今天困了喵",1780369842,"头可以摸 尾巴可以摸"
"","","","","鱼糕今天困了喵",1780369662,"羡慕小猫"
"","","","","鱼糕今天困了喵",1780369656,"可爱"
"","","","","鱼糕今天困了喵",1780369626,"我家那只一摸就咬我"
"","","","","鱼糕今天困了喵",1780369617,"怎么还允许摸爪爪"
"","","","","鱼糕今天困了喵",1780369560,"在现场 这只猫是我变的"
"","","","","鱼糕今天困了喵",1780369531,"羡慕小猫"
"","","","","鱼糕今天困了喵",1780369404,"跟我换 你变成大卫代"
"","","","","鱼糕今天困了喵",1780369281,"有区别吗（）"
"","","","","鱼糕今天困了喵",1780369239,"焦糖不会沙了你的"
"","","","","鱼糕今天困了喵",1780369207,"无所谓"
"","","","","鱼糕今天困了喵",1780369188,"可以"
"","","","","鱼糕今天困了喵",1780369176,"你要看我家猫吗"
"","","","","鱼糕今天困了喵",1780369170,"是我之前上课的地方一个老师养的猫"
"","","","","鱼糕今天困了喵",1780369076,"我是猫 给你一爪子"
"","","","","鱼糕今天困了喵",1780369053,"挠挠"
"","","","","鱼糕今天困了喵",1780368962,"你怎么知道我不用上班"
"","","","","鱼糕今天困了喵",1780368948,"🙋"
"","","","","鱼糕今天困了喵",1780368895,"没"
"","","","","鱼糕今天困了喵",1780368820,"不是我说的"
"","","","","鱼糕今天困了喵",1780368815,"我什么都没说"
"","","","","鱼糕今天困了喵",1780368791,"焦糖：？"
"","","","","鱼糕今天困了喵",1780368704,"（对的）"
"","","","","鱼糕今天困了喵",1780368687,"没有"
"","","","","鱼糕今天困了喵",1780368670,"你下班了我看什么"
"","","","","鱼糕今天困了喵",1780368622,"666红色sc来了"
"","","","","鱼糕今天困了喵",1780368531,"笑死了说的好像我认真上学了一样（"
"","","","","鱼糕今天困了喵",1780368491,"全听懂的可以去请高人了"
"","","","","鱼糕今天困了喵",1780368469,"其实布丁是男孩子假扮的"
"","","","","鱼糕今天困了喵",1780368443,"你最好真的是"
"","","","","鱼糕今天困了喵",1780368424,"？！强！？"
"","","","","鱼糕今天困了喵",1780368406,"都不像"
"","","","","鱼糕今天困了喵",1780368352,"66666"
"","","","","鱼糕今天困了喵",1780368348,"？还是m"
"","","","","鱼糕今天困了喵",1780368325,"我框框给你两拳"
"","","","","鱼糕今天困了喵",1780368318,"异端！异端！"
"","","","","鱼糕今天困了喵",1780368309,"？不吃吮指原味不吃香辣？"
"","","","","鱼糕今天困了喵",1780368282,"不好吃吗"
"","","","","鱼糕今天困了喵",1780368233,"周四v你50"
"","","","","鱼糕今天困了喵",1780368160,"可以 那你v我看看实力"
"","","","","鱼糕今天困了喵",1780368116,"要吃什么自己做"
"","","","","鱼糕今天困了喵",1780368096,"荤的素的说是"
"","","","","鱼糕今天困了喵",1780368086,"？666"
"","","","","鱼糕今天困了喵",1780368068,"吃饭睡觉"
"","","","","鱼糕今天困了喵",1780368029,"100w"
"","","","","鱼糕今天困了喵",1780367991,"哦这位尊敬的客人 这是额外的价钱"
"","","","","鱼糕今天困了喵",1780367952,"哎 伤心了"
"","","","","鱼糕今天困了喵",1780367923,"v我200给你手机盲盒 包不出老人机"
"","","","","鱼糕今天困了喵",1780367867,"哎你看 我说我找了你也不信 我说我没找你也不信"
"","","","","鱼糕今天困了喵",1780367818,"反正没去找别的妹妹"
"","","","","鱼糕今天困了喵",1780367786,"我也困了"
"","","","","鱼糕今天困了喵",1780367755,"胃口这么好 多吃两台"
"","","","","鱼糕今天困了喵",1780367721,"不像吗"
"","","","","鱼糕今天困了喵",1780367687,"那不行 有别的妹妹预定了"
"","","","","鱼糕今天困了喵",1780367654,"你看 她怎么样都会想着奖励我的"
"","","","","鱼糕今天困了喵",1780367624,"更好了我去"
"","","","","鱼糕今天困了喵",1780367606,"不谢喵"
"","","","","鱼糕今天困了喵",1780367595,"那我只能一直爽了"
"","","","","鱼糕今天困了喵",1780367566,"又在奖励我"
"","","","","鱼糕今天困了喵",1780367548,"好凶 太好了"
"","","","","鱼糕今天困了喵",1780367520,"睡着了"
"","","","","鱼糕今天困了喵",1780367500,"呼—————哈——————呼——————哈——————"
"","","","","鱼糕今天困了喵",1780367441,"我教你 你连续刷几天小时榜一就有流量了（谁说没有完美饭醉）"
"","","","","鱼糕今天困了喵",1780367383,"好看"
"","","","","鱼糕今天困了喵",1780367336,"其实是看不清衣服"
"","","","","鱼糕今天困了喵",1780367272,"哦吼吼吼吼吼吼吼"
"","","","","鱼糕今天困了喵",1780367249,"好凶 太好了"
"","","","","鱼糕今天困了喵",1780367214,"我这个应该没到20"
"","","","","鱼糕今天困了喵",1780367151,"40多级升级都得1-3w了"
"","","","","鱼糕今天困了喵",1780367125,"那得不少"
"","","","","鱼糕今天困了喵",1780367099,"那不好吃不要了"
"","","","","鱼糕今天困了喵",1780367062,"马上给你拆开卖了"
"","","","","鱼糕今天困了喵",1780367024,"那也对 但我都想拍"
"","","","","鱼糕今天困了喵",1780366997,"我想拍照"
"","","","","鱼糕今天困了喵",1780366919,"全车厢就听到他们讲话了"
"","","","","鱼糕今天困了喵",1780366910,"昨天车上来了俩美国人吵死了"
"","","","","鱼糕今天困了喵",1780366893,"那确实"
"","","","","鱼糕今天困了喵",1780366883,"我住市中心了人挺多的（）"
"","","","","鱼糕今天困了喵",1780366875,"人更多点（）"
"","","","","鱼糕今天困了喵",1780366822,"看书看别的不行"
"","","","","鱼糕今天困了喵",1780366817,"也就日常可以够用吧"
"","","","","鱼糕今天困了喵",1780366790,"不用"
"","","","","鱼糕今天困了喵",1780366787,"会点"
"","","","","鱼糕今天困了喵",1780366783,"痛！"
"","","","","鱼糕今天困了喵",1780366777,"[热]"
"","","","","鱼糕今天困了喵",1780366763,"吱吱吱"
"","","","","鱼糕今天困了喵",1780366405,"她被我扔进小黑屋了"
"","","","","鱼糕今天困了喵",1780366396,"是录播 我是背后的黑手"
"","","","","鱼糕今天困了喵",1780365798,"来个有米的给我爆点"
"","","","","鱼糕今天困了喵",1780365790,"好问题"
"","","","","鱼糕今天困了喵",1780365748,"上班是不可能上班的"
"","","","","鱼糕今天困了喵",1780365735,"去玩的"
"","","","","鱼糕今天困了喵",1780365693,"要不呢（）"
"","","","","鱼糕今天困了喵",1780365690,"想必一个人啊"
"","","","","鱼糕今天困了喵",1780365659,"晚上演唱会 看完回来烤肉去"
"","","","","鱼糕今天困了喵",1780365631,"马上出去玩去"
"","","","","鱼糕今天困了喵",1780365627,"昨天下午到的"
"","","","","鱼糕今天困了喵",1780365579,"美女你谁"
"","","","","鱼糕今天困了喵",1780280202,"我先下一会儿"
"","","","","鱼糕今天困了喵",1780280173,"今天播到几点"
"","","","","鱼糕今天困了喵",1780280101,"对啊 那你的人呢（）"
"","","","","鱼糕今天困了喵",1780280057,"误会什么了没误会 全对啊 好得很"
"","","","","鱼糕今天困了喵",1780279957,"焦糖你要相信她"
"","","","","鱼糕今天困了喵",1780279945,"没事 她说误会就是误会吧"
"","","","","鱼糕今天困了喵",1780279921,"焦糖怎么还没睡（）"
"","","","","鱼糕今天困了喵",1780279852,"*粉红色泡泡"
"","","","","鱼糕今天困了喵",1780279847,"*某种泡泡"
"","","","","鱼糕今天困了喵",1780279777,"主播你的歌曲真的是人类吗"
"","","","","鱼糕今天困了喵",1780279749,"不喜欢"
"","","","","鱼糕今天困了喵",1780279743,"不要"
"","","","","鱼糕今天困了喵",1780279712,"想喝什么自己放"
"","","","","鱼糕今天困了喵",1780279697,"笑得没力气"
"","","","","鱼糕今天困了喵",1780279691,"这都啥曲库好无力"
"","","","","鱼糕今天困了喵",1780279603,"这么强"
"","","","","鱼糕今天困了喵",1780279596,"我去真有啊"
"","","","","鱼糕今天困了喵",1780279579,"那更好了"
"","","","","鱼糕今天困了喵",1780279533,"病娇好啊 就喜欢病娇"
"","","","","鱼糕今天困了喵",1780279514,"贴贴"
"","","","","鱼糕今天困了喵",1780279438,"🫧🫧🫧🫧🫧"
"","","","","鱼糕今天困了喵",1780279431,"*粉红色泡泡"
"","","","","鱼糕今天困了喵",1780279328,"我没错啊"
"","","","","鱼糕今天困了喵",1780279322,"我错了嘛我错哪儿了"
"","","","","鱼糕今天困了喵",1780279255,"燕子 别走 燕子"
"","","","","鱼糕今天困了喵",1780279241,"焦糖你什么都没听见对吧"
"","","","","鱼糕今天困了喵",1780279232,"我什么都没说啊"
"","","","","鱼糕今天困了喵",1780279228,"哎 不对"
"","","","","鱼糕今天困了喵",1780279199,"笑死了我已经被在无数直播间被无数人抓过了"
"","","","","鱼糕今天困了喵",1780279170,"她不睡觉我也狂"
"","","","","鱼糕今天困了喵",1780279141,"焦糖是谁啊"
"","","","","鱼糕今天困了喵",1780279116,"其实我一直都是布丁的人"
"","","","","鱼糕今天困了喵",1780279022,"加个v吗 *粉红色泡泡x2"
"","","","","鱼糕今天困了喵",1780279003,"布丁你好漂亮 *粉红色泡泡"
"","","","","鱼糕今天困了喵",1780278928,"？神人曲目来了"
"","","","","鱼糕今天困了喵",1780278843,"很会听了 p5是对的"
"","","","","鱼糕今天困了喵",1780278827,"哦 那很热了（）"
"","","","","鱼糕今天困了喵",1780278794,"你在哪里"
"","","","","鱼糕今天困了喵",1780278774,"好热 外面32度了"
"","","","","鱼糕今天困了喵",1780278607,"（邪恶猫猫头）"
"","","","","鱼糕今天困了喵",1780278601,"我是猫 你肯定是欺负他们了他们才抓你的"
"","","","","鱼糕今天困了喵",1780278549,"我去 邪恶布丁"
"","","","","鱼糕今天困了喵",1780278530,"给wifi咬了说是"
"","","","","鱼糕今天困了喵",1780278495,"一头接墙上一头接电脑"
"","","","","鱼糕今天困了喵",1780278485,"有那种网口转usb的线"
"","","","","鱼糕今天困了喵",1780278452,"实在不行给电脑接网线呢"
"","","","","鱼糕今天困了喵",1780278404,"电脑好看"
"","","","","鱼糕今天困了喵",1780278377,"那很好了 那个视角挺好看的"
"","","","","鱼糕今天困了喵",1780278352,"所以你之前那个视角是电脑播的？"
"","","","","鱼糕今天困了喵",1780278328,"怎么回事"
"","","","","鱼糕今天困了喵",1780278303,"应该也能玩"
"","","","","鱼糕今天困了喵",1780278296,"好像有wifi"
"","","","","鱼糕今天困了喵",1780278257,"好想玩明日方舟"
"","","","","鱼糕今天困了喵",1780278200,"东京 然后仙台"
"","","","","鱼糕今天困了喵",1780278186,"那过去也得两三个小时"
"","","","","鱼糕今天困了喵",1780278171,"要是在一个地方我就请吃饭了"
"","","","","鱼糕今天困了喵",1780278164,"不在一个地方"
"","","","","鱼糕今天困了喵",1780278143,"有一个妹妹也跑日本玩去了"
"","","","","鱼糕今天困了喵",1780278104,"别的妹妹今天不播"
"","","","","鱼糕今天困了喵",1780278076,"焦糖嘴上不说 其实来是在偷偷看我"
"","","","","鱼糕今天困了喵",1780278032,"我现在是把第二个枕头侧着放 躺在那个斜角上"
"","","","","鱼糕今天困了喵",1780277967,"两个枕头嫌高一个枕头嫌低有懂的吗"
"","","","","鱼糕今天困了喵",1780277954,"睡不着"
"","","","","鱼糕今天困了喵",1780277926,"[热][热][热]"
"","","","","鱼糕今天困了喵",1780277923,"我3点才睡 早上6:30起的 马上去赶飞机"
"","","","","鱼糕今天困了喵",1780277903,"教我 然后我去焦糖对面帮对面主播（）"
"","","","","鱼糕今天困了喵",1780277827,"bur我本来都输密码了 你说开pk正好硬控我15秒"
"","","","","鱼糕今天困了喵",1780277796,"不用翻倍吧 直接绝杀了"
"","","","","鱼糕今天困了喵",1780277721,"我刷的一下就来了嗷"
"","","","","鱼糕今天困了喵",1780277714,"焦糖告诉我你开播的"
"","","","","鱼糕今天困了喵",1780277635,"不想要我可以退款的 呜呜呜"
"","","","","鱼糕今天困了喵",1780277520,"美女你谁"
"","","","","鱼糕今天困了喵",1780268990,"还是想鲨我"
"","","","","鱼糕今天困了喵",1780268980,"？好好好"
"","","","","鱼糕今天困了喵",1780268952,"马上就出门了 不要想我🫰"
"","","","","鱼糕今天困了喵",1780268888,"怎么还在播（）"
"","","","","鱼糕今天困了喵",1780251868,"这个弹幕是鱼糕的手发的 跟鱼糕没关系啊（保命"
"","","","","鱼糕今天困了喵",1780251806,"她在惩罚我们"
"","","","","鱼糕今天困了喵",1780251774,"喵"
"","","","","鱼糕今天困了喵",1780251632,"大脑儿童也是儿童（没有贬低儿童的意思"
"","","","","鱼糕今天困了喵",1780251615,"身材儿童也是儿童"
"","","","","鱼糕今天困了喵",1780251553,"不算文科"
"","","","","鱼糕今天困了喵",1780251548,"算语言（"
"","","","","鱼糕今天困了喵",1780251504,"我文科烂完"
"","","","","鱼糕今天困了喵",1780251489,"我不会"
"","","","","鱼糕今天困了喵",1780251380,"年龄？"
"","","","","鱼糕今天困了喵",1780251219,"给你两拳哦"
"","","","","鱼糕今天困了喵",1780251211,"再整活你就不怕我用点别的素材"
"","","","","鱼糕今天困了喵",1780251026,"因为她要让我们睡不着觉（）"
"","","","","鱼糕今天困了喵",1780250939,"好无聊 我要玩摇杆去了（"
"","","","","鱼糕今天困了喵",1780250891,"红肠吗 很美味了"
"","","","","鱼糕今天困了喵",1780250791,"没有打pk的动力"
"","","","","鱼糕今天困了喵",1780250757,"春风精灵排位赛1=1"
"","","","","鱼糕今天困了喵",1780250727,"你可以装个摇杆"
"","","","","鱼糕今天困了喵",1780250647,"我是鱼➗"
"","","","","鱼糕今天困了喵",1780250624,"只送大脑！"
"","","","","鱼糕今天困了喵",1780250617,"折叠焦糖压缩焦糖真空焦糖"
"","","","","鱼糕今天困了喵",1780250607,"给你塞进托运行李"
"","","","","鱼糕今天困了喵",1780250594,"你最好是敢线下来找我"
"","","","","鱼糕今天困了喵",1780250567,"这么强 巧了 我不用dy"
"","","","","鱼糕今天困了喵",1780250547,"我会把你的零食全吃光然后立刻消失"
"","","","","鱼糕今天困了喵",1780250532,"想的美 吃完就跑"
"","","","","鱼糕今天困了喵",1780250500,"想吃瓜子"
"","","","","鱼糕今天困了喵",1780250453,"你猜能不能找到我[doge2]"
"","","","","鱼糕今天困了喵",1780250429,"然后给你拉嘿"
"","","","","鱼糕今天困了喵",1780250416,"那我找可爱妹妹去了"
"","","","","鱼糕今天困了喵",1780250376,"你最好是敢写地址"
"","","","","鱼糕今天困了喵",1780250360,"也可以"
"","","","","鱼糕今天困了喵",1780250346,"也可以"
"","","","","鱼糕今天困了喵",1780250335,"随时喝啊"
"","","","","鱼糕今天困了喵",1780250326,"直接做成茶包吧"
"","","","","鱼糕今天困了喵",1780250318,"我要畅饮"
"","","","","鱼糕今天困了喵",1780250290,"我们不接这个锅"
"","","","","鱼糕今天困了喵",1780250223,"你搜索小治"
"","","","","鱼糕今天困了喵",1780250182,"你要是不给我就（）"
"","","","","鱼糕今天困了喵",1780250171,"吃甘蔗确实是免费的 但是吐甘蔗要200"
"","","","","鱼糕今天困了喵",1780250136,"老师老师我是进口美食博主免费吃甘蔗"
"","","","","鱼糕今天困了喵",1780250098,"喂我瓜子"
"","","","","鱼糕今天困了喵",1780250054,"快跑！（我什么都没说"
"","","","","鱼糕今天困了喵",1780249952,"你就欺负小孩吧"
"","","","","鱼糕今天困了喵",1780249905,"[热][热]"
"","","","","鱼糕今天困了喵",1780249902,"你真的这么想要这个发言权吗"
"","","","","鱼糕今天困了喵",1780249869,"用不着啊"
"","","","","鱼糕今天困了喵",1780249844,"一天不玩浑身难受 两天不玩浑身难受受"
"","","","","鱼糕今天困了喵",1780249809,"现在玩手机或者玩摇杆二选一"
"","","","","鱼糕今天困了喵",1780249798,"准备飞机上睡"
"","","","","鱼糕今天困了喵",1780249769,"没准备睡"
"","","","","鱼糕今天困了喵",1780249760,"你怎么知道我有premium内场前排"
"","","","","鱼糕今天困了喵",1780249683,"zutomayo"
"","","","","鱼糕今天困了喵",1780249676,"购入周边"
"","","","","鱼糕今天困了喵",1780249669,"看演唱会"
"","","","","鱼糕今天困了喵",1780249628,"我高铁过去"
"","","","","鱼糕今天困了喵",1780249616,"早上9点"
"","","","","鱼糕今天困了喵",1780249610,"但我要先去上海虹桥"
"","","","","鱼糕今天困了喵",1780249604,"下午一点半"
"","","","","鱼糕今天困了喵",1780249590,"我们没有这个东西"
"","","","","鱼糕今天困了喵",1780249538,"坏焦糖还在播"
"","","","","鱼糕今天困了喵",1780245122,"累就眯"
"","","","","鱼糕今天困了喵",1780245116,"等你开播的再说"
"","","","","鱼糕今天困了喵",1780245093,"神了"
"","","","","鱼糕今天困了喵",1780245086,"666甚至不让我看会儿"
"","","","","鱼糕今天困了喵",1780245036,"布丁的话可以 焦糖要看表现"
"","","","","鱼糕今天困了喵",1780245006,"布丁缺舰长吗"
"","","","","鱼糕今天困了喵",1780244963,"给你烤成焦糖蛋糕"
"","","","","鱼糕今天困了喵",1780244904,"这个焦糖好偏心啊 布丁点赞就夸夸 鱼糕点赞她都不理我[傲娇]"
"","","","","鱼糕今天困了喵",1780244874,"对的对的对的"
"","","","","鱼糕今天困了喵",1780244842,"叫什么"
"","","","","鱼糕今天困了喵",1780244802,"我的叫诺鱼糕"
"","","","","鱼糕今天困了喵",1780244772,"你要参与吗"
"","","","","鱼糕今天困了喵",1780244768,"没有妹妹助理"
"","","","","鱼糕今天困了喵",1780244758,"我灯牌好听 来个灯牌"
"","","","","鱼糕今天困了喵",1780244735,"我满足你一下嘛"
"","","","","鱼糕今天困了喵",1780244728,"没办法 你说我没有实力"
"","","","","鱼糕今天困了喵",1780244700,"舰长-1"
"","","","","鱼糕今天困了喵",1780244676,"看得下去"
"","","","","鱼糕今天困了喵",1780244660,"给我刷点吧焦糖（）"
"","","","","鱼糕今天困了喵",1780244653,"也不多 焦糖加油啊（）"
"","","","","鱼糕今天困了喵",1780244614,"焦糖什么时候超过我的等级吧（）"
"","","","","鱼糕今天困了喵",1780244555,"感觉不是啥好人（）"
"","","","","鱼糕今天困了喵",1780244538,"就这样互相b站赚钱b站花"
"","","","","鱼糕今天困了喵",1780244364,"玩摇杆从娃娃抓起"
"","","","","鱼糕今天困了喵",1780244351,"61上这个名字的盲盒从某种角度上也很诡异了"
"","","","","鱼糕今天困了喵",1780244334,"还挺诡异的"
"","","","","鱼糕今天困了喵",1780244328,"有点吗"
"","","","","鱼糕今天困了喵",1780244324,"？"
"","","","","鱼糕今天困了喵",1780244192,"真善解人意喵"
"","","","","鱼糕今天困了喵",1780244182,"这么爽"
"","","","","鱼糕今天困了喵",1780244175,"干啥 你要踩我"
"","","","","鱼糕今天困了喵",1780244129,"我要卤焦糖肘子"
"","","","","鱼糕今天困了喵",1780244094,"咬你"
"","","","","鱼糕今天困了喵",1780244089,"不好吃"
"","","","","鱼糕今天困了喵",1780244021,"给我咬一口"
"","","","","鱼糕今天困了喵",1780243977,"你这个是焦糖刺身"
"","","","","鱼糕今天困了喵",1780243945,"那你来我家吧 给你吃点炖焦糖"
"","","","","鱼糕今天困了喵",1780243901,"你怎么知道我吃了清炖牛腱子"
"","","","","鱼糕今天困了喵",1780243893,"来一个炖一个"
"","","","","鱼糕今天困了喵",1780243854,"都是奖励我"
"","","","","鱼糕今天困了喵",1780243834,"没事 她会来我家沙了我"
"","","","","鱼糕今天困了喵",1780243809,"布丁！捏捏"
"","","","","鱼糕今天困了喵",1780243789,"不行 那你最好是希望我明天不要退款"
"","","","","鱼糕今天困了喵",1780243763,"666调上了"
"","","","","鱼糕今天困了喵",1780243696,"主播43岁"
"","","","","鱼糕今天困了喵",1780243669,"为什么不让我过61"
"","","","","鱼糕今天困了喵",1780243663,"我也是小朋友"
"","","","","鱼糕今天困了喵",1780243590,"那不能翻倍了"
"","","","","鱼糕今天困了喵",1780243585,"乐"
"","","","","鱼糕今天困了喵",1780243555,"我要独占大床"
"","","","","鱼糕今天困了喵",1780243550,"不对 那不是我家吗 你从我家出去"
"","","","","鱼糕今天困了喵",1780243538,"你打地铺吧"
"","","","","鱼糕今天困了喵",1780243531,"哦吼吼吼吼吼"
"","","","","鱼糕今天困了喵",1780243503,"还在奖励我"
"","","","","鱼糕今天困了喵",1780243444,"焦糖多大啦叫什么名字呀家住哪里呀"
"","","","","鱼糕今天困了喵",1780243411,"这个鱼糕怎么这么坏啊"
"","","","","鱼糕今天困了喵",1780243402,"我去盒"
"","","","","鱼糕今天困了喵",1780243375,"全显示了"
"","","","","鱼糕今天困了喵",1780243370,"我那天导出快递单拉明细发现没一个加密真的隐藏的"
"","","","","鱼糕今天困了喵",1780243345,"其实顺丰隐藏地址也是会显示的（"
"","","","","鱼糕今天困了喵",1780243332,"我会睡在你家门外面等你拿外卖"
"","","","","鱼糕今天困了喵",1780243318,"哎 不能偷取焦糖地址了"
"","","","","鱼糕今天困了喵",1780243256,"要看"
"","","","","鱼糕今天困了喵",1780243254,"感觉不睡也行"
"","","","","鱼糕今天困了喵",1780243247,"反正可以躺着飞"
"","","","","鱼糕今天困了喵",1780243221,"我宣布我没睡着"
"","","","","鱼糕今天困了喵",1780237486,"（晚安布丁喵（小声））"
"","","","","鱼糕今天困了喵",1780237474,"晚安喵"
"","","","","鱼糕今天困了喵",1780237469,"睡觉去了喵"
"","","","","鱼糕今天困了喵",1780237413,"好的很啊"
"","","","","鱼糕今天困了喵",1780237410,"可以 那我起床看"
"","","","","鱼糕今天困了喵",1780237346,"布丁下次什么时候播"
"","","","","鱼糕今天困了喵",1780237254,"欢迎布丁喵"
"","","","","鱼糕今天困了喵",1780237171,"别走 燕子 别走"
"","","","","鱼糕今天困了喵",1780237122,"焦糖你干啥来了"
"","","","","鱼糕今天困了喵",1780237010,"我证明🫡"
"","","","","鱼糕今天困了喵",1780236978,"你看看人家"
"","","","","鱼糕今天困了喵",1780236962,"哎对 你看 布丁太懂了"
"","","","","鱼糕今天困了喵",1780236951,"不对 这是两种不同的坏"
"","","","","鱼糕今天困了喵",1780236915,"就喜欢坏女人"
"","","","","鱼糕今天困了喵",1780236906,"666还有联通皮"
"","","","","鱼糕今天困了喵",1780236876,"圣地巡游大久保"
"","","","","鱼糕今天困了喵",1780236571,"没有挑拨啊 我会直接消失的"
"","","","","鱼糕今天困了喵",1780236544,"布丁多好你跟人家学学"
"","","","","鱼糕今天困了喵",1780236533,"谁让你欺负我的"
"","","","","鱼糕今天困了喵",1780236528,"忍心"
"","","","","鱼糕今天困了喵",1780236489,"给我炒俩菜 再给我200块来"
"","","","","鱼糕今天困了喵",1780236459,"v了叫一声"
"","","","","鱼糕今天困了喵",1780236455,"v我200"
"","","","","鱼糕今天困了喵",1780236434,"你水平不中啊"
"","","","","鱼糕今天困了喵",1780236426,"你不行"
"","","","","鱼糕今天困了喵",1780236401,"我不用找主人"
"","","","","鱼糕今天困了喵",1780236320,"ks还有神人相亲和小学生找主人"
"","","","","鱼糕今天困了喵",1780236304,"这才哪儿到哪儿"
"","","","","鱼糕今天困了喵",1780236209,"hyw"
"","","","","鱼糕今天困了喵",1780236184,"不要让我在大街看到你嗷 没你好果汁吃"
"","","","","鱼糕今天困了喵",1780236111,"没有骨气"
"","","","","鱼糕今天困了喵",1780236079,"我是肖楠娘"
"","","","","鱼糕今天困了喵",1780236047,"老板身体很好啊"
"","","","","鱼糕今天困了喵",1780236002,"来年开春发现你以为你喝酒晕过去了"
"","","","","鱼糕今天困了喵",1780235983,"欢迎来到加拿大 奖励你给你丢雪地里一个冬天"
"","","","","鱼糕今天困了喵",1780235951,"（）"
"","","","","鱼糕今天困了喵",1780235948,"你就这点追求吗"
"","","","","鱼糕今天困了喵",1780235937,"不要999不要99只要9.9呆呆焦糖带回家全自动闯祸机"
"","","","","鱼糕今天困了喵",1780235916,"饭麦焦糖"
"","","","","鱼糕今天困了喵",1780235890,"666饭麦仁口是饭醉的"
"","","","","鱼糕今天困了喵",1780235844,"我也想要可爱妹妹 你得排队"
"","","","","鱼糕今天困了喵",1780235811,"？吃我吗 我服了"
"","","","","鱼糕今天困了喵",1780235800,"我是大佐 你可以抓我走"
"","","","","鱼糕今天困了喵",1780235764,"带个我 我是电车之狼 怎么不是特产吗"
"","","","","鱼糕今天困了喵",1780235740,"我要给你发图馋你"
"","","","","鱼糕今天困了喵",1780235727,"你说的对 但你怎么知道我明天前往日本"
"","","","","鱼糕今天困了喵",1780150909,"晚安诺咪"
"","","","","鱼糕今天困了喵",1780150847,"羡慕躺赢"
"","","","","鱼糕今天困了喵",1780150785,"诺唱一个吧唱一个"
"","","","","鱼糕今天困了喵",1780150723,"开饭了"
"","","","","鱼糕今天困了喵",1780150695,"讲粤语好好听 suki"
"","","","","鱼糕今天困了喵",1780150674,"我想喝lemon sour了"
"","","","","鱼糕今天困了喵",1780150653,"《不是》"
"","","","","鱼糕今天困了喵",1780150633,"烧开的水放凉了还是开水吗"
"","","","","鱼糕今天困了喵",1780150569,"对不起对不起对不起"
"","","","","鱼糕今天困了喵",1780150563,"对不起对不起对不起对不起对不起"
"","","","","鱼糕今天困了喵",1780150493,"哦哦哦宝宝不哭喝奶奶宝宝不哭喝奶奶"
"","","","","鱼糕今天困了喵",1780150423,"要排队"
"","","","","鱼糕今天困了喵",1780150412,"你想peach 那是我主人"
"","","","","鱼糕今天困了喵",1780150391,"有没有星巴克外送"
"","","","","鱼糕今天困了喵",1780150327,"是的我是m"
"","","","","鱼糕今天困了喵",1780150322,"我想学舞萌专业"
"","","","","鱼糕今天困了喵",1780150290,"法语加分的"
"","","","","鱼糕今天困了喵",1780150281,"不学法语我打分可能留不下来"
"","","","","鱼糕今天困了喵",1780150261,"哦还有艺术史"
"","","","","鱼糕今天困了喵",1780150253,"会吧 我要同时学经济艺术日语和法语（）"
"","","","","鱼糕今天困了喵",1780150210,"令人感叹啊"
"","","","","鱼糕今天困了喵",1780150203,"真快吧"
"","","","","鱼糕今天困了喵",1780150200,"转头一看我要大三了"
"","","","","鱼糕今天困了喵",1780150124,"想念600天的鱼糕了吗[花]"
"","","","","鱼糕今天困了喵",1780150094,"我要截图600"
"","","","","鱼糕今天困了喵",1780150085,"对 我发完弹幕才能点击自己的id"
"","","","","鱼糕今天困了喵",1780150036,"美女你谁！！"
"","","","","鱼糕今天困了喵",1780072305,"这是什么正经渠道吗"
"","","","","鱼糕今天困了喵",1780072295,"666还有片保"
"","","","","鱼糕今天困了喵",1780072254,"你来吧"
"","","","","鱼糕今天困了喵",1780072251,"**市**区**路**号*-*-****"
"","","","","鱼糕今天困了喵",1780072210,"（是的）"
"","","","","鱼糕今天困了喵",1780072202,"（绝对没有看别的妹妹）"
"","","","","鱼糕今天困了喵",1780072186,"干活去了"
"","","","","鱼糕今天困了喵",1780072145,"我要给你两拳"
"","","","","鱼糕今天困了喵",1780072104,"bur"
"","","","","鱼糕今天困了喵",1780072098,"我怎么就想看了"
"","","","","鱼糕今天困了喵",1780072094,"？"
"","","","","鱼糕今天困了喵",1780071927,"这种必须手洗"
"","","","","鱼糕今天困了喵",1780071917,"焦糖太大只了"
"","","","","鱼糕今天困了喵",1780071912,"骗你的 根本塞不进去"
"","","","","鱼糕今天困了喵",1780071882,"然后给她捆了丢进洗衣机里"
"","","","","鱼糕今天困了喵",1780071865,"我马上尾随她回家"
"","","","","鱼糕今天困了喵",1780071833,"你最好是线下也这么掐我"
"","","","","鱼糕今天困了喵",1780071794,"独占吧 没事 别的妹妹自会安慰我"
"","","","","鱼糕今天困了喵",1780071762,"呜呜呜呜呜呜呜呜哇"
"","","","","鱼糕今天困了喵",1780071757,"我都不敢想她还要干什么"
"","","","","鱼糕今天困了喵",1780071749,"你看 她还掐我"
"","","","","鱼糕今天困了喵",1780071727,"老板糊涂啊 我委屈啊呜呜呜呜呜"
"","","","","鱼糕今天困了喵",1780071720,"呜呜呜主播嫌弃舰长啦 呜呜呜呜主播收到舰长就赶人走啦"
"","","","","鱼糕今天困了喵",1780071689,"不喜欢我 ok 那我走"
"","","","","鱼糕今天困了喵",1780071558,"fawo"
"","","","","鱼糕今天困了喵",1780071535,"你知道的 我想要一大份图包 加上浓厚的摄像功底 最好是配上花絮甜点"
"","","","","鱼糕今天困了喵",1780071494,"你奖励我点别的行吗"
"","","","","鱼糕今天困了喵",1780071486,"？"
"","","","","鱼糕今天困了喵",1780071461,"哦先生 这可要挨不少巴掌"
"","","","","鱼糕今天困了喵",1780071378,"就没见过啊"
"","","","","鱼糕今天困了喵",1780071370,"开玩笑呢"
"","","","","鱼糕今天困了喵",1780071367,"主播什么时候有过"
"","","","","鱼糕今天困了喵",1780071331,"（）"
"","","","","鱼糕今天困了喵",1780071328,"哦仅展示佩戴"
"","","","","鱼糕今天困了喵",1780071301,"我记得我隐藏了的"
"","","","","鱼糕今天困了喵",1780071293,"？居然能看到吗"
"","","","","鱼糕今天困了喵",1780071183,"鱼糕密室虾仁案"
"","","","","鱼糕今天困了喵",1780071145,"她会敲我门"
"","","","","鱼糕今天困了喵",1780071139,"那不行"
"","","","","鱼糕今天困了喵",1780071098,"其实是退款之后充当压岁钱"
"","","","","鱼糕今天困了喵",1780071070,"压岁钱这是"
"","","","","鱼糕今天困了喵",1780071067,"其实我5岁"
"","","","","鱼糕今天困了喵",1780071062,"老板糊涂啊"
"","","","","鱼糕今天困了喵",1780070981,"好像打不过喵"
"","","","","鱼糕今天困了喵",1780070895,"那我要腿"
"","","","","鱼糕今天困了喵",1780070870,"那很小了"
"","","","","鱼糕今天困了喵",1780070867,"是寄自己吗"
"","","","","鱼糕今天困了喵",1780070781,"我去探敌情"
"","","","","鱼糕今天困了喵",1780070773,"会吗"
"","","","","鱼糕今天困了喵",1780070724,"不包过"
"","","","","鱼糕今天困了喵",1780070702,"开pk吧喵"
"","","","","鱼糕今天困了喵",1780070665,"你怎么知道我给别的妹妹续到了2028[doge2]"
"","","","","鱼糕今天困了喵",1780070595,"给你吃"
"","","","","鱼糕今天困了喵",1780070578,"哎 我家有罐罐 不吃吗"
"","","","","鱼糕今天困了喵",1780070549,"猫娘 那你来我家"
"","","","","鱼糕今天困了喵",1780070538,"只咬坏人"
"","","","","鱼糕今天困了喵",1780070383,"再见吧 我等布丁回来就跟她走了"
"","","","","鱼糕今天困了喵",1780070201,"你看布丁多大度"
"","","","","鱼糕今天困了喵",1780021844,"走了喵 我也work"
"","","","","鱼糕今天困了喵",1780021758,"没有 不来"
"","","","","鱼糕今天困了喵",1780021742,"来什么"
"","","","","鱼糕今天困了喵",1780021160,"也还行 更喜欢脆的"
"","","","","鱼糕今天困了喵",1780020915,"统一战线了"
"","","","","鱼糕今天困了喵",1780020911,"折耳根排香菜后面"
"","","","","鱼糕今天困了喵",1780020900,"威力堪比豆汁"
"","","","","鱼糕今天困了喵",1780020870,"我要拥护香菜之神"
"","","","","鱼糕今天困了喵",1780020850,"好吃"
"","","","","鱼糕今天困了喵",1780020820,"自己搞点酒兑进去好喝多了"
"","","","","鱼糕今天困了喵",1780020804,"。"
"","","","","鱼糕今天困了喵",1780020802,"他是酱香味牛奶"
"","","","","鱼糕今天困了喵",1780020785,"自制版可能好喝一点"
"","","","","鱼糕今天困了喵",1780020779,"酱香拿铁一般"
"","","","","鱼糕今天困了喵",1780020738,"不如可乐拿铁"
"","","","","鱼糕今天困了喵",1780020678,"听到就感觉不行了"
"","","","","鱼糕今天困了喵",1780020671,"我求你了"
"","","","","鱼糕今天困了喵",1780020582,"有点猎奇了"
"","","","","鱼糕今天困了喵",1780020577,"茶烟又是什么"
"","","","","鱼糕今天困了喵",1780020489,"我空口吃三把"
"","","","","鱼糕今天困了喵",1780020483,"香菜请多多来"
"","","","","鱼糕今天困了喵",1780020444,"吃了口折耳根感觉被鱼跳起来打了一巴掌然后自爆了"
"","","","","鱼糕今天困了喵",1780020361,"一口吃不了"
"","","","","鱼糕今天困了喵",1780020357,"不吃折耳根"
"","","","","鱼糕今天困了喵",1780020321,"酸笋一般"
"","","","","鱼糕今天困了喵",1780020270,"我可以加两个炸蛋吗 一个不够吃"
"","","","","鱼糕今天困了喵",1780020124,"你看 我是第一个耶"
"","","","","鱼糕今天困了喵",1780020008,"处不处"
"","","","","鱼糕今天困了喵",1780019559,"你赶紧给小安抱走"
"","","","","鱼糕今天困了喵",1780019479,"你们互相抢吧 主包我先抱走了（？）"
"","","","","鱼糕今天困了喵",1780019284,"恋在哪里"
"","","","","鱼糕今天困了喵",1780019173,"[热][热]"
"","","","","鱼糕今天困了喵",1780019170,"给杯子打瘪了"
"","","","","鱼糕今天困了喵",1780019161,"我拿保温杯给了他4下"
"","","","","鱼糕今天困了喵",1780019149,"攻击力最强的那年有人给了我一巴掌"
"","","","","鱼糕今天困了喵",1780019080,"换我开始攻击了"
"","","","","鱼糕今天困了喵",1780019060,"什么神人"
"","","","","鱼糕今天困了喵",1780018876,"现在不做53以后怎么超过别人"
"","","","","鱼糕今天困了喵",1780018854,"这是今日份的5年高考3年模拟"
"","","","","鱼糕今天困了喵",1780018774,"乖 咱做作业去"
"","","","","鱼糕今天困了喵",1780018765,"不许直播"
"","","","","鱼糕今天困了喵",1780018759,"哦那不行 小孩不许主播"
"","","","","鱼糕今天困了喵",1780018715,"这就容易实现了（）"
"","","","","鱼糕今天困了喵",1780018708,"这样吧 主包你现在倒退10岁（"
"","","","","鱼糕今天困了喵",1780018500,"主包在吃什么 好脆"
"","","","","鱼糕今天困了喵",1779978830,"睡觉回 蹲起回 喝水回（包括电脑） 英语回 你选吧（）"
"","","","","鱼糕今天困了喵",1779978747,"哎 我好聪明"
"","","","","鱼糕今天困了喵",1779978738,"我要是指定她是不是就得展示害羞那面了"
"","","","","鱼糕今天困了喵",1779978645,"日语回也不是不行"
"","","","","鱼糕今天困了喵",1779978558,"想听英语回（？）"
"","","","","鱼糕今天困了喵",1779977775,"我听得懂 她说她喜欢我"
"","","","","鱼糕今天困了喵",1779977672,"six seven"
"","","","","鱼糕今天困了喵",1779977595,"她生气了会来踢我们出气"
"","","","","鱼糕今天困了喵",1779977578,"我们老玩具都是被关起来的"
"","","","","鱼糕今天困了喵",1779977569,"是的新玩具 来了都是新玩具"
"","","","","鱼糕今天困了喵",1779977121,"她不要你了"
"","","","","鱼糕今天困了喵",1779977119,"桌子小姐"
"","","","","鱼糕今天困了喵",1779976479,"1k还在发力"
"","","","","鱼糕今天困了喵",1779976098,"连住几天除非换菜单否则不吃"
"","","","","鱼糕今天困了喵",1779976081,"起了就吃 10点就午饭"
"","","","","鱼糕今天困了喵",1779975816,"im back"
"","","","","鱼糕今天困了喵",1779975764,"我是后背"
"","","","","鱼糕今天困了喵",1779972154,"别的随你"
"","","","","鱼糕今天困了喵",1779972142,"点歌 白金disco"
"","","","","鱼糕今天困了喵",1779971930,"群我可以拉自己小号吗（）"
"","","","","鱼糕今天困了喵",1779970589,"晚上好喵"
"","","","","鱼糕今天困了喵",1779970585,"oi"
"","","","","鱼糕今天困了喵",1779945705,"是我（）"
"","","","","乳酪酪酪酪酪酪酪",1779945658,"她对自己陷入了深深的怀疑（）"
"","","","","乳酪酪酪酪酪酪酪",1779892902,"那个要吃的在哪里（）"
"","","","","乳酪酪酪酪酪酪酪",1779892844,"对的"
"","","","","乳酪酪酪酪酪酪酪",1779892823,"看q"
"","","","","乳酪酪酪酪酪酪酪",1779892641,"我找一下"
"","","","","乳酪酪酪酪酪酪酪",1779892465,"我100抽了"
"","","","","乳酪酪酪酪酪酪酪",1779892402,"这个我真想学"
"","","","","乳酪酪酪酪酪酪酪",1779892233,"嗝"
"","","","","乳酪酪酪酪酪酪酪",1779892228,"嗝"
"","","","","乳酪酪酪酪酪酪酪",1779892198,"我要占领1542225代抽"
"","","","","乳酪酪酪酪酪酪酪",1779892054,"她自称cos区的"
"","","","","乳酪酪酪酪酪酪酪",1779892044,"自称是"
"","","","","乳酪酪酪酪酪酪酪",1779891943,"讨口子的来了"
"","","","","乳酪酪酪酪酪酪酪",1779891931,"真人"
"","","","","乳酪酪酪酪酪酪酪",1779891522,"来个人看到这种都得气笑了"
"","","","","乳酪酪酪酪酪酪酪",1779891515,"感觉不如我问是什么直播间 她答不知道 并问我能不能送个提督好笑"
"","","","","乳酪酪酪酪酪酪酪",1779890889,"这种事情住一起才能打得过（"
"","","","","乳酪酪酪酪酪酪酪",1779890880,"诺球球住一起赚米吧"
"","","","","乳酪酪酪酪酪酪酪",1779890625,"被骗过steam（"
"","","","","乳酪酪酪酪酪酪酪",1779890460,"我求求他了"
"","","","","乳酪酪酪酪酪酪酪",1779890456,"也别回复"
"","","","","乳酪酪酪酪酪酪酪",1779890450,"回完第二句话发某神秘图片的"
"","","","","乳酪酪酪酪酪酪酪",1779890437,"我遇到过假装我认识的人"
"","","","","乳酪酪酪酪酪酪酪",1779890315,"不可发送单个标点符号"
"","","","","乳酪酪酪酪酪酪酪",1779890306,"。"
"","","","","乳酪酪酪酪酪酪酪",1779890304,"我刚刚收了5个"
"","","","","乳酪酪酪酪酪酪酪",1779890263,"pian姐"
"","","","","乳酪酪酪酪酪酪酪",1779890260,"最近有bot批量刷直播间关注人的"
"","","","","乳酪酪酪酪酪酪酪",1779890237,"不要理直播间关注你们的人喵"
"","","","","乳酪酪酪酪酪酪酪",1779890160,"哎我还发不出来"
"","","","","乳酪酪酪酪酪酪酪",1779890141,"看一个沙一个啊"
"","","","","乳酪酪酪酪酪酪酪",1779889886,"学到了"
"","","","","乳酪酪酪酪酪酪酪",1779889877,"这个我真没找到"
"","","","","乳酪酪酪酪酪酪酪",1779889872,"我服了"
"","","","","乳酪酪酪酪酪酪酪",1779889795,"必须得分开买"
"","","","","乳酪酪酪酪酪酪酪",1779889786,"那个不能同时加一个链接的不同款式"
"","","","","乳酪酪酪酪酪酪酪",1779889750,"价格方面确实很好了"
"","","","","乳酪酪酪酪酪酪酪",1779889742,"pdd没有购物车功能感觉怪怪的"
"","","","","乳酪酪酪酪酪酪酪",1779889632,"pdd平台自动介入可能真退了（）"
"","","","","乳酪酪酪酪酪酪酪",1779889621,"理论上确实也可以（）"
"","","","","乳酪酪酪酪酪酪酪",1779889508,"不喜欢了喵"
"","","","","乳酪酪酪酪酪酪酪",1779889501,"嗷呜 汪汪汪"
"","","","","乳酪酪酪酪酪酪酪",1779889497,"嗅嗅 别的小狗的味道"
"","","","","乳酪酪酪酪酪酪酪",1779889460,"不对 看不见汪"
"","","","","乳酪酪酪酪酪酪酪",1779889436,"不甩我脸上我看不见喵"
"","","","","乳酪酪酪酪酪酪酪",1779889251,"我是大卫代"
"","","","","乳酪酪酪酪酪酪酪",1779889242,"那我吃的真的很多了"
"","","","","乳酪酪酪酪酪酪酪",1779889237,"我不行了"
"","","","","乳酪酪酪酪酪酪酪",1779889227,"诺居然只需要吃这么一点"
"","","","","乳酪酪酪酪酪酪酪",1779889157,"主人 你中午忘了给我放粮了"
"","","","","乳酪酪酪酪酪酪酪",1779889148,"主人 饭饭 饿饿"
"","","","","乳酪酪酪酪酪酪酪",1779889140,"喂我 我饿了"
"","","","","乳酪酪酪酪酪酪酪",1779888870,"Uhhhh I can’t breathe"
"","","","","乳酪酪酪酪酪酪酪",1779888866,"I can’t breathe"
"","","","","乳酪酪酪酪酪酪酪",1779888717,"我要看我主人"
"","","","","乳酪酪酪酪酪酪酪",1779888710,"下午下去下去（"
"","","","","乳酪酪酪酪酪酪酪",1779888703,"你谁啊"
"","","","","乳酪酪酪酪酪酪酪",1779888677,"乳酪cheese20001"
"","","","","乳酪酪酪酪酪酪酪",1779888638,"巧了吗不 我也喜欢我自己"
"","","","","乳酪酪酪酪酪酪酪",1779888626,"对的对的"
"","","","","乳酪酪酪酪酪酪酪",1779888623,"也对"
"","","","","乳酪酪酪酪酪酪酪",1779888617,"《谢谢我自己的比心》"
"","","","","乳酪酪酪酪酪酪酪",1779888202,"没活你现在给我出个干活角色自选我都来"
"","","","","乳酪酪酪酪酪酪酪",1779888191,"卡莉童话又来了"
"","","","","乳酪酪酪酪酪酪酪",1779888184,"bur 终末地那个新活动真是没活了"
"","","","","乳酪酪酪酪酪酪酪",1779887987,"仙酿来了"
"","","","","乳酪酪酪酪酪酪酪",1779887979,"我选择喝汤"
"","","","","乳酪酪酪酪酪酪酪",1779887938,"我要这个 对 我要这个"
"","","","","乳酪酪酪酪酪酪酪",1779887806,"我要作战服出击汪"
"","","","","乳酪酪酪酪酪酪酪",1779887801,"是的汪"
"","","","","乳酪酪酪酪酪酪酪",1779887621,"哈基咪吗你赢了"
"","","","","乳酪酪酪酪酪酪酪",1779887531,"ooc重拳出击（？"
"","","","","乳酪酪酪酪酪酪酪",1779887523,"谁家人格分裂"
"","","","","乳酪酪酪酪酪酪酪",1779887457,"坏小狗"
"","","","","乳酪酪酪酪酪酪酪",1779887451,"让她给你抓走"
"","","","","乳酪酪酪酪酪酪酪",1779887447,"马上就给诺打电话"
"","","","","乳酪酪酪酪酪酪酪",1779887372,"你是假的"
"","","","","乳酪酪酪酪酪酪酪",1779887368,"你主人不是这样对我的"
"","","","","乳酪酪酪酪酪酪酪",1779887361,"哭了"
"","","","","乳酪酪酪酪酪酪酪",1779887356,"骂得好难听"
"","","","","乳酪酪酪酪酪酪酪",1779887165,"吃我"
"","","","","乳酪酪酪酪酪酪酪",1779886958,"suki"
"","","","","乳酪酪酪酪酪酪酪",1779886932,"幽灵可以吃1个半"
"","","","","乳酪酪酪酪酪酪酪",1779886915,"所以我一天需要吃两个诺"
"","","","","乳酪酪酪酪酪酪酪",1779886846,"2k+吧（）"
"","","","","乳酪酪酪酪酪酪酪",1779886576,"666"
"","","","","乳酪酪酪酪酪酪酪",1779886573,"？"
"","","","","乳酪酪酪酪酪酪酪",1779886558,"是的 乳酪也去日本"
"","","","","乳酪酪酪酪酪酪酪",1779886354,"咋这么坏 小狗不许吃巧克力"
"","","","","乳酪酪酪酪酪酪酪",1779886297,"我要是变成这个多好啊"
"","","","","乳酪酪酪酪酪酪酪",1779886281,"教练我想变成乳酪"
"","","","","乳酪酪酪酪酪酪酪",1779886142,"她说什么我都会做的"
"","","","","乳酪酪酪酪酪酪酪",1779886120,"我是雨诺akari的狗"
"","","","","乳酪酪酪酪酪酪酪",1779886011,"可爱"
"","","","","乳酪酪酪酪酪酪酪",1779885859,"喵喵汪汪叽叽咕咕的就走过来了"
"","","","","乳酪酪酪酪酪酪酪",1779885504,"送我"
"","","","","乳酪酪酪酪酪酪酪",1779885398,"坏鱼糕 叉出去！"
"","","","","乳酪酪酪酪酪酪酪",1779885391,"鱼糕出去！"
"","","","","乳酪酪酪酪酪酪酪",1779885387,"你是鱼糕"
"","","","","鱼糕今天困了喵",1779868504,"oi"
"","","","","鱼糕今天困了喵",1779866989,"下午好喵"
"","","","","鱼糕今天困了喵",1779819562,"不要 我要当我的卷毛长发阴湿人类"
"","","","","鱼糕今天困了喵",1779819481,"因为不能打出0星评价 最低半颗星"
"","","","","鱼糕今天困了喵",1779819454,"焦糖的话 0.5"
"","","","","鱼糕今天困了喵",1779819429,"看是谁"
"","","","","鱼糕今天困了喵",1779819337,"这样 你给我100 我帮你完成心愿"
"","","","","鱼糕今天困了喵",1779819301,"送我300"
"","","","","鱼糕今天困了喵",1779819285,"送我"
"","","","","鱼糕今天困了喵",1779819259,"你怎么知道我买了switch的太鼓达人"
"","","","","鱼糕今天困了喵",1779819227,"什么原理说是"
"","","","","鱼糕今天困了喵",1779819168,"困了 眯"
"","","","","鱼糕今天困了喵",1779819144,"早上好说是（）"
"","","","","鱼糕今天困了喵",1779819137,"你早上起得来吗"
"","","","","鱼糕今天困了喵",1779819099,"我不睡觉你帮我写代码吧"
"","","","","鱼糕今天困了喵",1779819061,"怎么见谁都送"
"","","","","鱼糕今天困了喵",1779819054,"坏人"
"","","","","鱼糕今天困了喵",1779819050,"花心"
"","","","","鱼糕今天困了喵",1779819034,"我坐等"
"","","","","鱼糕今天困了喵",1779819027,"什么 焦糖要手写情书寄给我"
"","","","","鱼糕今天困了喵",1779818986,"焦糖 你是我见过最美丽的火星女孩"
"","","","","鱼糕今天困了喵",1779818968,"我是白白胖胖的区！"
"","","","","鱼糕今天困了喵",1779818959,"我是区！"
"","","","","鱼糕今天困了喵",1779818872,"焦糖帮我付学费吧"
"","","","","鱼糕今天困了喵",1779818851,"还在奖励我"
"","","","","鱼糕今天困了喵",1779818825,"我是北边的小皇帝 我是拿破仑"
"","","","","鱼糕今天困了喵",1779818797,"在我的南边"
"","","","","鱼糕今天困了喵",1779818772,"初中就在看了（）"
"","","","","鱼糕今天困了喵",1779818759,"那俩打不过的喵"
"","","","","鱼糕今天困了喵",1779818713,"说不定呢"
"","","","","鱼糕今天困了喵",1779818709,"想想办法提升羁绊到前三"
"","","","","鱼糕今天困了喵",1779818693,"没有秒回就是羁绊不够啊"
"","","","","鱼糕今天困了喵",1779818610,"我看心情秒回或者等轮回"
"","","","","鱼糕今天困了喵",1779818594,"不嫌多啊"
"","","","","鱼糕今天困了喵",1779818573,"这个焦糖怎么会这么贪心 什么都要"
"","","","","鱼糕今天困了喵",1779818542,"哎 那你见到布丁再喊我吧 只有两个人的家庭是不完整的"
"","","","","鱼糕今天困了喵",1779818497,"布丁呢 你给布丁藏哪里去了"
"","","","","鱼糕今天困了喵",1779818477,"哦朋友再见吧再见吧再见吧（"
"","","","","鱼糕今天困了喵",1779818442,"今天两个妹妹给我哄开心了"
"","","","","鱼糕今天困了喵",1779818430,"没余额了"
"","","","","鱼糕今天困了喵",1779818397,"老师cos服出吗 闲鱼给我我关注一下"
"","","","","鱼糕今天困了喵",1779818345,"老师介意肢体接触吗"
"","","","","鱼糕今天困了喵",1779818335,"老师你怎么卡粉了 老师你的肚肚藏一下"
"","","","","鱼糕今天困了喵",1779818280,"你还能出得去门吗"
"","","","","鱼糕今天困了喵",1779818276,"你确定你要当着那么多摄影的面说这些吗"
"","","","","鱼糕今天困了喵",1779818255,"马上给别的妹妹上总督了"
"","","","","鱼糕今天困了喵",1779818234,"老师老师拍照片免费删照片一张50啊"
"","","","","鱼糕今天困了喵",1779818202,"老师老师你多大了 老师你叫什么名字 你好香 没事 水热一点是正常的 熟了好吃好吃"
"","","","","鱼糕今天困了喵",1779818121,"肉蛋葱鸡！"
"","","","","鱼糕今天困了喵",1779818111,"焦糖越来越壮了"
"","","","","鱼糕今天困了喵",1779818079,"天天奖励我干什么"
"","","","","鱼糕今天困了喵",1779818073,"你看 又奖励我"
"","","","","鱼糕今天困了喵",1779818053,"方块机是这样的"
"","","","","鱼糕今天困了喵",1779818031,"让她给你张张嘴眨眨眼"
"","","","","鱼糕今天困了喵",1779818021,"她不送你带着麻袋去她家敲门"
"","","","","鱼糕今天困了喵",1779818006,"你喊焦糖送你"
"","","","","鱼糕今天困了喵",1779818001,"直接z9"
"","","","","鱼糕今天困了喵",1779817935,"我要让所有人知道一十得十"
"","","","","鱼糕今天困了喵",1779817917,"等一手zr拍照版（？"
"","","","","鱼糕今天困了喵",1779817890,"传下去 焦糖说 可以玩她"
"","","","","鱼糕今天困了喵",1779817868,"要不然你的钱就会全部变成胶卷"
"","","","","鱼糕今天困了喵",1779817854,"千万不要玩胶片 要不然你的钱包就会变扁"
"","","","","鱼糕今天困了喵",1779817792,"我搞了暗房的"
"","","","","鱼糕今天困了喵",1779817783,"我那是复古吗 我是真古啊"
"","","","","鱼糕今天困了喵",1779817750,"这个可以 焦糖送我z9"
"","","","","鱼糕今天困了喵",1779817741,"俩互相补位的"
"","","","","鱼糕今天困了喵",1779817733,"zr闪光灯不够快"
"","","","","鱼糕今天困了喵",1779817700,"哦还有个f3（）"
"","","","","鱼糕今天困了喵",1779817694,"？z9可以送我一台吗谢谢喵"
"","","","","鱼糕今天困了喵",1779817681,"zr zf"
"","","","","鱼糕今天困了喵",1779817674,"鸟如刀尖般锐利"
"","","","","鱼糕今天困了喵",1779817658,"那还真是 焦糖如奶油般化开了"
"","","","","鱼糕今天困了喵",1779817619,"找妹妹安慰我去了"
"","","","","鱼糕今天困了喵",1779817610,"呜呜呜呜呜"
"","","","","鱼糕今天困了喵",1779817606,"怎么骂我"
"","","","","鱼糕今天困了喵",1779817601,"？"
"","","","","鱼糕今天困了喵",1779817599,"没错！是那个拍人对焦到树上的尼康！"
"","","","","鱼糕今天困了喵",1779817583,"我！是尼康！"
"","","","","鱼糕今天困了喵",1779817539,"马上人家喝了两口 转头一看屏幕上一个大橘子"
"","","","","鱼糕今天困了喵",1779817518,"那环境也得上头才能上头呢"
"","","","","鱼糕今天困了喵",1779817441,"我给你放摄像头小熊你不炸了吗"
"","","","","鱼糕今天困了喵",1779817398,"我宣布我没睡着"
"","","","","鱼糕今天困了喵",1779806627,"自证失败（）"
"","","","","鱼糕今天困了喵",1779806619,"看见了 平的（）"
"","","","","鱼糕今天困了喵",1779806607,"刷下去了喵"
"","","","","鱼糕今天困了喵",1779806605,"凌晨5点没看见喵"
"","","","","鱼糕今天困了喵",1779806400,"我宣布我要去找别的妹妹了"
"","","","","鱼糕今天困了喵",1779806366,"快点去洗碗 快点"
"","","","","鱼糕今天困了喵",1779806360,"笑死了"
"","","","","鱼糕今天困了喵",1779806358,"草"
"","","","","鱼糕今天困了喵",1779806235,"下了等于玩了"
"","","","","鱼糕今天困了喵",1779806224,"自从什么都能玩 我就什么都没玩了"
"","","","","鱼糕今天困了喵",1779806217,"我的3ds吃灰很久了"
"","","","","鱼糕今天困了喵",1779806136,"内置语言菜单的都可以不用日语"
"","","","","鱼糕今天困了喵",1779806127,"以及pokemon是第二方 所以日版机也可以爽玩中文版"
"","","","","鱼糕今天困了喵",1779806082,"不用必买数字版"
"","","","","鱼糕今天困了喵",1779806076,"钥匙卡可以转买的"
"","","","","鱼糕今天困了喵",1779806047,"卖商家亏死了"
"","","","","鱼糕今天困了喵",1779806030,"你早说我把卡带给你"
"","","","","鱼糕今天困了喵",1779805948,"赶紧跌 tmd再涨价我让放飞"
"","","","","鱼糕今天困了喵",1779805891,"我觉得日语版障碍不大（）"
"","","","","鱼糕今天困了喵",1779805828,"速报 日本版ns2已经涨价了"
"","","","","鱼糕今天困了喵",1779805796,"激面倒"
"","","","","鱼糕今天困了喵",1779805775,"如果集中收了就不一样了"
"","","","","鱼糕今天困了喵",1779805756,"那个是商家给处理的"
"","","","","鱼糕今天困了喵",1779805711,"我求他了"
"","","","","鱼糕今天困了喵",1779805709,"（？？？"
"","","","","鱼糕今天困了喵",1779805702,"想喝什么自己加"
"","","","","鱼糕今天困了喵",1779805689,"他总不能退我现金欢迎下次再来吧"
"","","","","鱼糕今天困了喵",1779805670,"那很坏了"
"","","","","鱼糕今天困了喵",1779805237,"我要首都高车神"
"","","","","鱼糕今天困了喵",1779805051,"日元现金 送我"
"","","","","鱼糕今天困了喵",1779804973,"不更返图我会飞到你家窗口盯着你工作..."
"","","","","鱼糕今天困了喵",1779803662,"听到自己麦克风里面的声音很诡异你懂吗"
"","","","","鱼糕今天困了喵",1779803651,"000"
"","","","","鱼糕今天困了喵",1779803648,"0"
"","","","","鱼糕今天困了喵",1779802991,"洗澡去"
"","","","","鱼糕今天困了喵",1779802859,"所以我现在是不是应该看别的妹妹配合一下你"
"","","","","鱼糕今天困了喵",1779802696,"这是好事啊 我怕你不来"
"","","","","鱼糕今天困了喵",1779802657,"哦哦哦不哭不哭不哭喝奶奶喝奶奶"
"","","","","鱼糕今天困了喵",1779802643,"还有特级怨灵"
"","","","","鱼糕今天困了喵",1779802591,"是这样的（）"
"","","","","鱼糕今天困了喵",1779802559,"（）"
"","","","","鱼糕今天困了喵",1779802556,"只有那一个呀"
"","","","","鱼糕今天困了喵",1779802520,"不要读博喵"
"","","","","鱼糕今天困了喵",1779802508,"我就是信了城堡的邪 800个盒子一个没见过"
"","","","","鱼糕今天困了喵",1779802480,"见过2电影票5棉花糖3抱枕吗"
"","","","","鱼糕今天困了喵",1779802416,"预言家来了"
"","","","","鱼糕今天困了喵",1779802388,"马上叫妈妈的要来了"
"","","","","鱼糕今天困了喵",1779802289,"我就爱这个房间"
"","","","","鱼糕今天困了喵",1779802280,"那你别住 让我住回来"
"","","","","鱼糕今天困了喵",1779802246,"我让她住的"
"","","","","鱼糕今天困了喵",1779802239,"是的 她在我家"
"","","","","鱼糕今天困了喵",1779802194,"日本第一次用小签换在留卡 用在留卡之后就不看小签了 跟加拿大不太一样"
"","","","","鱼糕今天困了喵",1779802154,"在留期限变成1年了是吧"
"","","","","鱼糕今天困了喵",1779802031,"我下周去日本需要经费（暗示"
"","","","","鱼糕今天困了喵",1779802009,"其实我5岁啊"
"","","","","鱼糕今天困了喵",1779801949,"这个事情在鱼糕的某数字号上亦有记载"
"","","","","鱼糕今天困了喵",1779801904,"校一下保一年半年吧"
"","","","","鱼糕今天困了喵",1779801884,"起码自己跨设备看着正常了（）"
"","","","","鱼糕今天困了喵",1779801868,"他是给你几个设备全都校到一个观感上去"
"","","","","鱼糕今天困了喵",1779801804,"1000块买个校色仪吧（"
"","","","","鱼糕今天困了喵",1779801782,"要玩什么自己填"
"","","","","鱼糕今天困了喵",1779801776,"压根不需要调教"
"","","","","鱼糕今天困了喵",1779801692,"诺能不能指着我跟我说 鱼糕 我命令你 现在给我刷个138sc"
"","","","","鱼糕今天困了喵",1779801610,"你看 她还得谢谢咱呢"
"","","","","鱼糕今天困了喵",1779801449,"雨诺被麻袋捆走了"
"","","","","鱼糕今天困了喵",1779801376,"我直接消失"
"","","","","鱼糕今天困了喵",1779801369,"人多了我直接不看"
"","","","","鱼糕今天困了喵",1779801362,"那很小众了"
"","","","","鱼糕今天困了喵",1779801301,"不要把我的大脑当汤包吃了好吗"
"","","","","鱼糕今天困了喵",1779801267,"这个我们一般吃汤包是这样的"
"","","","","鱼糕今天困了喵",1779799971,"一级是诺味 二级是鱼糕分装诺味"
"","","","","鱼糕今天困了喵",1779799952,"一级是有自己基站的 二级是没有基站借用一级基站空余流量的"
"","","","","鱼糕今天困了喵",1779799928,"好像就40块钱"
"","","","","鱼糕今天困了喵",1779799914,"确实贵 我反正只需要能电话和收短信就行"
"","","","","鱼糕今天困了喵",1779799864,"一级运营商没有在留不给办"
"","","","","鱼糕今天困了喵",1779799849,"某个二级运营商 用的au的基站"
"","","","","鱼糕今天困了喵",1779799797,"假装日本人套餐"
"","","","","鱼糕今天困了喵",1779799789,"有日本电话卡可以注册ana paypay和ztmy（）"
"","","","","鱼糕今天困了喵",1779799614,"国内一张加拿大一张日本一张"
"","","","","鱼糕今天困了喵",1779799565,"那肯定是加上的"
"","","","","鱼糕今天困了喵",1779799471,"我要续3张卡"
"","","","","鱼糕今天困了喵",1779799434,"300不到"
"","","","","鱼糕今天困了喵",1779799408,"其实该挂三个"
"","","","","鱼糕今天困了喵",1779799356,"我同时挂两个直播（）"
"","","","","鱼糕今天困了喵",1779799346,"晚上好喵"
"","","","","鱼糕今天困了喵",1779799298,"婉拒失败"
"","","","","鱼糕今天困了喵",1779799284,"今天晚上播的人好多哦"
"","","","","鱼糕今天困了喵",1779799274,"那我去看会儿别的妹妹再回来？"
"","","","","鱼糕今天困了喵",1779799253,"怎么就不想了"
"","","","","鱼糕今天困了喵",1779799248,"我不是还给你发消息的嘛"
"","","","","鱼糕今天困了喵",1779797304,"《主播已开启连麦功能》"
"","","","","鱼糕今天困了喵",1779797249,"差一年吧"
"","","","","鱼糕今天困了喵",1779796799,"把气摇没了喝吗（"
"","","","","鱼糕今天困了喵",1779723596,"晚安喵"
"","","","","鱼糕今天困了喵",1779719169,"被完全读懂了喵（）"
"","","","","鱼糕今天困了喵",1779719157,"是的喵（）"
"","","","","鱼糕今天困了喵",1779719113,"[热][热][热]"
"","","","","鱼糕今天困了喵",1779719111,"[热]"
"","","","","鱼糕今天困了喵",1779719106,"“诶呀 雨诺是谁呀”"
"","","","","鱼糕今天困了喵",1779719098,"我不行了我顶着个雨诺今天困了喵就进去了"
"","","","","鱼糕今天困了喵",1779718642,"想她了（）"
"","","","","鱼糕今天困了喵",1779718638,"有个妹妹开播了 我去看一会儿（）"
"","","","","雨诺今天困了喵",1779718245,"我去那不得不看看了"
"","","","","雨诺今天困了喵",1779718223,"你知道我要说什么的"
"","","","","雨诺今天困了喵",1779718213,"？？？？？"
"","","","","雨诺今天困了喵",1779718208,"？"
"","","","","雨诺今天困了喵",1779718055,"诺你怎么"
"","","","","雨诺今天困了喵",1779718050,"啊啊啊啊啊啊啊啊啊啊？？？？"
"","","","","雨诺今天困了喵",1779717941,"诺（？）"
"","","","","雨诺今天困了喵",1779717763,"诺味幽灵20001"
"","","","","雨诺今天困了喵",1779717738,"所以诺说什么我都会做的"
"","","","","雨诺今天困了喵",1779717730,"现在灵魂是诺味的"
"","","","","雨诺今天困了喵",1779717724,"其实我被吃空了"
"","","","","雨诺今天困了喵",1779717546,"口福也是福了"
"","","","","雨诺今天困了喵",1779717537,"那很有福了"
"","","","","雨诺今天困了喵",1779717354,"还有snp"
"","","","","雨诺今天困了喵",1779717062,"我是飞机人"
"","","","","雨诺今天困了喵",1779717057,"是的我晚上会转起来变成螺旋桨然后飞到你家窗户外面看着你"
"","","","","雨诺今天困了喵",1779716821,"我就喜欢吃中间那段"
"","","","","雨诺今天困了喵",1779716813,"那奶油给我吃吧"
"","","","","雨诺今天困了喵",1779716809,"我喜欢吃那个"
"","","","","雨诺今天困了喵",1779716771,"没有 连盐也没有"
"","","","","雨诺今天困了喵",1779716737,"在家了 可以吃面包馅三明治了"
"","","","","雨诺今天困了喵",1779715900,"就爱吃这个"
"","","","","雨诺今天困了喵",1779715506,"你 什么滴干活"
"","","","","雨诺今天困了喵",1779715500,"吆西 你滴 加拿大滴花姑娘"
"","","","","雨诺今天困了喵",1779715351,"我是床下神秘虫子"
"","","","","雨诺今天困了喵",1779715340,"其实是被我摸走了"
"","","","","雨诺今天困了喵",1779714994,"acane是神"
"","","","","雨诺今天困了喵",1779714974,"我会永远追随ztmy"
"","","","","雨诺今天困了喵",1779714648,"高桥优的yakimochi"
"","","","","雨诺今天困了喵",1779714580,"骑在银龙的背上"
"","","","","雨诺今天困了喵",1779714344,"这回听懂了"
"","","","","雨诺今天困了喵",1779713778,"有没有想要鱼糕举牌的"
"","","","","雨诺今天困了喵",1779713727,"太棒了吧"
"","","","","雨诺今天困了喵",1779713721,"第一有自己的举牌"
"","","","","雨诺今天困了喵",1779713710,"我去 我直接自己播自己刷"
"","","","","鱼糕今天困了喵",1779713587,"难不成是40级牌子的那位"
"","","","","鱼糕今天困了喵",1779713557,"你是？很熟悉的人？"
"","","","","鱼糕今天困了喵",1779713548,"你谁啊"
"","","","","鱼糕今天困了喵",1779713501,"懂我（）"
"","","","","鱼糕今天困了喵",1779713496,"是的"
"","","","","鱼糕今天困了喵",1779713476,"吓哭了"
"","","","","鱼糕今天困了喵",1779713461,"我去 我切出去了一下 诺变扁了"
"","","","","鱼糕今天困了喵",1779713030,"捏捏小肚"
"","","","","鱼糕今天困了喵",1779713018,"美女你谁"
"","","","","鱼糕今天困了喵",1779673079,"[dog]"
"","","","","鱼糕今天困了喵",1779673041,"放5个月"
"","","","","鱼糕今天困了喵",1779673021,"不上班 放假"
"","","","","鱼糕今天困了喵",1779672984,"我才醒（）"
"","","","","鱼糕今天困了喵",1779672961,"开这么早"
"","","","","鱼糕今天困了喵",1779633651,"晚安喵"
"","","","","鱼糕今天困了喵",1779631915,"你为什么住在我的家里"
"","","","","鱼糕今天困了喵",1779631909,"是的这是我家"
"","","","","鱼糕今天困了喵",1779631653,"不安desu"
"","","","","鱼糕今天困了喵",1779631509,"我服了帮扶帮甩是什么啊喂"
"","","","","鱼糕今天困了喵",1779630981,"谁家小学生来了"
"","","","","鱼糕今天困了喵",1779630831,"趴着上"
"","","","","鱼糕今天困了喵",1779630791,"我去看能买到什么"
"","","","","鱼糕今天困了喵",1779630749,"我一号去"
"","","","","鱼糕今天困了喵",1779630644,"我即将携带20卷胶卷去日本猛拍"
"","","","","鱼糕今天困了喵",1779629808,"我朋友室友也是印度人"
"","","","","鱼糕今天困了喵",1779629792,"我室友也是印度人"
"","","","","鱼糕今天困了喵",1779629787,"哪里没有印度人"
"","","","","鱼糕今天困了喵",1779629470,"三分本来也不便宜吧"
"","","","","鱼糕今天困了喵",1779629318,"怎么没人记得🦵🏻🫚"
"","","","","鱼糕今天困了喵",1779628955,"现在的卧室景"
"","","","","鱼糕今天困了喵",1779628813,"怎么还有叫江苏菜的"
"","","","","鱼糕今天困了喵",1779628808,"那不是叫淮扬菜吗"
"","","","","鱼糕今天困了喵",1779628681,"诶 给我的嘛 还有人记得乳酪喵"
"","","","","鱼糕今天困了喵",1779628670,"框框两拳"
"","","","","鱼糕今天困了喵",1779628665,"我速速给诺两拳"
"","","","","鱼糕今天困了喵",1779628326,"《太广东了》"
"","","","","鱼糕今天困了喵",1779627246,"我不行了诺这个断句"
"","","","","鱼糕今天困了喵",1779627152,"尝鲨人会有诺小肚吗"
"","","","","鱼糕今天困了喵",1779626910,"111我要参加"
"","","","","鱼糕今天困了喵",1779626905,"111我要排队"
"","","","","鱼糕今天困了喵",1779626898,"还有去诺家做客这种好事？"
"","","","","鱼糕今天困了喵",1779626864,"什么百大"
"","","","","鱼糕今天困了喵",1779626861,"什么百舰"
"","","","","鱼糕今天困了喵",1779626437,"变得更可爱了 虽然每天都是最可爱的那个"
"","","","","鱼糕今天困了喵",1779626377,"美女你谁"
"","","","","鱼糕今天困了喵",1779460877,"晚安诺咪"
"","","","","鱼糕今天困了喵",1779460723,"我也想拍"
"","","","","鱼糕今天困了喵",1779460608,"打开欢迎我来"
"","","","","鱼糕今天困了喵",1779460572,"哇 全中！"
"","","","","鱼糕今天困了喵",1779460568,"对焦一直对在诺身后的栏杆上"
"","","","","鱼糕今天困了喵",1779460554,"是的 我是那个尼康拍人的"
"","","","","鱼糕今天困了喵",1779460453,"克隆诺能穿上"
"","","","","鱼糕今天困了喵",1779460438,"诚收cos服 仅限诺 0元包邮收"
"","","","","鱼糕今天困了喵",1779460336,"你真的会不想要吗"
"","","","","鱼糕今天困了喵",1779460329,"但是这么多镜头"
"","","","","鱼糕今天困了喵",1779460324,"虽然用不上"
"","","","","鱼糕今天困了喵",1779460190,"（"
"","","","","鱼糕今天困了喵",1779460188,"虽然没一个我用的上的"
"","","","","鱼糕今天困了喵",1779460179,"我在思考百微 圆神 和大三元二代"
"","","","","鱼糕今天困了喵",1779460134,"快递20kg 记得到付"
"","","","","鱼糕今天困了喵",1779460126,"打包送你"
"","","","","鱼糕今天困了喵",1779460089,"看看镜头价格 好的话买一支"
"","","","","鱼糕今天困了喵",1779460081,"我要去购入新游戏"
"","","","","鱼糕今天困了喵",1779459890,"收到 这就分身去所有骏河屋"
"","","","","鱼糕今天困了喵",1779459682,"我说你这什么神秘地点也没交通也800？"
"","","","","鱼糕今天困了喵",1779459664,"我上次住浦东800"
"","","","","鱼糕今天困了喵",1779459636,"那很便宜了"
"","","","","鱼糕今天困了喵",1779459570,"所以没有优惠了"
"","","","","鱼糕今天困了喵",1779459565,"我的信用卡福利是额外积分"
"","","","","鱼糕今天困了喵",1779459557,"那就是信用卡福利吧"
"","","","","鱼糕今天困了喵",1779459531,"3天优惠什么的不存在的"
"","","","","鱼糕今天困了喵",1779459510,"500"
"","","","","鱼糕今天困了喵",1779459414,"但确实没想到那么小"
"","","","","鱼糕今天困了喵",1779459409,"其实主要是为了保会员"
"","","","","鱼糕今天困了喵",1779459394,"1k一天"
"","","","","鱼糕今天困了喵",1779459195,"上次1k还住了个单人超窄看笑了"
"","","","","鱼糕今天困了喵",1779459175,"我觉得日本酒店都小"
"","","","","鱼糕今天困了喵",1779459104,"我想一直看"
"","","","","鱼糕今天困了喵",1779459099,"播24小时吧"
"","","","","鱼糕今天困了喵",1779458961,"看心情"
"","","","","鱼糕今天困了喵",1779458958,"早6-下午2不等"
"","","","","鱼糕今天困了喵",1779458811,"如果免打扰还开门 那他有福了"
"","","","","鱼糕今天困了喵",1779458795,"免打扰默认不打扫的"
"","","","","鱼糕今天困了喵",1779458657,"我还会顺手把do not disturb点上"
"","","","","鱼糕今天困了喵",1779458643,"会的"
"","","","","鱼糕今天困了喵",1779458623,"是的 我在门外 她每次都给我关外面"
"","","","","鱼糕今天困了喵",1779458480,"唉 这个诺怎么这么坏啊👉👈🥺"
"","","","","鱼糕今天困了喵",1779458394,"“我锁门了吗哎我真锁了哈哈哈哈哈哈”"
"","","","","鱼糕今天困了喵",1779458149,"最好是可以拍点"
"","","","","鱼糕今天困了喵",1779458141,"来个人陪我去海边的"
"","","","","鱼糕今天困了喵",1779458032,"立刻就清醒了"
"","","","","鱼糕今天困了喵",1779458027,"我说你出门冻十分钟"
"","","","","鱼糕今天困了喵",1779458021,"同学问我头晕不能集中注意力怎么办"
"","","","","鱼糕今天困了喵",1779457973,"走两步一身汗"
"","","","","鱼糕今天困了喵",1779457955,"笑了 我完全相反 但凡超过24度我就不想出门"
"","","","","鱼糕今天困了喵",1779457900,"我问了"
"","","","","鱼糕今天困了喵",1779457898,"总不能是为了良子吧"
"","","","","鱼糕今天困了喵",1779457782,"公共露出什么的 算了吧"
"","","","","鱼糕今天困了喵",1779457769,"除非房间里没有别人 要不然感觉 怪怪的"
"","","","","鱼糕今天困了喵",1779456536,"天空飘来五个字"
"","","","","鱼糕今天困了喵",1779455860,"你小子 只是想被骂变态吧"
"","","","","鱼糕今天困了喵",1779455835,"9.9批发诺牌勺子"
"","","","","鱼糕今天困了喵",1779455660,"看一集少一集（）"
"","","","","鱼糕今天困了喵",1779455654,"因为吃红色sc了只有录屏的才有了（）"
"","","","","鱼糕今天困了喵",1779455579,"蹲起在我主页"
"","","","","鱼糕今天困了喵",1779455552,"老喜欢这一口了"
"","","","","鱼糕今天困了喵",1779455547,"其实偷偷溜了多少回了"
"","","","","鱼糕今天困了喵",1779455275,"依旧这集要了"
"","","","","鱼糕今天困了喵",1779455268,"依旧永远不存在的切片"
"","","","","鱼糕今天困了喵",1779454939,"只能给一个人发"
"","","","","鱼糕今天困了喵",1779454930,"一天一条"
"","","","","鱼糕今天困了喵",1779454743,"我会从中间竖着撕开算吗"
"","","","","鱼糕今天困了喵",1779454608,"尖尖"
"","","","","鱼糕今天困了喵",1779454484,"我是每一口必须均匀分配那一派"
"","","","","鱼糕今天困了喵",1779454387,"记下来咯"
"","","","","鱼糕今天困了喵",1779454384,"来不及咯"
"","","","","鱼糕今天困了喵",1779454249,"叫妈妈的叉出去"
"","","","","鱼糕今天困了喵",1779454147,"今晚老婆不在 今晚十点 我只能这样联系你了 宝贝"
"","","","","鱼糕今天困了喵",1779454111,"在现场 我是芒果"
"","","","","鱼糕今天困了喵",1779454033,"我喜欢"
"","","","","鱼糕今天困了喵",1779454030,"那就喂我"
"","","","","鱼糕今天困了喵",1779453956,"《我不知道》"
"","","","","鱼糕今天困了喵",1779453372,"我众生行记快打完了"
"","","","","鱼糕今天困了喵",1779453278,"好啊 大大诺好啊"
"","","","","鱼糕今天困了喵",1779453255,"诶怎么是竖屏"
"","","","","鱼糕今天困了喵",1779453243,"美女你谁"
"","","","","鱼糕今天困了喵",1779445133,"？"
"","","","","鱼糕今天困了喵",1779444205,"快2000了"
"","","","","鱼糕今天困了喵",1779444199,"确实多"
"","","","","鱼糕今天困了喵",1779374715,"并非约会"
"","","","","鱼糕今天困了喵",1779374679,"前面看电影去了"
"","","","","鱼糕今天困了喵",1779374673,"骗你的 都没秒回"
"","","","","鱼糕今天困了喵",1779374580,"我不是大家的消息都回的嘛"
"","","","","鱼糕今天困了喵",1779374566,"我怎么欺负你了"
"","","","","鱼糕今天困了喵",1779374511,"哎等下 我回一下消息"
"","","","","鱼糕今天困了喵",1779374442,"骗你的 两只都拿来吧"
"","","","","鱼糕今天困了喵",1779374435,"送我一只"
"","","","","鱼糕今天困了喵",1779374432,"111"
"","","","","鱼糕今天困了喵",1779374354,"仅需添加我的q可以获得预览"
"","","","","鱼糕今天困了喵",1779374310,"还有附赠视频"
"","","","","鱼糕今天困了喵",1779374305,"批发"
"","","","","鱼糕今天困了喵",1779374301,"9.9获得焦糖美照"
"","","","","鱼糕今天困了喵",1779374051,"我求你了"
"","","","","鱼糕今天困了喵",1779374032,"看看看看看看"
"","","","","鱼糕今天困了喵",1779374001,"ns2被我扔在底座里面呢"
"","","","","鱼糕今天困了喵",1779373994,"没有"
"","","","","鱼糕今天困了喵",1779373949,"焦糖 想你了"
"","","","","鱼糕今天困了喵",1779373864,"举办了"
"","","","","鱼糕今天困了喵",1779373844,"？"
"","","","","鱼糕今天困了喵",1779373780,"下一个妹妹更乖"
"","","","","鱼糕今天困了喵",1779373771,"可以"
"","","","","鱼糕今天困了喵",1779373769,"俩人给我忘了"
"","","","","鱼糕今天困了喵",1779373764,"那我呢那我呢那我呢"
"","","","","鱼糕今天困了喵",1779373759,"？"
"","","","","鱼糕今天困了喵",1779373661,"太好听了吧 简直是天籁"
"","","","","鱼糕今天困了喵",1779373650,"？"
"","","","","鱼糕今天困了喵",1779373623,"焦糖还说你这几天也不播呢（）"
"","","","","鱼糕今天困了喵",1779373600,"今天焦糖播吗（）"
"","","","","鱼糕今天困了喵",1779373545,"1"
"","","","","鱼糕今天困了喵",1779373401,"喵"
"","","","","鱼糕今天困了喵",1779372271,"（"
"","","","","鱼糕今天困了喵",1779372265,"别急喵"
"","","","","鱼糕今天困了喵",1779372260,"打完了回你"
"","","","","鱼糕今天困了喵",1779372256,"你先别伤心"
"","","","","鱼糕今天困了喵",1779372186,"没看"
"","","","","鱼糕今天困了喵",1779372184,"我在game"
"","","","","鱼糕今天困了喵",1779372003,"（）"
"","","","","鱼糕今天困了喵",1779372001,"不认识喵 你谁喵"
"","","","","鱼糕今天困了喵",1779371992,"呀 焦糖也在嘛"
"","","","","鱼糕今天困了喵",1779371983,"晚上好喵"
"","","","","鱼糕今天困了喵",1779300370,"哎 迟来的深情"
"","","","","鱼糕今天困了喵",1779300352,"马上我就走了"
"","","","","鱼糕今天困了喵",1779300348,"你还欺负我"
"","","","","鱼糕今天困了喵",1779300342,"最终只有我喂你棒棒糖"
"","","","","鱼糕今天困了喵",1779300332,"你看"
"","","","","鱼糕今天困了喵",1779299828,"你就当他是老人机吧（"
"","","","","鱼糕今天困了喵",1779299819,"还是太年轻了不知道小灵通（）"
"","","","","鱼糕今天困了喵",1779299794,"这是小灵通糕"
"","","","","鱼糕今天困了喵",1779299290,"没事 肯定会有人愿意收留我的"
"","","","","鱼糕今天困了喵",1779299237,"马上我给阿夸拐走"
"","","","","鱼糕今天困了喵",1779299221,"晚安喵"
"","","","","鱼糕今天困了喵",1779299216,"走了喵"
"","","","","鱼糕今天困了喵",1779299194,"不听不听不听"
"","","","","鱼糕今天困了喵",1779299174,"她都不愿意骂我"
"","","","","鱼糕今天困了喵",1779299166,"你看看人家多好"
"","","","","鱼糕今天困了喵",1779299119,"她让你说我（"
"","","","","鱼糕今天困了喵",1779299112,"bur（"
"","","","","鱼糕今天困了喵",1779299045,"求断更"
"","","","","鱼糕今天困了喵",1779298907,"？"
"","","","","鱼糕今天困了喵",1779298895,"？？"
"","","","","鱼糕今天困了喵",1779298892,"？"
"","","","","鱼糕今天困了喵",1779298827,"对面榜一是谁啊"
"","","","","鱼糕今天困了喵",1779298680,"我玩了等于你玩了"
"","","","","鱼糕今天困了喵",1779298673,"焦糖给我买游戏吧"
"","","","","鱼糕今天困了喵",1779298610,"多真诚啊"
"","","","","鱼糕今天困了喵",1779298592,"上舰包不亏的（眨眼眨眼"
"","","","","鱼糕今天困了喵",1779298575,"她平时还陪我们打游戏聊天（眨眼眨眼"
"","","","","鱼糕今天困了喵",1779298565,"骗你的 焦糖可好了（眨眼眨眼"
"","","","","鱼糕今天困了喵",1779298521,"我日子苦啊"
"","","","","鱼糕今天困了喵",1779298514,"还给我拴起来"
"","","","","鱼糕今天困了喵",1779298502,"不给我吃饭"
"","","","","鱼糕今天困了喵",1779298494,"她电我"
"","","","","鱼糕今天困了喵",1779298487,"快跑"
"","","","","鱼糕今天困了喵",1779298397,"听不见听不见听不见"
"","","","","鱼糕今天困了喵",1779298348,"你看 b站都说我是对的"
"","","","","鱼糕今天困了喵",1779298341,"我获得了头衔"
"","","","","鱼糕今天困了喵",1779298293,"全对"
"","","","","鱼糕今天困了喵",1779298290,"草"
"","","","","鱼糕今天困了喵",1779298285,"写了被别的妹妹看见怎么办"
"","","","","鱼糕今天困了喵",1779298257,"[大哭][大哭][大哭][大哭][大哭][大哭]"
"","","","","鱼糕今天困了喵",1779298228,"布丁的嘴 骗人的鬼"
"","","","","鱼糕今天困了喵",1779298171,"坏女人来的"
"","","","","鱼糕今天困了喵",1779298164,"这个焦糖怎么看一个爱一个"
"","","","","鱼糕今天困了喵",1779298083,"我高低得想个办法找人打你"
"","","","","鱼糕今天困了喵",1779298064,"那布丁也只能被分到对面了喵"
"","","","","鱼糕今天困了喵",1779298009,"我要打你"
"","","","","鱼糕今天困了喵",1779298003,"那必须的"
"","","","","鱼糕今天困了喵",1779297950,"听话的小孩才有糖吃（）"
"","","","","鱼糕今天困了喵",1779297915,"下次不要让我在别的妹妹的pk里面见到你喵"
"","","","","鱼糕今天困了喵",1779297871,"你们两个欺负我"
"","","","","鱼糕今天困了喵",1779297864,"哎"
"","","","","鱼糕今天困了喵",1779297861,"没爱了"
"","","","","鱼糕今天困了喵",1779297851,"跟我跟我跟我"
"","","","","鱼糕今天困了喵",1779297830,"给你一脚踹开"
"","","","","鱼糕今天困了喵",1779297826,"她不要跟你贴贴"
"","","","","鱼糕今天困了喵",1779297793,"实话是两个（）"
"","","","","鱼糕今天困了喵",1779297761,"布丁！贴贴喵"
"","","","","鱼糕今天困了喵",1779297753,"想你了喵"
"","","","","鱼糕今天困了喵",1779297749,"布丁！"
"","","","","鱼糕今天困了喵",1779297729,"这可是5年的回首与遥望啊"
"","","","","鱼糕今天困了喵",1779297707,"那我也估计你播不了那么久"
"","","","","鱼糕今天困了喵",1779297693,"40多挺慢的"
"","","","","鱼糕今天困了喵",1779297605,"无敌了"
"","","","","鱼糕今天困了喵",1779297592,"66666"
"","","","","鱼糕今天困了喵",1779297562,"焦糖v我25"
"","","","","鱼糕今天困了喵",1779297556,"v我25我再来一个"
"","","","","鱼糕今天困了喵",1779297546,"不好玩"
"","","","","鱼糕今天困了喵",1779297541,"不对"
"","","","","鱼糕今天困了喵",1779297538,"哎"
"","","","","鱼糕今天困了喵",1779297517,"。"
"","","","","鱼糕今天困了喵",1779297508,"嘲讽弹幕念完了给对面刺激消费了"
"","","","","鱼糕今天困了喵",1779297477,"我笑不出来"
"","","","","鱼糕今天困了喵",1779297468,"我要说起有个人念我情报弹幕给我打哭的故事了"
"","","","","鱼糕今天困了喵",1779297422,"（这条别念。      ）对面没禁音 直播间没人"
"","","","","鱼糕今天困了喵",1779297377,"bro 这个可以打"
"","","","","鱼糕今天困了喵",1779297341,"焦糖这么坏 都跟我去别的妹妹那边吧"
"","","","","鱼糕今天困了喵",1779297323,"哎 你怎么跟纱纱甜蜜双排不找别人喵"
"","","","","鱼糕今天困了喵",1779297214,"给她存着"
"","","","","鱼糕今天困了喵",1779297210,"想她了喵"
"","","","","鱼糕今天困了喵",1779297171,"布丁什么时候播（）"
"","","","","鱼糕今天困了喵",1779297039,"变成黑人了"
"","","","","鱼糕今天困了喵",1779297010,"直播间四个人四百万个心眼子"
"","","","","鱼糕今天困了喵",1779296937,"没余额"
"","","","","鱼糕今天困了喵",1779296834,"就这么打"
"","","","","鱼糕今天困了喵",1779296829,"对咯"
"","","","","鱼糕今天困了喵",1779296795,"我不要（）"
"","","","","鱼糕今天困了喵",1779296729,"建议直接开口要医药费"
"","","","","鱼糕今天困了喵",1779296720,"理想很美好"
"","","","","鱼糕今天困了喵",1779296716,"可以"
"","","","","鱼糕今天困了喵",1779296692,"你听说过大哥有刷完的说法吗"
"","","","","鱼糕今天困了喵",1779296678,"晚安"
"","","","","鱼糕今天困了喵",1779296674,"睡了"
"","","","","鱼糕今天困了喵",1779296666,"站不起来 这个总督提督也在"
"","","","","鱼糕今天困了喵",1779296595,"打啥"
"","","","","鱼糕今天困了喵",1779296592,"还有一个今天新上的"
"","","","","鱼糕今天困了喵",1779296583,"对面有俩总督在线"
"","","","","鱼糕今天困了喵",1779296569,"bur哥们这能打吗"
"","","","","鱼糕今天困了喵",1779296527,"不需要玩galgame喵"
"","","","","鱼糕今天困了喵",1779296463,"你们都不一样"
"","","","","鱼糕今天困了喵",1779296435,"没那么少"
"","","","","鱼糕今天困了喵",1779296430,"不止两条"
"","","","","鱼糕今天困了喵",1779296405,"有妹妹找我聊天喵"
"","","","","鱼糕今天困了喵",1779296392,"并非斯普拉遁"
"","","","","鱼糕今天困了喵",1779296094,"美女你谁"
"","","","","鱼糕今天困了喵",1779295920,"能不能给我看点好的"
"","","","","鱼糕今天困了喵",1779295913,"我谢谢你啊"
"","","","","鱼糕今天困了喵",1779295841,"是不是在外面有别的老婆了才不承认的（捅咕捅咕"
"","","","","鱼糕今天困了喵",1779295687,"要不然就得让他平时开着 要不然就得用一次拆装一次"
"","","","","鱼糕今天困了喵",1779295664,"我知道 我的柜子和桌子全是无边框的（）"
"","","","","鱼糕今天困了喵",1779295617,"不是 是我床头没地方"
"","","","","鱼糕今天困了喵",1779295585,"我买了归买了啊"
"","","","","鱼糕今天困了喵",1779295578,"我摸了半天没地方可以夹的住"
"","","","","鱼糕今天困了喵",1779295567,"没（）"
"","","","","鱼糕今天困了喵",1779295520,"打个两个半小时就眯了"
"","","","","鱼糕今天困了喵",1779295511,"续航不中"
"","","","","鱼糕今天困了喵",1779295508,"高清"
"","","","","鱼糕今天困了喵",1779295505,"丝滑"
"","","","","鱼糕今天困了喵",1779295499,"流畅"
"","","","","鱼糕今天困了喵",1779295495,"好大一台机子"
"","","","","鱼糕今天困了喵",1779295478,"没意思 不奖励我我不来了"
"","","","","鱼糕今天困了喵",1779295441,"地址发来我帮你找"
"","","","","鱼糕今天困了喵",1779295283,"哦哦吼吼吼吼吼吼吼"
"","","","","鱼糕今天困了喵",1779295259,"兄弟兄弟给我看看"
"","","","","鱼糕今天困了喵",1779295254,"你怎么还有第三条腿"
"","","","","鱼糕今天困了喵",1779295244,"一想到后面要我用猎鱼弓和雨伞我就浑身难受"
"","","","","鱼糕今天困了喵",1779295193,"根据不同的难度 通关给buff"
"","","","","鱼糕今天困了喵",1779295182,"约等于是个爬塔肉鸽模式"
"","","","","鱼糕今天困了喵",1779295172,"有的"
"","","","","鱼糕今天困了喵",1779295149,"我在打dlc的秩序篇"
"","","","","鱼糕今天困了喵",1779295127,"射程很近 射速慢 纯靠近距离爆炸伤害"
"","","","","鱼糕今天困了喵",1779295112,"他那个热泡老难用了"
"","","","","鱼糕今天困了喵",1779295094,"打了40分钟终于过了"
"","","","","鱼糕今天困了喵",1779295087,"哎 这个热泡 我服了"
"","","","","鱼糕今天困了喵",1779294130,"我要有人陪我还斯普拉遁？"
"","","","","鱼糕今天困了喵",1779293804,"不卡"
"","","","","鱼糕今天困了喵",1779293259,"那很难了"
"","","","","鱼糕今天困了喵",1779293056,"529（"
"","","","","鱼糕今天困了喵",1779293042,"你猜猜我滨寿司结账多少（）"
"","","","","鱼糕今天困了喵",1779293034,"我也要我也要"
"","","","","鱼糕今天困了喵",1779292932,"几个妹妹一起养不就养的起了"
"","","","","鱼糕今天困了喵",1779292926,"这话说的"
"","","","","鱼糕今天困了喵",1779292862,"我给你看张图"
"","","","","鱼糕今天困了喵",1779292854,"那请我吧"
"","","","","鱼糕今天困了喵",1779292728,"不忍心 所以送我吧"
"","","","","鱼糕今天困了喵",1779292449,"我摸不到他"
"","","","","鱼糕今天困了喵",1779292444,"哦 还有玩狙的"
"","","","","鱼糕今天困了喵",1779292423,"哭了"
"","","","","鱼糕今天困了喵",1779292421,"我用就达不到人 别人给我就一枪"
"","","","","鱼糕今天困了喵",1779292405,"我现在想要请求斯普拉遁把热泡这个武器删了"
"","","","","鱼糕今天困了喵",1779291930,"bur我也不知道端午是什么时候"
"","","","","鱼糕今天困了喵",1779291901,"啥时候来着"
"","","","","鱼糕今天困了喵",1779291820,"我全球可飞"
"","","","","鱼糕今天困了喵",1779291761,"可以约我"
"","","","","鱼糕今天困了喵",1779291118,"斯普拉遁涂击队"
"","","","","鱼糕今天困了喵",1779291112,"7月份上新作你知道吗 外传"
"","","","","鱼糕今天困了喵",1779291097,"我要去斯普拉遁"
"","","","","鱼糕今天困了喵",1779291088,"不开"
"","","","","鱼糕今天困了喵",1779291065,"你要禁用陀螺仪才是正常摇杆模式"
"","","","","鱼糕今天困了喵",1779291020,"我觉得陀螺仪太难了"
"","","","","鱼糕今天困了喵",1779291001,"不开陀螺仪模式只用摇杆就跟别的游戏一样了"
"","","","","鱼糕今天困了喵",1779290951,"不难喵"
"","","","","鱼糕今天困了喵",1779290933,"90小时"
"","","","","鱼糕今天困了喵",1779290930,"甚至没有100"
"","","","","鱼糕今天困了喵",1779290827,"没那么多"
"","","","","鱼糕今天困了喵",1779290821,"100+吧"
"","","","","鱼糕今天困了喵",1779290790,"那个我达人+2了"
"","","","","鱼糕今天困了喵",1779290759,"涂地是休闲 真格是排位这样"
"","","","","鱼糕今天困了喵",1779290728,"真格是C-到S+的段位"
"","","","","鱼糕今天困了喵",1779290680,"真格历史A"
"","","","","鱼糕今天困了喵",1779290673,"单机模式全通+隐藏"
"","","","","鱼糕今天困了喵",1779290658,"111我可以带"
"","","","","鱼糕今天困了喵",1779290623,"那我能捏你的脸吗"
"","","","","鱼糕今天困了喵",1779290614,"吓哭了"
"","","","","鱼糕今天困了喵",1779290612,"？！这么强！？"
"","","","","鱼糕今天困了喵",1779290598,"除非喊我一起打游戏要不然不可能出来了喵"
"","","","","鱼糕今天困了喵",1779290580,"没办法了喵 游戏太有吸引力了喵"
"","","","","鱼糕今天困了喵",1779290524,"那可不行 她不播我看什么"
"","","","","鱼糕今天困了喵",1779290517,"不会是故意把她藏起来不给我看吧"
"","","","","鱼糕今天困了喵",1779290498,"发我"
"","","","","鱼糕今天困了喵",1779290493,"新号是什么"
"","","","","鱼糕今天困了喵",1779290450,"你怎么这么坏 她都同意了"
"","","","","鱼糕今天困了喵",1779290442,"我去 那我怎么办"
"","","","","鱼糕今天困了喵",1779290411,"[大哭][大哭][大哭][大哭]"
"","","","","鱼糕今天困了喵",1779290409,"说好的三个人过好日子 我的那份呢"
"","","","","鱼糕今天困了喵",1779290382,"哎 那我不行 我只能自己点"
"","","","","鱼糕今天困了喵",1779290326,"你怎么知道有别的妹妹送我可爱diy手串"
"","","","","鱼糕今天困了喵",1779290276,"没爱了 找别的妹妹安慰去了"
"","","","","鱼糕今天困了喵",1779290239,"打完一看 哎你怎么下播了"
"","","","","鱼糕今天困了喵",1779290233,"打游戏去了"
"","","","","鱼糕今天困了喵",1779290229,"本来想来的"
"","","","","鱼糕今天困了喵",1779290201,"肉蛋葱鸡！"
"","","","","鱼糕今天困了喵",1779290189,"你有太极 我有重量级"
"","","","","鱼糕今天困了喵",1779290160,"庇护所是我的 物资是我的 都是我的"
"","","","","鱼糕今天困了喵",1779290143,"骗你的 给你框框两拳然后绑起来"
"","","","","鱼糕今天困了喵",1779290125,"一看焦糖这样就知道入口即化 美味啊"
"","","","","鱼糕今天困了喵",1779290093,"宝宝你好香 宝宝水温不烫不痛不痛 宝宝你炖入味了 宝宝你好好吃 好吃好吃好吃好吃"
"","","","","鱼糕今天困了喵",1779290054,"我给你一块一块拼起来"
"","","","","鱼糕今天困了喵",1779290016,"哎 那你现在给我发 我肯定能回"
"","","","","鱼糕今天困了喵",1779289972,"我怎么没看见"
"","","","","鱼糕今天困了喵",1779289962,"？你发消息了吗"
"","","","","鱼糕今天困了喵",1779289928,"焦糖几斤[doge2]"
"","","","","鱼糕今天困了喵",1779289877,"走了喵（威胁"
"","","","","鱼糕今天困了喵",1779289872,"那没关系喵 有别的妹妹陪喵"
"","","","","鱼糕今天困了喵",1779289851,"虫子nonono"
"","","","","鱼糕今天困了喵",1779289846,"不要"
"","","","","鱼糕今天困了喵",1779289771,"那我切tv模式你不炸了吗"
"","","","","鱼糕今天困了喵",1779289750,"没打完其实 没电了"
"","","","","鱼糕今天困了喵",1779289292,"得按人肤色测 要不然闪光+白色测光就没办法了喵"
"","","","","鱼糕今天困了喵",1779288463,"本地1 联机2-4"
"","","","","鱼糕今天困了喵",1779288453,"涂击队有多人"
"","","","","鱼糕今天困了喵",1779288395,"我要去购入喷喷涂击队"
"","","","","鱼糕今天困了喵",1779288357,"哎 你怎么知道我有ns2"
"","","","","鱼糕今天困了喵",1779288343,"一到说话就卡的死死的喵"
"","","","","鱼糕今天困了喵",1779288263,"今年跟n2碰一碰"
"","","","","鱼糕今天困了喵",1779288243,"私日本语本当下手 勉强希望 激难"
"","","","","鱼糕今天困了喵",1779287838,"如开"
"","","","","鱼糕今天困了喵",1779287653,"那我走吧 看看焦糖能哭多久"
"","","","","鱼糕今天困了喵",1779287591,"要是有十几张就印象深刻了喵"
"","","","","鱼糕今天困了喵",1779287581,"说不定看个四五张图我就能看清楚了喵"
"","","","","鱼糕今天困了喵",1779287562,"来点图片我仔细看看喵"
"","","","","鱼糕今天困了喵",1779287554,"焦糖嘛 看不太清楚喵"
"","","","","鱼糕今天困了喵",1779287509,"它也很可爱 很合理吧"
"","","","","鱼糕今天困了喵",1779287483,"想ns2了喵"
"","","","","鱼糕今天困了喵",1779287455,"看不清啊 有图吗"
"","","","","鱼糕今天困了喵",1779287437,"骗你的 来了我也不一定说话"
"","","","","鱼糕今天困了喵",1779287423,"笑了 不止打了一把"
"","","","","鱼糕今天困了喵",1779287417,"美女你谁"
"","","","","鱼糕今天困了喵",1779287379,"[dog]"
"","","","","鱼糕今天困了喵",1779287365,"全是长发男是对的啊"
"","","","","鱼糕今天困了喵",1779287326,"我可以去看别的妹妹吗"
"","","","","鱼糕今天困了喵",1779287248,"我无条件支持诺"
"","","","","鱼糕今天困了喵",1779287190,"我为自己带盐"
"","","","","鱼糕今天困了喵",1779287181,"我支持乳酪"
"","","","","鱼糕今天困了喵",1779287143,"美女你谁"
"","","","","鱼糕今天困了喵",1779287052,"我最喜欢的多伦多话是屁股"
"","","","","鱼糕今天困了喵",1779287044,"6个7我的话哥们"
"","","","","鱼糕今天困了喵",1779287035,"我是卷头daz"
"","","","","鱼糕今天困了喵",1779287002,"我是神秘长卷毛"
"","","","","鱼糕今天困了喵",1779286992,"是的"
"","","","","鱼糕今天困了喵",1779286967,"wwww"
"","","","","鱼糕今天困了喵",1779286956,"传下去 诺说我在她脑子里有专属小位置"
"","","","","鱼糕今天困了喵",1779286905,"难绷x10086"
"","","","","鱼糕今天困了喵",1779286896,"笑死了我在那边望了半天最后是诺找到的我"
"","","","","鱼糕今天困了喵",1779286816,"周围的诺球球看着诺将军爆发了巨大的掌声"
"","","","","鱼糕今天困了喵",1779286801,"然后把手上的道具丢上去 把卫星打了下来"
"","","","","鱼糕今天困了喵",1779286789,"雨诺指着天上的卫星 说 这是坏东西"
"","","","","鱼糕今天困了喵",1779286504,"诺球球猫窝"
"","","","","鱼糕今天困了喵",1779286380,"厕纸也来了"
"","","","","鱼糕今天困了喵",1779285151,"不抽盲盒"
"","","","","鱼糕今天困了喵",1779285146,"不听不听"
"","","","","鱼糕今天困了喵",1779285139,"我这两天都是直接玩到没电 然后充满 接着玩循环的"
"","","","","鱼糕今天困了喵",1779285108,"好好 那我去再来一把斯普拉遁（"
"","","","","鱼糕今天困了喵",1779285089,"焦糖今天播到几点"
"","","","","鱼糕今天困了喵",1779285063,"（）"
"","","","","乳酪酪酪酪酪酪酪",1779285045,"哎 不是 等我改回来"
"","","","","乳酪酪酪酪酪酪酪",1779285030,"美女你谁"
"","","","","乳酪酪酪酪酪酪酪",1779278936,"不对 我是狗咖的"
"","","","","乳酪酪酪酪酪酪酪",1779278928,"我要当猫咖头牌"
"","","","","乳酪酪酪酪酪酪酪",1779278921,"我也要跟在她后面"
"","","","","乳酪酪酪酪酪酪酪",1779278795,"挠挠挠挠挠"
"","","","","乳酪酪酪酪酪酪酪",1779278790,"喜欢汪！"
"","","","","乳酪酪酪酪酪酪酪",1779278786,"汪！"
"","","","","乳酪酪酪酪酪酪酪",1779278230,"汪！在听汪！乳酪如是说道汪！"
"","","","","乳酪酪酪酪酪酪酪",1779278191,"还是诺好汪"
"","","","","乳酪酪酪酪酪酪酪",1779278184,"鱼糕是谁汪 坏人类汪"
"","","","","雨诺的狗",1779277937,"呜呜呜原来还有别的狗吗 不要我了吗汪"
"","","","","雨诺的狗",1779277896,"一直都只有我一只汪！"
"","","","","雨诺的狗",1779277882,"呜呜呜呜嗷！汪！"
"","","","","雨诺的狗",1779277872,"我才是诺狗 你是谁"
"","","","","雨诺的狗",1779277856,"喵喵汪"
"","","","","雨诺的狗",1779277848,"喵喵！"
"","","","","雨诺的狗",1779277845,"喵！"
"","","","","雨诺的狗",1779277714,"咪咪喵喵的就过来了"
"","","","","鱼糕今天困了喵",1779277470,"趁我睡觉给了我一尾巴"
"","","","","鱼糕今天困了喵",1779277458,"上次哈了我两下"
"","","","","鱼糕今天困了喵",1779277450,"*对于"
"","","","","鱼糕今天困了喵",1779277444,"我家小猫所以我摸楼下超市的猫很不乐意"
"","","","","鱼糕今天困了喵",1779277173,"多少？"
"","","","","鱼糕今天困了喵",1779276740,"（有人看过这个吗"
"","","","","鱼糕今天困了喵",1779276734,"气息的support（）"
"","","","","鱼糕今天困了喵",1779276660,"感觉有点不一样了"
"","","","","鱼糕今天困了喵",1779276259,"就要感情就要感情"
"","","","","鱼糕今天困了喵",1779275987,"热干面吧"
"","","","","鱼糕今天困了喵",1779275952,"我去 我给诺上课 真的假的"
"","","","","鱼糕今天困了喵",1779275938,"快进到老师是诺球球"
"","","","","鱼糕今天困了喵",1779275691,"111"
"","","","","鱼糕今天困了喵",1779275550,"（我绝对不是为了收集10张照片）"
"","","","","鱼糕今天困了喵",1779275538,"111拍立得代印"
"","","","","鱼糕今天困了喵",1779275468,"点我呢"
"","","","","鱼糕今天困了喵",1779275173,"有气球飞起来 是那个视见小鼠"
"","","","","鱼糕今天困了喵",1779275111,"这个有动画"
"","","","","鱼糕今天困了喵",1779110678,"我看她没播呢"
"","","","","鱼糕今天困了喵",1779027344,"如何找到诺这样的npy吗 天才主题"
"","","","","鱼糕今天困了喵",1779027226,"如何复制诺"
"","","","","鱼糕今天困了喵",1779027220,"如何绑走诺"
"","","","","鱼糕今天困了喵",1779026978,"不看诺感觉少了什么了怎么办"
"","","","","鱼糕今天困了喵",1779026968,"sukisuki"
"","","","","鱼糕今天困了喵",1779026965,"没有人会不喜欢"
"","","","","鱼糕今天困了喵",1779026960,"对的 我承认"
"","","","","鱼糕今天困了喵",1779024616,"111全加拿大后勤摄影可飞（这是广告"
"","","","","鱼糕今天困了喵",1779024601,"传下去 她嫌弃提督业务能力不行"
"","","","","鱼糕今天困了喵",1779024236,"加200！"
"","","","","鱼糕今天困了喵",1779023055,"洗完发你看（）"
"","","","","鱼糕今天困了喵",1779022945,"群里有图喵"
"","","","","鱼糕今天困了喵",1779022915,"卧室就是暗房喵"
"","","","","鱼糕今天困了喵",1779022843,"超级可爱"
"","","","","鱼糕今天困了喵",1779022789,"美女你谁"
"","","","","鱼糕今天困了喵",1778950579,"眯"
"","","","","鱼糕今天困了喵",1778950568,"有点困了"
"","","","","鱼糕今天困了喵",1778950471,"666还有人口饭麦"
"","","","","鱼糕今天困了喵",1778950459,"接碎片是吗"
"","","","","鱼糕今天困了喵",1778950436,"这个可以111地址在哪里[doge2]"
"","","","","鱼糕今天困了喵",1778950396,"我给盲盒框框两拳"
"","","","","鱼糕今天困了喵",1778950382,"不好玩"
"","","","","鱼糕今天困了喵",1778950328,"进黑名单了喵"
"","","","","鱼糕今天困了喵",1778950319,"消失了喵"
"","","","","鱼糕今天困了喵",1778950315,"再见了喵"
"","","","","鱼糕今天困了喵",1778950299,"哎 拉黑了"
"","","","","鱼糕今天困了喵",1778950295,"不行"
"","","","","鱼糕今天困了喵",1778950283,"还有这种好事"
"","","","","鱼糕今天困了喵",1778950229,"我超级生气暴怒"
"","","","","鱼糕今天困了喵",1778950189,"听不见听不见听不见"
"","","","","鱼糕今天困了喵",1778950172,"我换个人吧"
"","","","","鱼糕今天困了喵",1778950156,"我要气昏了"
"","","","","鱼糕今天困了喵",1778950145,"。"
"","","","","鱼糕今天困了喵",1778950140,"？？？？？"
"","","","","鱼糕今天困了喵",1778950137,"？"
"","","","","鱼糕今天困了喵",1778948427,"没得喷我带个耳机差点觉得活到头了"
"","","","","鱼糕今天困了喵",1778948397,"退订"
"","","","","鱼糕今天困了喵",1778948385,"我要删除自己"
"","","","","鱼糕今天困了喵",1778948382,"我宣布我要把自己从这个直播间丢出去"
"","","","","鱼糕今天困了喵",1778948316,"0000000000"
"","","","","鱼糕今天困了喵",1778948278,"0000000000000000000"
"","","","","鱼糕今天困了喵",1778948221,"我真要找人弄你了"
"","","","","鱼糕今天困了喵",1778948026,"TD"
"","","","","鱼糕今天困了喵",1778947992,"我要变身主播"
"","","","","鱼糕今天困了喵",1778947983,"想不想看我夺取焦糖直播间"
"","","","","鱼糕今天困了喵",1778947935,"我要去焯水"
"","","","","鱼糕今天困了喵",1778947908,"给你种地里面"
"","","","","鱼糕今天困了喵",1778947893,"宝可梦来了"
"","","","","鱼糕今天困了喵",1778947872,"想必是因为_____"
"","","","","鱼糕今天困了喵",1778947864,"怎么跟啥子一样说是"
"","","","","鱼糕今天困了喵",1778947705,"别问 直接截"
"","","","","鱼糕今天困了喵",1778947666,"你谁啊 不认识了 取关了"
"","","","","鱼糕今天困了喵",1778947534,"美丽又在哪里"
"","","","","鱼糕今天困了喵",1778947500,"不谢"
"","","","","鱼糕今天困了喵",1778947496,"我给你截屏了"
"","","","","鱼糕今天困了喵",1778947472,"吓哭了喵"
"","","","","鱼糕今天困了喵",1778947464,"走了 晚安喵"
"","","","","鱼糕今天困了喵",1778947460,"？"
"","","","","鱼糕今天困了喵",1778947349,"看过了"
"","","","","鱼糕今天困了喵",1778947342,"致敬传奇一十得十"
"","","","","鱼糕今天困了喵",1778947301,"这样 我给你10块 你给我俩25-19行吗"
"","","","","鱼糕今天困了喵",1778947282,"神级数学来了"
"","","","","鱼糕今天困了喵",1778947234,"想赢的人脸上是没有笑容的"
"","","","","鱼糕今天困了喵",1778947218,"190x2"
"","","","","鱼糕今天困了喵",1778947173,"啥了我吧"
"","","","","鱼糕今天困了喵",1778947161,"。"
"","","","","鱼糕今天困了喵",1778947129,"《心跳曲线》"
"","","","","鱼糕今天困了喵",1778947093,"。"
"","","","","鱼糕今天困了喵",1778947078,"没爱了是吗"
"","","","","鱼糕今天困了喵",1778947073,"哎"
"","","","","鱼糕今天困了喵",1778946709,"痛！！"
"","","","","鱼糕今天困了喵",1778946699,"4w？"
"","","","","鱼糕今天困了喵",1778946693,"多少？？"
"","","","","鱼糕今天困了喵",1778946252,"这么早 那我看谁（没有（我错了"
"","","","","鱼糕今天困了喵",1778946044,"听完睡着了"
"","","","","鱼糕今天困了喵",1778946031,"？"
"","","","","鱼糕今天困了喵",1778945890,"晚上好喵"
"","","","","鱼糕今天困了喵",1778945770,"哪个老婆"
"","","","","鱼糕今天困了喵",1778945728,"costco"
"","","","","鱼糕今天困了喵",1778945706,"去逛超市喵"
"","","","","鱼糕今天困了喵",1778945691,"没有别的妹妹"
"","","","","鱼糕今天困了喵",1778945532,"骗你的 今天没有别的妹妹"
"","","","","鱼糕今天困了喵",1778945422,"你怎么可以不同意我过去呢（）"
"","","","","鱼糕今天困了喵",1778945412,"哎 别的妹妹都同意我过来了 对吧"
"","","","","鱼糕今天困了喵",1778945379,"全对"
"","","","","鱼糕今天困了喵",1778945308,"干嘛"
"","","","","鱼糕今天困了喵",1778945284,"我"
"","","","","鱼糕今天困了喵",1778944928,"申请观看别的妹妹"
"","","","","鱼糕今天困了喵",1778944334,"看不见看不见"
"","","","","鱼糕今天困了喵",1778944307,"巧了 我没有看到城堡"
"","","","","鱼糕今天困了喵",1778944088,"那看你认识的妹妹吧 我看等于你看了"
"","","","","鱼糕今天困了喵",1778944034,"太好了看别的妹妹去了（？"
"","","","","鱼糕今天困了喵",1778943575,"巧了吗这不 我在pokopia"
"","","","","鱼糕今天困了喵",1778943552,"美女你谁"
"","","","","鱼糕今天困了喵",1778860347,"走了喵 晚安喵"
"","","","","鱼糕今天困了喵",1778859417,"妈妈妈妈妈妈（？）"
"","","","","鱼糕今天困了喵",1778853988,"我启动了 但是加不进来"
"","","","","鱼糕今天困了喵",1778853886,"力竭了 steam云文档在这边来回转"
"","","","","鱼糕今天困了喵",1778853740,"刚刚更新完就睡着了"
"","","","","鱼糕今天困了喵",1778853698,"uu一个月30"
"","","","","鱼糕今天困了喵",1778853687,"雷神很便宜了"
"","","","","鱼糕今天困了喵",1778852874,"我重开"
"","","","","鱼糕今天困了喵",1778852870,"夸张 我的游戏也崩了"
"","","","","鱼糕今天困了喵",1778852835,"找别的妹妹去咯（假的"
"","","","","鱼糕今天困了喵",1778852737,"乐"
"","","","","鱼糕今天困了喵",1778852497,"。"
"","","","","鱼糕今天困了喵",1778851440,"美女你谁"
"","","","","鱼糕今天困了喵",1778772563,"那我真消失咯"
"","","","","鱼糕今天困了喵",1778772502,"走了走了"
"","","","","鱼糕今天困了喵",1778772493,"哎 你看别人家妹妹 都是主动喊聊天的"
"","","","","鱼糕今天困了喵",1778772423,"姐妹怎么把我们排除在外"
"","","","","鱼糕今天困了喵",1778772409,"我可以是女孩子的"
"","","","","鱼糕今天困了喵",1778772375,"请求直播"
"","","","","鱼糕今天困了喵",1778772363,"可以的 这样就是五人组了"
"","","","","鱼糕今天困了喵",1778772330,"？"
"","","","","鱼糕今天困了喵",1778772248,"666还有钓鱼执法"
"","","","","鱼糕今天困了喵",1778772194,"要干什么 怕怕喵（不怕喵"
"","","","","鱼糕今天困了喵",1778772142,"这样吧 给我关起来 然后你去打螺丝 就解决了"
"","","","","鱼糕今天困了喵",1778772067,"你就不怕我打螺丝路上又看别的妹妹"
"","","","","鱼糕今天困了喵",1778771954,"没事 我就这样坐在大街上举着空的咖啡杯看着每一个路人"
"","","","","鱼糕今天困了喵",1778771904,"还是我的-11000的信用卡"
"","","","","鱼糕今天困了喵",1778771896,"你是说我的-1700的花呗"
"","","","","鱼糕今天困了喵",1778771853,"你看 一个人痛总比两个人痛好吧"
"","","","","鱼糕今天困了喵",1778771840,"这样吧 你把钱包里面的东西给我 我就不痛了"
"","","","","鱼糕今天困了喵",1778771793,"钱包说他很痛"
"","","","","鱼糕今天困了喵",1778771782,"我又购入了一批胶卷相纸"
"","","","","鱼糕今天困了喵",1778771096,"有"
"","","","","鱼糕今天困了喵",1778771069,"夏天了 房间里面不允许有蚊子"
"","","","","鱼糕今天困了喵",1778770665,"我不行了你们小两口就这样欺负我的耳朵"
"","","","","鱼糕今天困了喵",1778770642,"焦糖你管管她"
"","","","","鱼糕今天困了喵",1778770635,"？？？"
"","","","","鱼糕今天困了喵",1778770388,"来个人管管她"
"","","","","鱼糕今天困了喵",1778770250,"关了吧"
"","","","","鱼糕今天困了喵",1778770240,"我求你了"
"","","","","鱼糕今天困了喵",1778770096,"我戴着耳机吓飞了"
"","","","","鱼糕今天困了喵",1778770086,"？"
"","","","","鱼糕今天困了喵",1778770017,"自己的碗就不喝"
"","","","","鱼糕今天困了喵",1778770010,"我家猫会从我杯子里面喝水"
"","","","","鱼糕今天困了喵",1778769838,"她在纠结色号"
"","","","","鱼糕今天困了喵",1778769812,"哦？这么强？！"
"","","","","鱼糕今天困了喵",1778769771,"你去找焦糖住"
"","","","","鱼糕今天困了喵",1778769697,"我是学生 送我"
"","","","","鱼糕今天困了喵",1778769480,"呼噜呼噜"
"","","","","鱼糕今天困了喵",1778769225,"羡慕猫猫"
"","","","","鱼糕今天困了喵",1778769019,"我看到了 我在思考"
"","","","","鱼糕今天困了喵",1778768882,"布丁你不要跟焦糖学坏了"
"","","","","鱼糕今天困了喵",1778768808,"还是不相信我了"
"","","","","鱼糕今天困了喵",1778768792,"什么叫对多少妹妹说过"
"","","","","鱼糕今天困了喵",1778768469,"戴了好看的你要控制地球吗"
"","","","","鱼糕今天困了喵",1778768460,"不好看的都那么好看"
"","","","","鱼糕今天困了喵",1778768298,"你怎么还在看美瞳"
"","","","","鱼糕今天困了喵",1778768241,"这两个关系可以一起存在的"
"","","","","鱼糕今天困了喵",1778768231,"不影响"
"","","","","鱼糕今天困了喵",1778768189,"我来找你"
"","","","","鱼糕今天困了喵",1778768164,"焦糖怎么偷偷回来看布丁"
"","","","","鱼糕今天困了喵",1778766929,"没抢的会退回给我"
"","","","","鱼糕今天困了喵",1778766859,"哇还有黄油"
"","","","","鱼糕今天困了喵",1778766664,"也可以"
"","","","","鱼糕今天困了喵",1778766638,"还有这种好事"
"","","","","鱼糕今天困了喵",1778766624,"我也没意见"
"","","","","鱼糕今天困了喵",1778766312,"人机是这样的"
"","","","","鱼糕今天困了喵",1778766304,"难绷"
"","","","","鱼糕今天困了喵",1778766098,"top10有推流 一点点"
"","","","","鱼糕今天困了喵",1778766012,"还在奖励我"
"","","","","鱼糕今天困了喵",1778765963,"我不重要的你去找布丁就好"
"","","","","鱼糕今天困了喵",1778765950,"没事的 我会在桥洞下面 等别的妹妹来找到我 然后把我带走的"
"","","","","鱼糕今天困了喵",1778765851,"是其中之一喵"
"","","","","鱼糕今天困了喵",1778765845,"错了喵"
"","","","","鱼糕今天困了喵",1778765807,"那我思考一下（傲娇"
"","","","","鱼糕今天困了喵",1778765776,"152个牌子 真看的可能只有三四个"
"","","","","鱼糕今天困了喵",1778765708,"也没那么少 好多人可能就一个灯牌就没看了"
"","","","","鱼糕今天困了喵",1778765633,"没那么低"
"","","","","鱼糕今天困了喵",1778765625,"不能说不能说 说了要被打了"
"","","","","鱼糕今天困了喵",1778765574,"我保密"
"","","","","鱼糕今天困了喵",1778765529,"新牌子不好玩"
"","","","","鱼糕今天困了喵",1778765440,"我学习什么"
"","","","","鱼糕今天困了喵",1778765336,"以前星球随便点的"
"","","","","鱼糕今天困了喵",1778765320,"3w电池"
"","","","","鱼糕今天困了喵",1778765239,"蹲qq里面吗"
"","","","","鱼糕今天困了喵",1778765224,"你在这边我不蹲这边蹲哪里"
"","","","","鱼糕今天困了喵",1778765179,"我就蹲这边"
"","","","","鱼糕今天困了喵",1778765162,"可以 那我不走了"
"","","","","鱼糕今天困了喵",1778765120,"征婚 自带ns2/steam随便玩"
"","","","","鱼糕今天困了喵",1778765100,"你看 她完全不留我的"
"","","","","鱼糕今天困了喵",1778765046,"留了吗（）真留了吗（）"
"","","","","鱼糕今天困了喵",1778764994,"我很老实的"
"","","","","鱼糕今天困了喵",1778764991,"不会的"
"","","","","鱼糕今天困了喵",1778764813,"三个人过好日子比什么都重要"
"","","","","鱼糕今天困了喵",1778764800,"这是好事啊"
"","","","","鱼糕今天困了喵",1778764744,"勉为其难暂时忘记你欺负我的事情一下吧"
"","","","","鱼糕今天困了喵",1778764721,"那我要看"
"","","","","鱼糕今天困了喵",1778764659,"[大哭][大哭][大哭]"
"","","","","鱼糕今天困了喵",1778764656,"马上后面就只发给别人 再后面就得把我忘了"
"","","","","鱼糕今天困了喵",1778764634,"呜呜呜你变了 前两天还说想当第一名 今天连图都不给看了"
"","","","","鱼糕今天困了喵",1778764578,"别的妹妹都是直接发图问我好看不好看的"
"","","","","鱼糕今天困了喵",1778764548,"要看"
"","","","","鱼糕今天困了喵",1778764446,"那快打完了"
"","","","","鱼糕今天困了喵",1778764404,"我可以烧起来（？）"
"","","","","鱼糕今天困了喵",1778764360,"我是火爆辣椒"
"","","","","鱼糕今天困了喵",1778764303,"hhhhh"
"","","","","鱼糕今天困了喵",1778764277,"让我求你吗 还在奖励我"
"","","","","鱼糕今天困了喵",1778764230,"怎么不爱呢 爱的有点多"
"","","","","鱼糕今天困了喵",1778764209,"草"
"","","","","鱼糕今天困了喵",1778764194,"我是全自动闯祸机"
"","","","","鱼糕今天困了喵",1778764162,"听起来好得很啊"
"","","","","鱼糕今天困了喵",1778764153,"可以"
"","","","","鱼糕今天困了喵",1778764115,"捕捉"
"","","","","鱼糕今天困了喵",1778764110,"我就知道焦糖在这边喵"
"","","","","鱼糕今天困了喵",1778691655,"呜呜布丁 这个焦糖凶我"
"","","","","鱼糕今天困了喵",1778691609,"我不就100来个牌子嘛"
"","","","","鱼糕今天困了喵",1778691534,"不敢看喵"
"","","","","鱼糕今天困了喵",1778691471,"咳咳 催眠嘛喵"
"","","","","鱼糕今天困了喵",1778691433,"我说我听着催眠你信吗"
"","","","","鱼糕今天困了喵",1778691339,"吱吱喵喵"
"","","","","鱼糕今天困了喵",1778690865,"哎不对不是这边喵"
"","","","","鱼糕今天困了喵",1778690858,"衣柜发我看看我帮你选"
"","","","","鱼糕今天困了喵",1778690819,"要昏过去了"
"","","","","鱼糕今天困了喵",1778690814,"不中 真困了"
"","","","","鱼糕今天困了喵",1778690780,"不信"
"","","","","鱼糕今天困了喵",1778690646,"被她赶走了喵"
"","","","","鱼糕今天困了喵",1778690520,"我会自己在桥洞底下找别人吃剩的盒饭"
"","","","","鱼糕今天困了喵",1778690504,"不回来吃饭了喵"
"","","","","鱼糕今天困了喵",1778690399,"呜呜呜怎么还叫别人的名字"
"","","","","鱼糕今天困了喵",1778690371,"她好凶 呜呜"
"","","","","鱼糕今天困了喵",1778690269,"好凶 别的妹妹都是让我好好休息再来看她们的"
"","","","","鱼糕今天困了喵",1778690205,"真困了 睡觉去了喵"
"","","","","鱼糕今天困了喵",1778690121,"这个可以（）"
"","","","","鱼糕今天困了喵",1778690111,"伤心了 找个妹妹安慰我一下"
"","","","","鱼糕今天困了喵",1778690080,"[热][热][热][热]"
"","","","","鱼糕今天困了喵",1778690046,"？？？？？"
"","","","","鱼糕今天困了喵",1778689989,"焦糖被我骗了"
"","","","","鱼糕今天困了喵",1778689960,"哎 这个真可以 我去提个要求"
"","","","","鱼糕今天困了喵",1778689930,"我什么都看可以吗"
"","","","","鱼糕今天困了喵",1778689923,"有的"
"","","","","鱼糕今天困了喵",1778689838,"死库水"
"","","","","鱼糕今天困了喵",1778689681,"没办法了 别的妹妹更乖了"
"","","","","鱼糕今天困了喵",1778689480,"5位数就 有点太高了"
"","","","","鱼糕今天困了喵",1778689460,"对"
"","","","","鱼糕今天困了喵",1778689409,"二手的 日拍的"
"","","","","鱼糕今天困了喵",1778689360,"贩子无敌了"
"","","","","鱼糕今天困了喵",1778689352,"没"
"","","","","鱼糕今天困了喵",1778689315,"我买的很早 价格都没得参考了"
"","","","","鱼糕今天困了喵",1778689294,"1000-1500"
"","","","","鱼糕今天困了喵",1778689225,"对 新大三"
"","","","","鱼糕今天困了喵",1778689148,"我去看一下"
"","","","","鱼糕今天困了喵",1778689141,"讲道理不是很沉得下心玩老游戏"
"","","","","鱼糕今天困了喵",1778689125,"我的好像是新大三"
"","","","","鱼糕今天困了喵",1778688813,"我会给他一巴掌"
"","","","","鱼糕今天困了喵",1778688668,"困了"
"","","","","鱼糕今天困了喵",1778688616,"奖励你发配宁古塔1年"
"","","","","鱼糕今天困了喵",1778688608,"小菜不能当主菜吃啊"
"","","","","鱼糕今天困了喵",1778688561,"我上学真是跟疯了一样"
"","","","","鱼糕今天困了喵",1778688547,"何意味啊"
"","","","","鱼糕今天困了喵",1778688515,"拉黑了喵"
"","","","","鱼糕今天困了喵",1778688392,"吱吱喵喵"
"","","","","鱼糕今天困了喵",1778688362,"吱"
"","","","","鱼糕今天困了喵",1778688297,"111后期教学"
"","","","","鱼糕今天困了喵",1778688249,"600张像素蛋糕免费用"
"","","","","鱼糕今天困了喵",1778688218,"111代p图"
"","","","","鱼糕今天困了喵",1778688195,"电棍充满了"
"","","","","鱼糕今天困了喵",1778688181,"不要让我知道你家地址好吗（）"
"","","","","鱼糕今天困了喵",1778688147,"你多久返的"
"","","","","鱼糕今天困了喵",1778688046,"喵"
"","","","","鱼糕今天困了喵",1778687767,"送我"
"","","","","鱼糕今天困了喵",1778687393,"5个月左右"
"","","","","鱼糕今天困了喵",1778687089,"可能会鬼叫（？）"
"","","","","鱼糕今天困了喵",1778687081,"我都可以玩"
"","","","","鱼糕今天困了喵",1778686917,"不会"
"","","","","鱼糕今天困了喵",1778686872,"我不行了 笑死了"
"","","","","鱼糕今天困了喵",1778686851,"伤心了 还是那个妹妹对我好[大哭][大哭][大哭]"
"","","","","鱼糕今天困了喵",1778686827,"我是长头发"
"","","","","鱼糕今天困了喵",1778686804,"那时间很长了"
"","","","","鱼糕今天困了喵",1778686766,"对的"
"","","","","鱼糕今天困了喵",1778686682,"“摄影就算了”"
"","","","","鱼糕今天困了喵",1778686652,"0个人约过我"
"","","","","鱼糕今天困了喵",1778686646,"1个人去"
"","","","","鱼糕今天困了喵",1778686540,"《摄影就算了》"
"","","","","鱼糕今天困了喵",1778686388,"吓哭了"
"","","","","鱼糕今天困了喵",1778686373,"好多人啊"
"","","","","鱼糕今天困了喵",1778686367,"？"
"","","","","鱼糕今天困了喵",1778685561,"3*** ****** ****5 （中间数字需要砍一刀解锁）"
"","","","","鱼糕今天困了喵",1778685471,"要是有密码就更好了喵"
"","","","","鱼糕今天困了喵",1778685463,"想要焦糖的卡号"
"","","","","鱼糕今天困了喵",1778685363,"我要退款[doge2]"
"","","","","鱼糕今天困了喵",1778685327,"5<18"
"","","","","鱼糕今天困了喵",1778685300,"骗你的 拍胶片没米了我就说我5岁喵"
"","","","","鱼糕今天困了喵",1778685254,"什么时候百大"
"","","","","鱼糕今天困了喵",1778684943,"没事 防水喵"
"","","","","鱼糕今天困了喵",1778684920,"会"
"","","","","鱼糕今天困了喵",1778684842,"鱼糕对你发出了焯水排位邀请 房间号crazythursdayvme50"
"","","","","鱼糕今天困了喵",1778684724,"我去 那不得不上了"
"","","","","鱼糕今天困了喵",1778684711,"主播主播看看焯水（？"
"","","","","鱼糕今天困了喵",1778684681,"你看 我就说焦糖作为食材很合适吧"
"","","","","鱼糕今天困了喵",1778684650,"我去洗个澡再回来喵"
"","","","","鱼糕今天困了喵",1778684594,"饿了吗 吃点吧 吃点没事的"
"","","","","鱼糕今天困了喵",1778684561,"我宣布我今晚吃了蛋黄鸡翅芥末虾球臭豆腐肥肠大煮干丝菊花叶蛋汤炸豆腐"
"","","","","鱼糕今天困了喵",1778684507,"焦糖刺身就是好吃啊"
"","","","","鱼糕今天困了喵",1778684482,"在现场 我是猫"
"","","","","鱼糕今天困了喵",1778684428,"鱼糕今天没有什么"
"","","","","鱼糕今天困了喵",1778684365,"那你喊我 我给你一天拍20组"
"","","","","鱼糕今天困了喵",1778684351,"我工作效率很高的（难说）"
"","","","","鱼糕今天困了喵",1778684342,"p完了"
"","","","","鱼糕今天困了喵",1778684312,"这是焦糖邀请的 不能怪我喵"
"","","","","鱼糕今天困了喵",1778684302,"这可不是我主动去看别的妹妹的啊"
"","","","","鱼糕今天困了喵",1778684276,"没"
"","","","","鱼糕今天困了喵",1778684246,"哦吼吼吼"
"","","","","鱼糕今天困了喵",1778684224,"那我地址给你 你来线下真实我"
"","","","","鱼糕今天困了喵",1778684185,"焦糖后背在线发牌"
"","","","","鱼糕今天困了喵",1778684142,"没这么舒适"
"","","","","鱼糕今天困了喵",1778684113,"我亲自拿麻袋送来"
"","","","","鱼糕今天困了喵",1778684102,"可以 地址发来"
"","","","","鱼糕今天困了喵",1778684018,"我太坏了 我给她关起来的"
"","","","","鱼糕今天困了喵",1778683994,"有什么变化"
"","","","","鱼糕今天困了喵",1778683987,"[热][热]劲呐"
"","","","","鱼糕今天困了喵",1778683945,"我是猫 我咬的"
"","","","","鱼糕今天困了喵",1778683918,"没办法喵 刚刚看别的妹妹去了喵（）"
"","","","","鱼糕今天困了喵",1778683899,"美女你谁"
"","","","","鱼糕今天困了喵",1778683694,"春となり　あたらよ"
"","","","","鱼糕今天困了喵",1778683563,"凑整"
"","","","","鱼糕今天困了喵",1778683199,"全对"
"","","","","鱼糕今天困了喵",1778683181,"我已发图"
"","","","","鱼糕今天困了喵",1778683169,"没事 截到了"
"","","","","鱼糕今天困了喵",1778683087,"这回看懂了"
"","","","","鱼糕今天困了喵",1778683083,"笑死了"
"","","","","鱼糕今天困了喵",1778683054,"凑整"
"","","","","鱼糕今天困了喵",1778682995,"诺米纸 诺米味 诺咪团子🍡"
"","","","","鱼糕今天困了喵",1778682949,"很香啊 有糯米的味道（？（一点点吧"
"","","","","鱼糕今天困了喵",1778682913,"我怎么变成鱼缸了"
"","","","","鱼糕今天困了喵",1778682902,"很馋了"
"","","","","鱼糕今天困了喵",1778682832,"嗯？"
"","","","","鱼糕今天困了喵",1778682827,"哎？"
"","","","","鱼糕今天困了喵",1778682821,"哦哦哦哦！！？？"
"","","","","鱼糕今天困了喵",1778682814,"糯米纸是对的"
"","","","","鱼糕今天困了喵",1778682724,"呜呜呜她说我是农村的（栽赃"
"","","","","鱼糕今天困了喵",1778682689,"原味"
"","","","","鱼糕今天困了喵",1778682623,"东京人太多了 还是滑铁卢这种农村适合我"
"","","","","鱼糕今天困了喵",1778682493,"最喜欢（东）京是吗"
"","","","","鱼糕今天困了喵",1778682415,"199"
"","","","","鱼糕今天困了喵",1778682370,"大白兔？"
"","","","","鱼糕今天困了喵",1778682303,"致敬传奇吃汉堡的王者诺"
"","","","","鱼糕今天困了喵",1778682257,"吃吧吃吧吃吧"
"","","","","鱼糕今天困了喵",1778682117,"深航好吃"
"","","","","鱼糕今天困了喵",1778682060,"《诶哟我好香啊好脆》"
"","","","","鱼糕今天困了喵",1778682051,"《不是为了吃》"
"","","","","鱼糕今天困了喵",1778682041,"《再来一口》"
"","","","","鱼糕今天困了喵",1778681993,"我去"
"","","","","鱼糕今天困了喵",1778681991,"好脆"
"","","","","鱼糕今天困了喵",1778681955,"草"
"","","","","鱼糕今天困了喵",1778681938,"炫我嘴里"
"","","","","鱼糕今天困了喵",1778681933,"喂我"
"","","","","鱼糕今天困了喵",1778681876,"乡毋宁（不是"
"","","","","鱼糕今天困了喵",1778681641,"神了"
"","","","","鱼糕今天困了喵",1778680867,"无奈.jpg"
"","","","","鱼糕今天困了喵",1778680586,"我昨晚修图就那个边笑边修 修着修着笑出声了"
"","","","","鱼糕今天困了喵",1778680454,"鱼糕欠打了喵"
"","","","","鱼糕今天困了喵",1778680433,"是什么意思喵"
"","","","","鱼糕今天困了喵",1778680430,"不懂喵"
"","","","","鱼糕今天困了喵",1778680312,"悲しみの海に沈んだ私"
"","","","","鱼糕今天困了喵",1778680266,"你快回来~~~~~"
"","","","","鱼糕今天困了喵",1778680253,"诺 还回来吃饭吗"
"","","","","鱼糕今天困了喵",1778680244,"人生有梦各自精彩"
"","","","","鱼糕今天困了喵",1778680238,"看别的妹妹去了"
"","","","","鱼糕今天困了喵",1778680231,"舍得"
"","","","","鱼糕今天困了喵",1778680173,"在现场 我是鬼（？"
"","","","","鱼糕今天困了喵",1778680164,"我骑士紫甘蓝"
"","","","","鱼糕今天困了喵",1778680106,"比紫甘蓝好吃"
"","","","","鱼糕今天困了喵",1778679914,"AAA免费酒店仅限诺本人领取"
"","","","","鱼糕今天困了喵",1778679754,"这张确实好看"
"","","","","鱼糕今天困了喵",1778679683,"123412341234123412341234"
"","","","","鱼糕今天困了喵",1778679490,"上链接"
"","","","","鱼糕今天困了喵",1778679370,"传下去 诺要在上海市中心住下"
"","","","","鱼糕今天困了喵",1778679180,"我要看"
"","","","","鱼糕今天困了喵",1778679175,"没看见"
"","","","","鱼糕今天困了喵",1778679077,"美女你谁"
"","","","","鱼糕今天困了喵",1778679016,"她怎么这么美 是要控制上海吗"
"","","","","鱼糕今天困了喵",1778678890,"诺在上海喝蜜雪冰城被我射线攻击了"
"","","","","鱼糕今天困了喵",1778678848,"宝批说是"
"","","","","鱼糕今天困了喵",1778678332,"没吃一绪？"
"","","","","鱼糕今天困了喵",1778677904,"哦吼吼吼吼吼吼吼"
"","","","","鱼糕今天困了喵",1778677846,"sukisukisuki"
"","","","","鱼糕今天困了喵",1778677844,"离得好近 suki"
"","","","","鱼糕今天困了喵",1778677710,"来南京看几百w的厕所吗（）"
"","","","","鱼糕今天困了喵",1778677533,"老板糊涂啊"
"","","","","鱼糕今天困了喵",1778677388,"那很好吃了"
"","","","","鱼糕今天困了喵",1778677169,"剑兔在jt8-2"
"","","","","鱼糕今天困了喵",1778677019,"？！强！？"
"","","","","鱼糕今天困了喵",1778676883,"还得是我"
"","","","","鱼糕今天困了喵",1778676879,"你看 我真懂你"
"","","","","鱼糕今天困了喵",1778676798,"这个我是真想吃"
"","","","","鱼糕今天困了喵",1778676632,"不卡"
"","","","","鱼糕今天困了喵",1778676442,"你怎么知道我买了日语版ns2"
"","","","","鱼糕今天困了喵",1778656667,"下午好～"
"","","","","鱼糕今天困了喵",1778652730,"妈妈妈妈妈妈"
"","","","","鱼糕今天困了喵",1778606487,"晚安喵"
"","","","","鱼糕今天困了喵",1778606465,"好困 想去睡觉了"
"","","","","鱼糕今天困了喵",1778606074,"很少见到这么倒霉的"
"","","","","鱼糕今天困了喵",1778606068,"再不出我就要800了"
"","","","","鱼糕今天困了喵",1778606060,"。"
"","","","","鱼糕今天困了喵",1778605811,"你当个老板吧 给我个轻松的工作好吗 我做个梦"
"","","","","鱼糕今天困了喵",1778605733,"还有拼好督"
"","","","","鱼糕今天困了喵",1778605688,"3w r不是电池"
"","","","","鱼糕今天困了喵",1778605658,"反正最后几个人加起来3w出的"
"","","","","鱼糕今天困了喵",1778605644,"我笑不出来"
"","","","","鱼糕今天困了喵",1778605623,"700盒零蛋"
"","","","","鱼糕今天困了喵",1778605603,"0"
"","","","","鱼糕今天困了喵",1778605165,"pyq有没有什么特别cg可以看"
"","","","","鱼糕今天困了喵",1778604844,"suki"
"","","","","鱼糕今天困了喵",1778604840,"看到了"
"","","","","鱼糕今天困了喵",1778604605,"可爱"
"","","","","鱼糕今天困了喵",1778604601,"呀 小猫"
"","","","","鱼糕今天困了喵",1778604575,"为什么奖励我"
"","","","","鱼糕今天困了喵",1778604516,"这么强 v我200看看实力"
"","","","","鱼糕今天困了喵",1778604427,"这样打两份工可能可以"
"","","","","鱼糕今天困了喵",1778604420,"这样 你来当我的沙包吧"
"","","","","鱼糕今天困了喵",1778604384,"你相信我也不行啊"
"","","","","鱼糕今天困了喵",1778604356,"投降了喵"
"","","","","鱼糕今天困了喵",1778604343,"哎 不是？"
"","","","","鱼糕今天困了喵",1778604333,"？？？？？"
"","","","","鱼糕今天困了喵",1778604279,"什么时候焦糖变成第一名就不去看别的妹妹了喵"
"","","","","鱼糕今天困了喵",1778604260,"没办法的"
"","","","","鱼糕今天困了喵",1778603643,"现在是手机糕"
"","","","","鱼糕今天困了喵",1778603371,"我抱头蹲下喵"
"","","","","鱼糕今天困了喵",1778603366,"我错了喵 不要打我喵"
"","","","","鱼糕今天困了喵",1778603291,"怎么这么坏喵"
"","","","","鱼糕今天困了喵",1778603286,"伤心了喵"
"","","","","鱼糕今天困了喵",1778603283,"传下去 焦糖要切割了喵"
"","","","","鱼糕今天困了喵",1778603267,"可以"
"","","","","鱼糕今天困了喵",1778603239,"哎 简单 你看别的牌子就能看见40了"
"","","","","鱼糕今天困了喵",1778603220,"可能40多附近"
"","","","","鱼糕今天困了喵",1778603215,"然后几w十几w"
"","","","","鱼糕今天困了喵",1778603206,"基本上往后就是超级加倍"
"","","","","鱼糕今天困了喵",1778603176,"他后面就是升级慢的"
"","","","","鱼糕今天困了喵",1778603110,"这个焦糖怎么这么坏啊"
"","","","","鱼糕今天困了喵",1778603036,"回家了喵"
"","","","","鱼糕今天困了喵",1778603032,"？我错了喵 不打了喵"
"","","","","鱼糕今天困了喵",1778603002,"满足她！满足她！"
"","","","","鱼糕今天困了喵",1778602925,"你看看 她多乖"
"","","","","鱼糕今天困了喵",1778602750,"对面主播怎么能只有1个呢 那我来吧"
"","","","","鱼糕今天困了喵",1778602579,"那关关瘦脸吧主包"
"","","","","鱼糕今天困了喵",1778602525,"我调色只在lr调 只有修人像部分在蛋糕"
"","","","","鱼糕今天困了喵",1778602505,"我趣 发错直播间了喵"
"","","","","鱼糕今天困了喵",1778602498,"呀 对面的妹妹怎么这么可爱啊 叫什么名字呀"
"","","","","鱼糕今天困了喵",1778602471,"（算盘"
"","","","","鱼糕今天困了喵",1778602468,"那你用我的 我保证不看你照片（不可能的"
"","","","","鱼糕今天困了喵",1778602457,"111发了喵"
"","","","","鱼糕今天困了喵",1778602453,"像素蛋糕太权威了"
"","","","","鱼糕今天困了喵",1778602393,"还是那个"
"","","","","鱼糕今天困了喵",1778602374,"修完图了喵 下工喵"
"","","","","鱼糕今天困了喵",1778602095,"不熟知道吗不熟"
"","","","","鱼糕今天困了喵",1778602090,"跟我没关系啊 她都不让我拍的"
"","","","","鱼糕今天困了喵",1778602076,"鱼胶说是"
"","","","","鱼糕今天困了喵",1778601798,"你看 我要请你你还不要"
"","","","","鱼糕今天困了喵",1778601778,"那没办法了 我只能找别的妹妹去拍了"
"","","","","鱼糕今天困了喵",1778601730,"主播主播我可以去找你拍照吗"
"","","","","鱼糕今天困了喵",1778601097,"我在给可爱妹妹修图"
"","","","","鱼糕今天困了喵",1778600688,"老大 人口贩卖是不对的"
"","","","","鱼糕今天困了喵",1778600492,"不是这个夸喵"
"","","","","鱼糕今天困了喵",1778600485,"没见过喵"
"","","","","鱼糕今天困了喵",1778600480,"不认识喵"
"","","","","鱼糕今天困了喵",1778600392,"好的喵焦糖夸"
"","","","","鱼糕今天困了喵",1778600377,"关注（）喵 关注（）谢谢喵"
"","","","","鱼糕今天困了喵",1778600364,"我可以把这边的人都拉走嘛"
"","","","","鱼糕今天困了喵",1778600309,"我只知道我见过阿夸"
"","","","","鱼糕今天困了喵",1778600293,"嗯？"
"","","","","鱼糕今天困了喵",1778600216,"没办法 不乖就只能被丢掉咯"
"","","","","鱼糕今天困了喵",1778600105,"看别的妹妹表现"
"","","","","鱼糕今天困了喵",1778599923,"可以 你关闭仅显示本直播间就能看到40"
"","","","","鱼糕今天困了喵",1778599752,"哎 可以 神了"
"","","","","鱼糕今天困了喵",1778599459,"睡觉了喵"
"","","","","鱼糕今天困了喵",1778599455,"打不过喵"
"","","","","鱼糕今天困了喵",1778599374,"4399也有（）"
"","","","","鱼糕今天困了喵",1778599358,"666起码是真steam吧"
"","","","","鱼糕今天困了喵",1778599342,"去点数商店买点"
"","","","","鱼糕今天困了喵",1778599257,"我也想打焦糖 但我要1v1"
"","","","","鱼糕今天困了喵",1778599140,"我steam差不多370"
"","","","","鱼糕今天困了喵",1778599132,"那吃的没那么少"
"","","","","鱼糕今天困了喵",1778599059,"你当点好的行吗"
"","","","","鱼糕今天困了喵",1778599009,"还有胡闹厨房和星露谷 依旧屯屯鼠"
"","","","","鱼糕今天困了喵",1778598992,"我才发现我还买了火焰纹章 宝可梦 智慧的再现 双人成行 尼尔机械纪元"
"","","","","鱼糕今天困了喵",1778598766,"可能性不高于明天出门装上一个160可爱jk妹妹跟我说我喜欢你把我带去陪你学习吧"
"","","","","鱼糕今天困了喵",1778598693,"？！到底有多强！？"
"","","","","鱼糕今天困了喵",1778598617,"手机借我远程操控v我200谢谢喵"
"","","","","鱼糕今天困了喵",1778598600,"666我不行了"
"","","","","鱼糕今天困了喵",1778598576,"那玩意运气不好盗号"
"","","","","鱼糕今天困了喵",1778598570,"那个不中啊"
"","","","","鱼糕今天困了喵",1778598537,"我以前一个游戏借四五个人"
"","","","","鱼糕今天困了喵",1778598528,"v社太坏了"
"","","","","鱼糕今天困了喵",1778598523,"我超级生气暴怒"
"","","","","鱼糕今天困了喵",1778598495,"现在只能家庭共享了？"
"","","","","鱼糕今天困了喵",1778598489,"我记得以前可以登一下就退 用另一个号借的"
"","","","","鱼糕今天困了喵",1778598478,"哎不对 现在steam不能本地借用了吗"
"","","","","鱼糕今天困了喵",1778598437,"简单啊 你借我steam游戏不就好了（）"
"","","","","鱼糕今天困了喵",1778598389,"168.2h"
"","","","","鱼糕今天困了喵",1778598373,"我玩的很上头"
"","","","","鱼糕今天困了喵",1778598361,"反正p5r可以买一个"
"","","","","鱼糕今天困了喵",1778598305,"那我觉得 可能双点医院 差不太多？"
"","","","","鱼糕今天困了喵",1778598265,"我玩的太差了"
"","","","","鱼糕今天困了喵",1778598262,"没 不玩模拟经营"
"","","","","鱼糕今天困了喵",1778598236,"买p5r"
"","","","","鱼糕今天困了喵",1778598222,"p5好玩"
"","","","","鱼糕今天困了喵",1778598218,"派"
"","","","","鱼糕今天困了喵",1778598051,"那还不一样 女coser出旮旯给木女主应该不会被攻击吧（）"
"","","","","鱼糕今天困了喵",1778598010,"感觉不如cos乙游男主的男coser被攻击破坏角色形象好笑"
"","","","","鱼糕今天困了喵",1778597978,"这咱不敢讲啊"
"","","","","鱼糕今天困了喵",1778597970,"神了"
"","","","","鱼糕今天困了喵",1778597907,"你别宣传就行"
"","","","","鱼糕今天困了喵",1778597899,"无所谓吧 这都破了多久了"
"","","","","鱼糕今天困了喵",1778597886,"来我宿舍炒俩菜再给我200块来"
"","","","","鱼糕今天困了喵",1778597857,"嘻嘻"
"","","","","鱼糕今天困了喵",1778597817,"哈哈"
"","","","","鱼糕今天困了喵",1778597793,"笑不出来"
"","","","","鱼糕今天困了喵",1778597787,"一起"
"","","","","鱼糕今天困了喵",1778597786,"上课+上班"
"","","","","鱼糕今天困了喵",1778597744,"我不要上班"
"","","","","鱼糕今天困了喵",1778597739,"这是好事啊"
"","","","","鱼糕今天困了喵",1778597717,"就要就要"
"","","","","鱼糕今天困了喵",1778597642,"我要装鬼吓你一跳"
"","","","","鱼糕今天困了喵",1778597530,"防撞梁来了"
"","","","","鱼糕今天困了喵",1778597500,"不用看导航喵 我不是坏人"
"","","","","鱼糕今天困了喵",1778597493,"那你下去 我开"
"","","","","鱼糕今天困了喵",1778597477,"哎也对"
"","","","","鱼糕今天困了喵",1778597453,"能不能给我点好的"
"","","","","鱼糕今天困了喵",1778597433,"我趣 找大车两鬼拍门来了"
"","","","","鱼糕今天困了喵",1778597398,"不要创我口牙"
"","","","","鱼糕今天困了喵",1778597320,"我看到了 都通过了喵"
"","","","","鱼糕今天困了喵",1778597313,"红烧焦糖干煸焦糖爆炒焦糖"
"","","","","鱼糕今天困了喵",1778597231,"鱼豆腐"
"","","","","鱼糕今天困了喵",1778597208,"小孩！（叉腰"
"","","","","鱼糕今天困了喵",1778597197,"还有竞标"
"","","","","鱼糕今天困了喵",1778597174,"好主意 我去提一下这个要求"
"","","","","鱼糕今天困了喵",1778597117,"是吧 别的妹妹也是这么说的"
"","","","","鱼糕今天困了喵",1778597037,"那你下次让他揍你吧 我觉得没区别"
"","","","","鱼糕今天困了喵",1778596720,"我不行了怎么动静这么多"
"","","","","鱼糕今天困了喵",1778596555,"做不到喵"
"","","","","鱼糕今天困了喵",1778596475,"什么动静"
"","","","","鱼糕今天困了喵",1778596433,"这个文字怎么看起来这么累"
"","","","","鱼糕今天困了喵",1778596423,"我了个和班过"
"","","","","鱼糕今天困了喵",1778596183,"做不到喵 被可爱妹妹抓走了喵"
"","","","","鱼糕今天困了喵",1778596143,"现在是dd本人上号了"
"","","","","鱼糕今天困了喵",1778596132,"第一次见到的鱼糕是假的"
"","","","","鱼糕今天困了喵",1778596090,"不好看就看别的妹妹（公式就是好用"
"","","","","鱼糕今天困了喵",1778595851,"多刷点在榜上就推流了"
"","","","","鱼糕今天困了喵",1778595615,"那我走咯"
"","","","","鱼糕今天困了喵",1778595613,"哦？真的不要了吗"
"","","","","鱼糕今天困了喵",1778595366,"我给你做印度咖喱"
"","","","","鱼糕今天困了喵",1778595359,"我会一点"
"","","","","鱼糕今天困了喵",1778595271,"焦糖想必不会因为我去看对面妹妹就生气吧"
"","","","","鱼糕今天困了喵",1778595107,"太强了喵 打不过喵"
"","","","","鱼糕今天困了喵",1778594776,"点完你的点你的 点完你的点你的"
"","","","","鱼糕今天困了喵",1778594736,"别的妹妹也很听话喵"
"","","","","鱼糕今天困了喵",1778594721,"怎么办喵"
"","","","","鱼糕今天困了喵",1778594717,"还有100多个牌子待点亮喵"
"","","","","鱼糕今天困了喵",1778594703,"我要去看别的妹妹了哦"
"","","","","鱼糕今天困了喵",1778594625,"9月9号"
"","","","","鱼糕今天困了喵",1778594617,"我真的会嘎嘣一下晕在宿舍里面"
"","","","","鱼糕今天困了喵",1778594601,"。。。"
"","","","","鱼糕今天困了喵",1778594600,"。"
"","","","","鱼糕今天困了喵",1778594577,"你也去吃"
"","","","","鱼糕今天困了喵",1778594551,"这个我会 你来跟我吃饭吃一个月你就变成方糖了"
"","","","","鱼糕今天困了喵",1778594509,"高价求焦糖裹满爆米花的本子"
"","","","","鱼糕今天困了喵",1778594421,"我真求你了"
"","","","","鱼糕今天困了喵",1778594395,"？？"
"","","","","鱼糕今天困了喵",1778594394,"？"
"","","","","鱼糕今天困了喵",1778594195,"我不是 我没有 我听不懂啊"
"","","","","鱼糕今天困了喵",1778594181,"哎 不对"
"","","","","鱼糕今天困了喵",1778594164,"我去 怎么还要会员"
"","","","","鱼糕今天困了喵",1778594028,"自己播还能看你 v只能整活了"
"","","","","鱼糕今天困了喵",1778594014,"v很难的（）"
"","","","","鱼糕今天困了喵",1778593991,"劝你不要（）"
"","","","","鱼糕今天困了喵",1778593826,"实在不行拌面也可以"
"","","","","鱼糕今天困了喵",1778593822,"来一个大馒头吧 包睡的"
"","","","","鱼糕今天困了喵",1778593778,"用处不大 不如听点东西来的"
"","","","","鱼糕今天困了喵",1778593768,"褪黑素一股味儿"
"","","","","鱼糕今天困了喵",1778593684,"不用助眠 本身就很助眠了"
"","","","","鱼糕今天困了喵",1778593625,"一定是因为焦糖太催眠了"
"","","","","鱼糕今天困了喵",1778593611,"哎 我平时在那边是凌晨两点睡的"
"","","","","鱼糕今天困了喵",1778593578,"你看 3点熬不住真不怪我"
"","","","","鱼糕今天困了喵",1778593508,"主包主包我教你 你给自己喂点自己就是榜3了"
"","","","","鱼糕今天困了喵",1778593435,"好摇杆 兄弟 好摇杆 看看摇杆"
"","","","","鱼糕今天困了喵",1778592839,"？！强！？"
"","","","","鱼糕今天困了喵",1778592827,"然后接着买胶卷"
"","","","","鱼糕今天困了喵",1778592817,"缺钱给焦糖卖了就行"
"","","","","鱼糕今天困了喵",1778592789,"笑了 前面感觉缺的时候疯狂囤货 现在整理找出40卷没拍的"
"","","","","鱼糕今天困了喵",1778592738,"你要玩吗 我可以送一卷（） 我快用不完了"
"","","","","鱼糕今天困了喵",1778592711,"彩色比黑白贵"
"","","","","鱼糕今天困了喵",1778592677,"有的"
"","","","","鱼糕今天困了喵",1778592643,"黑白最便宜也得30"
"","","","","鱼糕今天困了喵",1778592615,"一卷85-238不等 冲洗50-100 玩吧（"
"","","","","鱼糕今天困了喵",1778592588,"乐（）"
"","","","","鱼糕今天困了喵",1778592552,"而且都是过期的不保证出片"
"","","","","鱼糕今天困了喵",1778592545,"那是老东西了 现在贵得很"
"","","","","鱼糕今天困了喵",1778592445,"请看（"
"","","","","鱼糕今天困了喵",1778592206,"烧起来太简单了 不是好吃 纯迅速"
"","","","","鱼糕今天困了喵",1778592191,"那加拿大跟印度有区别吗（）"
"","","","","鱼糕今天困了喵",1778592173,"要不就咖喱"
"","","","","鱼糕今天困了喵",1778592170,"还吃什么吗 食堂就芝士 意面 预制小汉堡 热狗"
"","","","","鱼糕今天困了喵",1778592014,"奖励你发配北美一年 你回来比我还能吃"
"","","","","鱼糕今天困了喵",1778591934,"火锅（）"
"","","","","鱼糕今天困了喵",1778591447,"好买 好买"
"","","","","鱼糕今天困了喵",1778591371,"好感度upup然后特殊cg"
"","","","","鱼糕今天困了喵",1778591305,"台北在台湾"
"","","","","鱼糕今天困了喵",1778591274,"这次去台北拍的"
"","","","","鱼糕今天困了喵",1778591264,"可以 我等会儿发你"
"","","","","鱼糕今天困了喵",1778591241,"整理胶片还有直播看 真好喵"
"","","","","鱼糕今天困了喵",1778591123,"x没有认识的人"
"","","","","鱼糕今天困了喵",1778591119,"可以 请发"
"","","","","鱼糕今天困了喵",1778591069,"点点举办谢谢喵 点点举办喵"
"","","","","鱼糕今天困了喵",1778591022,"你怎么知道我在吃爆米花"
"","","","","鱼糕今天困了喵",1778591008,"会一点"
"","","","","鱼糕今天困了喵",1778591004,"很好吃了"
"","","","","鱼糕今天困了喵",1778591001,"哇 鱼丸和爆米花"
"","","","","鱼糕今天困了喵",1778590974,"所以带焦糖出去吃饭可以让焦糖全吃变成焦糖爆米花（？）"
"","","","","鱼糕今天困了喵",1778590855,"你怎么知道我明天晚上也吃好吃的去"
"","","","","鱼糕今天困了喵",1778514945,"干活去了喵"
"","","","","鱼糕今天困了喵",1778514898,"上完8个月的课累成路边一条"
"","","","","鱼糕今天困了喵",1778514867,"弥补精神伤害来的"
"","","","","鱼糕今天困了喵",1778514846,"9.9"
"","","","","鱼糕今天困了喵",1778514796,"再修不完就明天"
"","","","","鱼糕今天困了喵",1778514784,"感觉1点"
"","","","","鱼糕今天困了喵",1778514631,"我很菜（）"
"","","","","鱼糕今天困了喵",1778514582,"可能挑一两张印个明信片"
"","","","","鱼糕今天困了喵",1778514552,"我在思考"
"","","","","鱼糕今天困了喵",1778514535,"0"
"","","","","鱼糕今天困了喵",1778514513,"还有70"
"","","","","鱼糕今天困了喵",1778514491,"对 修完睡觉"
"","","","","鱼糕今天困了喵",1778514470,"晚上好喵"
"","","","","鱼糕今天困了喵",1778425813,"去找几百个别的妹妹👍👍"
"","","","","鱼糕今天困了喵",1778425763,"没事 别的妹妹一定会给看的吧"
"","","","","鱼糕今天困了喵",1778425383,"乐了 一十得十"
"","","","","鱼糕今天困了喵",1778425306,"24点之后是25点 然后是25時、ナイトコードで"
"","","","","鱼糕今天困了喵",1778425242,"没米了 请我吃饭"
"","","","","鱼糕今天困了喵",1778425176,"焦女士吗（"
"","","","","鱼糕今天困了喵",1778425119,"请问是xx省xx市的xxx吗"
"","","","","鱼糕今天困了喵",1778425066,"那不发了 看别的妹妹去了"
"","","","","鱼糕今天困了喵",1778424947,"不行 我是有私心的 我要私吞"
"","","","","鱼糕今天困了喵",1778424891,"我就这样骗到焦糖神图"
"","","","","鱼糕今天困了喵",1778424883,"好看"
"","","","","鱼糕今天困了喵",1778424786,"我肯定用不完"
"","","","","鱼糕今天困了喵",1778424779,"你要不登我的"
"","","","","鱼糕今天困了喵",1778424772,"那也可以 我还有600张"
"","","","","鱼糕今天困了喵",1778424745,"我才不是想要拿焦糖图片呢"
"","","","","鱼糕今天困了喵",1778424735,"111免费p图免费后期包像素蛋糕"
"","","","","鱼糕今天困了喵",1778424705,"马上变成鱼豆腐了"
"","","","","鱼糕今天困了喵",1778424697,"本来就是鱼丸了"
"","","","","鱼糕今天困了喵",1778424678,"你能起得来也是神了👍"
"","","","","鱼糕今天困了喵",1778424657,"没办法 每顿饭都要对自己好一点 全对"
"","","","","鱼糕今天困了喵",1778424595,"你发吧"
"","","","","鱼糕今天困了喵",1778424592,"巧了 我今天吃的铁板烧自助 我一点不饿"
"","","","","鱼糕今天困了喵",1778424467,"你要布丁正好 我只需要把你扔进麻袋就可以套走两个"
"","","","","鱼糕今天困了喵",1778424285,"有点困了怎么回事"
"","","","","鱼糕今天困了喵",1778424218,"我是焦糖的小号"
"","","","","鱼糕今天困了喵",1778424206,"找人舞萌也是真的（）"
"","","","","鱼糕今天困了喵",1778424177,"我也是双设备 我在修旅游拍的照片"
"","","","","鱼糕今天困了喵",1778424133,"我是鱼糕的魔丸形态鱼丸"
"","","","","鱼糕今天困了喵",1778423884,"焦糖焦糖你的高级外置装甲呢"
"","","","","鱼糕今天困了喵",1778423834,"小男孩吗 更喜欢了"
"","","","","鱼糕今天困了喵",1778423807,"主播是男孩子还是女孩子"
"","","","","鱼糕今天困了喵",1778423775,"男的"
"","","","","鱼糕今天困了喵",1778423510,"长官 没找到目标啊"
"","","","","鱼糕今天困了喵",1778423464,"报告长官 这太难了"
"","","","","鱼糕今天困了喵",1778423459,"做不到"
"","","","","鱼糕今天困了喵",1778423418,"是兄弟就来砍我 装备全靠打"
"","","","","鱼糕今天困了喵",1778423403,"爽死了喵"
"","","","","鱼糕今天困了喵",1778423350,"我去 就喜欢这么温柔的👍👍👍"
"","","","","鱼糕今天困了喵",1778423267,"吓哭了"
"","","","","鱼糕今天困了喵",1778423263,"我去 联通皮"
"","","","","鱼糕今天困了喵",1778423253,"讲道理有点像男的"
"","","","","鱼糕今天困了喵",1778423169,"那也不是不行"
"","","","","鱼糕今天困了喵",1778423106,"没事的 别的妹妹记性可好了（没有暗示"
"","","","","鱼糕今天困了喵",1778423072,"那我给你个号 你下播再加"
"","","","","鱼糕今天困了喵",1778423016,"加我就在线+1了"
"","","","","鱼糕今天困了喵",1778422693,"乐"
"","","","","鱼糕今天困了喵",1778422564,"左边这个是谁啊 我怎么不认识"
"","","","","鱼糕今天困了喵",1778422458,"去对面上票给焦糖来点压力"
"","","","","鱼糕今天困了喵",1778422261,"没那么完整"
"","","","","鱼糕今天困了喵",1778422223,"跟我出去玩吧 我提供免费商务机票 不保证目的地 不保证完整"
"","","","","鱼糕今天困了喵",1778422181,"不跟我舞萌dx就会被我做成能量炖肉"
"","","","","鱼糕今天困了喵",1778422170,"全身而退很难了"
"","","","","鱼糕今天困了喵",1778422122,"请抓我"
"","","","","鱼糕今天困了喵",1778422117,"可以 我没意见"
"","","","","鱼糕今天困了喵",1778422068,"[大哭][大哭][大哭][大哭][大哭][大哭]我是wcn 我要使出我的特别武器了"
"","","","","鱼糕今天困了喵",1778422022,"旮旯給木嘛 我要看特殊cg"
"","","","","鱼糕今天困了喵",1778421940,"111我要当二级代理"
"","","","","鱼糕今天困了喵",1778421865,"非官方兜售"
"","","","","鱼糕今天困了喵",1778421857,"不要999不要99仅需9.9焦糖qq拿到手"
"","","","","鱼糕今天困了喵",1778421810,"老师扩列吗"
"","","","","鱼糕今天困了喵",1778421749,"简单 只要拉主播一起大舞萌就解决了"
"","","","","鱼糕今天困了喵",1778421694,"呼———哈————"
"","","","","鱼糕今天困了喵",1778421182,"我在偷摸找人出勤舞萌dx（）"
"","","","","鱼糕今天困了喵",1778421171,"没玩过"
"","","","","鱼糕今天困了喵",1778420323,"什么 焦糖不喜欢偷塔吗 下次不偷了喵"
"","","","","鱼糕今天困了喵",1778420272,"我去 这鱼糕怎么那么坏啊 打个首胜还偷"
"","","","","鱼糕今天困了喵",1778420234,"我怎么这么坏啊"
"","","","","鱼糕今天困了喵",1778420204,"www"
"","","","","鱼糕今天困了喵",1778420197,"坏了 被记住了"
"","","","","鱼糕今天困了喵",1778420187,"玩了半个小时丢了"
"","","","","鱼糕今天困了喵",1778420181,"有的 爽死了"
"","","","","鱼糕今天困了喵",1778420151,"我会劝所有人玩生化危机vr体验一下被一爪子捞到脸上的感觉"
"","","","","鱼糕今天困了喵",1778419852,"老师你好请问拍照片吗不要钱一分不要 删照片50一张"
"","","","","鱼糕今天困了喵",1778419827,"7张神秘照片可以召唤神龙"
"","","","","鱼糕今天困了喵",1778419802,"截图！截图！"
"","","","","鱼糕今天困了喵",1778419780,"传下去 焦糖直播都不看观众——————"
"","","","","鱼糕今天困了喵",1778419639,"通宵一次感觉心也不跳了"
"","","","","鱼糕今天困了喵",1778419624,"那不行 那我扛不住（"
"","","","","鱼糕今天困了喵",1778419568,"我去 加班也算吗 那我天天写论文也很有夜生活了"
"","","","","鱼糕今天困了喵",1778419484,"有一点 不多吧"
"","","","","鱼糕今天困了喵",1778419383,"请我吃请我吃"
"","","","","鱼糕今天困了喵",1778419257,"上次的活动盲盒我全亏的 一次没赚"
"","","","","鱼糕今天困了喵",1778419084,"三文鱼好吃😋"
"","","","","鱼糕今天困了喵",1778418866,"不像我 我只会关心妹妹[doge2]"
"","","","","鱼糕今天困了喵",1778418843,"怎么这么坏啊"
"","","","","鱼糕今天困了喵",1778418831,"对"
"","","","","鱼糕今天困了喵",1778418719,"主播今年5岁"
"","","","","鱼糕今天困了喵",1778418646,"主播主播你还记得我吗 小时候你在你家玩 我在我家玩 我们都在自己家里玩"
"","","","","鱼糕今天困了喵",1778418571,"不吃了 不敢了[大哭]"
"","","","","鱼糕今天困了喵",1778418540,"对不起 我再也不抢小酥肉吃了[大哭]"
"","","","","鱼糕今天困了喵",1778418227,"什么 还有特殊cg"
"","","","","鱼糕今天困了喵",1778417881,"好看 美神降临"
"","","","","鱼糕今天困了喵",1778417813,"晚上好喵"
"","","","","鱼糕今天困了喵",1778407628,"晚上好～"
"","","","","鱼糕今天困了喵",1778255775,"零蛋！"
"","","","","鱼糕今天困了喵",1778255766,"做不到"
"","","","","鱼糕今天困了喵",1778255763,"没有"
"","","","","鱼糕今天困了喵",1778255691,"好的瓜子"
"","","","","鱼糕今天困了喵",1778255650,"会变成焦糖甜品"
"","","","","鱼糕今天困了喵",1778255613,"火热起来了"
"","","","","鱼糕今天困了喵",1778255355,"呼———哈————"
"","","","","鱼糕今天困了喵",1778255092,"要是什么都不看那就很无聊了"
"","","","","鱼糕今天困了喵",1778255085,"不无聊"
"","","","","鱼糕今天困了喵",1778255048,"还在躺着"
"","","","","鱼糕今天困了喵",1778254801,"不行了 笑死了"
"","","","","鱼糕今天困了喵",1778254733,"你好"
"","","","","鱼糕今天困了喵",1778254616,"还是太需要免费摄影了（广告"
"","","","","鱼糕今天困了喵",1778254472,"那很难了"
"","","","","鱼糕今天困了喵",1778254441,"那只能看别的妹妹去了喵"
"","","","","鱼糕今天困了喵",1778254435,"什么 播这么少吗"
"","","","","鱼糕今天困了喵",1778254322,"下次见到你要狠狠上票了"
"","","","","鱼糕今天困了喵",1778254242,"倒数1秒"
"","","","","鱼糕今天困了喵",1778254236,"我好坏（"
"","","","","鱼糕今天困了喵",1778254099,"已严肃睡着"
"","","","","鱼糕今天困了喵",1778253974,"看看强度"
"","","","","鱼糕今天困了喵",1778253953,"补药打我口牙"
"","","","","鱼糕今天困了喵",1778253891,"只要去对面发力主播就会多多说话的对吧"
"","","","","鱼糕今天困了喵",1778253783,"miss mortis"
"","","","","鱼糕今天困了喵",1778253717,"（这条五毛 括号删掉"
"","","","","鱼糕今天困了喵",1778253705,"（听话）"
"","","","","鱼糕今天困了喵",1778253699,"不是的不是的 焦糖说的对"
"","","","","鱼糕今天困了喵",1778253661,"还有这种好事"
"","","","","鱼糕今天困了喵",1778253611,"收到 满足你 严肃睡着"
"","","","","鱼糕今天困了喵",1778253592,"如果白天或者早点基本上是干活看"
"","","","","鱼糕今天困了喵",1778253579,"这会儿是躺着纯看了"
"","","","","鱼糕今天困了喵",1778253483,"嗷————"
"","","","","鱼糕今天困了喵",1778253405,"她就这么一把把我抓起扔下来"
"","","","","鱼糕今天困了喵",1778253356,"在现场 我是头上趴着的那个"
"","","","","鱼糕今天困了喵",1778253334,"没想到啊 胶卷和冲洗起码干了五位数 上当咯"
"","","","","鱼糕今天困了喵",1778253314,"那会儿没米买新相机就买的胶卷相机 想着便宜"
"","","","","鱼糕今天困了喵",1778253190,"买个相机当摄像头（）"
"","","","","鱼糕今天困了喵",1778253040,"我睡着了（没有"
"","","","","鱼糕今天困了喵",1778252989,"拥挤神人赛道来的"
"","","","","鱼糕今天困了喵",1778252983,"vtb更难播了"
"","","","","鱼糕今天困了喵",1778252804,"希区柯克有人懂吗"
"","","","","鱼糕今天困了喵",1778252779,"口味一样+1了"
"","","","","鱼糕今天困了喵",1778252751,"夜鹿是对的 我听夜鹿"
"","","","","鱼糕今天困了喵",1778252718,"对的 东京"
"","","","","鱼糕今天困了喵",1778252709,"zutomayo是神 请都听zutomayo（）"
"","","","","鱼糕今天困了喵",1778252683,"钱包痛了"
"","","","","鱼糕今天困了喵",1778252675,"我要六月份去出击真夜中的演唱会"
"","","","","鱼糕今天困了喵",1778252615,"那很好了"
"","","","","鱼糕今天困了喵",1778252532,"晚上基本上全是播到12点后的"
"","","","","鱼糕今天困了喵",1778252523,"今天播的人多"
"","","","","鱼糕今天困了喵",1778252492,"还行 不是很热"
"","","","","鱼糕今天困了喵",1778252443,"严肃收听"
"","","","","鱼糕今天困了喵",1778252437,"🫡"
"","","","","鱼糕今天困了喵",1778252164,"之前单曲循环"
"","","","","鱼糕今天困了喵",1778252157,"喔 这个好听"
"","","","","鱼糕今天困了喵",1778251989,"举手"
"","","","","鱼糕今天困了喵",1778251796,"有个月が綺麗ねと言われたい听了吗"
"","","","","鱼糕今天困了喵",1778251751,"哦 这个 我听过"
"","","","","鱼糕今天困了喵",1778251690,"没看过"
"","","","","鱼糕今天困了喵",1778251555,"我出1块"
"","","","","鱼糕今天困了喵",1778251505,"哇还有拼凑的断音"
"","","","","鱼糕今天困了喵",1778251483,"凭本事借的 怎么不算正规呢"
"","","","","鱼糕今天困了喵",1778251451,"会被抓去卖掉"
"","","","","鱼糕今天困了喵",1778251413,"不用还我"
"","","","","鱼糕今天困了喵",1778251406,"来兄弟 摇摇头张张嘴眨眨眼"
"","","","","鱼糕今天困了喵",1778251322,"欺负保护动物"
"","","","","鱼糕今天困了喵",1778251319,"吓哭了"
"","","","","鱼糕今天困了喵",1778251315,"跑了"
"","","","","鱼糕今天困了喵",1778251312,"[热][热][热][热]"
"","","","","鱼糕今天困了喵",1778251290,"我是加拿大鹅 我要咬你 然后追着你跑"
"","","","","鱼糕今天困了喵",1778251246,"没有喵 做不到喵"
"","","","","鱼糕今天困了喵",1778251171,"这个我是真想要（谁不想（"
"","","","","鱼糕今天困了喵",1778251159,"直播间抽一套吧"
"","","","","鱼糕今天困了喵",1778251073,"送去西伯利亚种土豆"
"","","","","鱼糕今天困了喵",1778251044,"可以 不保证出来是在什么地方"
"","","","","鱼糕今天困了喵",1778251006,"这样 你来我这边躲躲 我保证不给你捆起来扔进托运行李"
"","","","","鱼糕今天困了喵",1778250978,"我求你了 还有写生"
"","","","","鱼糕今天困了喵",1778250912,"马上给你关起来"
"","","","","鱼糕今天困了喵",1778250902,"（？）"
"","","","","鱼糕今天困了喵",1778250792,"kfc汉堡胚不好吃 很奇怪 有点太软了"
"","","","","鱼糕今天困了喵",1778250754,"想吃原味鸡"
"","","","","鱼糕今天困了喵",1778250745,"有点想吃kfc了"
"","","","","鱼糕今天困了喵",1778250599,"主要听真夜中 夜鹿这些 还有术"
"","","","","鱼糕今天困了喵",1778250565,"+1"
"","","","","鱼糕今天困了喵",1778250514,"主包歌单跟我重合度好高"
"","","","","鱼糕今天困了喵",1778250436,"那睡的很舒服了"
"","","","","鱼糕今天困了喵",1778250389,"白天倒是 随时大小睡 所以叫困了喵"
"","","","","鱼糕今天困了喵",1778250368,"我一般睡很晚"
"","","","","鱼糕今天困了喵",1778250360,"不会"
"","","","","鱼糕今天困了喵",1778249998,"抢钱可以直接抢 不用送我个纪念品的（）"
"","","","","鱼糕今天困了喵",1778249664,"上次闪光直闪给我闪飞了"
"","","","","鱼糕今天困了喵",1778249638,"我要学一下灯怎么用"
"","","","","鱼糕今天困了喵",1778249628,"这么强"
"","","","","鱼糕今天困了喵",1778249570,"阴天也是调的"
"","","","","鱼糕今天困了喵",1778249562,"是多云"
"","","","","鱼糕今天困了喵",1778249516,"我忘了（） 笑了 我给闪光灯全扔宿舍了"
"","","","","鱼糕今天困了喵",1778249486,"对 光效是后期的"
"","","","","鱼糕今天困了喵",1778249444,"111发了"
"","","","","鱼糕今天困了喵",1778249296,"可以 我发你"
"","","","","鱼糕今天困了喵",1778249260,"回来了喵 刚刚修图去了"
"","","","","鱼糕今天困了喵",1778249102,"干点别的去"
"","","","","鱼糕今天困了喵",1778249099,"我先跑了 干点别的区"
"","","","","鱼糕今天困了喵",1778249042,"还是诺太强大了"
"","","","","鱼糕今天困了喵",1778249034,"别的再说 别的我再选选"
"","","","","鱼糕今天困了喵",1778248598,"草 不行了"
"","","","","鱼糕今天困了喵",1778248420,"什么动静"
"","","","","鱼糕今天困了喵",1778248387,"i完了"
"","","","","鱼糕今天困了喵",1778248237,"我在sc喊了算吗 算半个吧"
"","","","","鱼糕今天困了喵",1778248142,"诺球球玩具反斗城（打钱"
"","","","","鱼糕今天困了喵",1778247663,"我能闻出来"
"","","","","鱼糕今天困了喵",1778247657,"有的"
"","","","","鱼糕今天困了喵",1778246813,"要迟到了？跟我的信用卡快速通关说去吧"
"","","","","鱼糕今天困了喵",1778246767,"有的 金卡白金卡商务舱自带 或者购入"
"","","","","鱼糕今天困了喵",1778246670,"赶上了 我一路sorry im late"
"","","","","鱼糕今天困了喵",1778246605,"我曾经干过提前半小时这种事情（"
"","","","","鱼糕今天困了喵",1778246581,"国内2 国际3"
"","","","","鱼糕今天困了喵",1778246171,"还是那句话 不想送 咱可以不送"
"","","","","鱼糕今天困了喵",1778246097,"自己签约的都不一定给几张邀请函"
"","","","","鱼糕今天困了喵",1778246085,"阿b现在送票很少的"
"","","","","鱼糕今天困了喵",1778246048,"和可能存在的下雨天气"
"","","","","鱼糕今天困了喵",1778246040,"二游 相机 人"
"","","","","鱼糕今天困了喵",1778245956,"7"
"","","","","鱼糕今天困了喵",1778245768,"下次见诺是什么时候"
"","","","","鱼糕今天困了喵",1778245749,"没事干开始修图"
"","","","","鱼糕今天困了喵",1778245742,"笑了我上次拍活动就这样"
"","","","","鱼糕今天困了喵",1778245683,"粘住"
"","","","","鱼糕今天困了喵",1778245650,"难度在于屏幕背面有个商标 我还没找到对应的图（"
"","","","","鱼糕今天困了喵",1778245584,"磨掉了就没有诺味了"
"","","","","鱼糕今天困了喵",1778245567,"裸着太容易磨了"
"","","","","鱼糕今天困了喵",1778245513,"还没找到合适的透明膜（"
"","","","","鱼糕今天困了喵",1778245507,"相机签名有人会保存吗（"
"","","","","鱼糕今天困了喵",1778245452,"就是把胶片仓拆了 换成拍立得的后组"
"","","","","鱼糕今天困了喵",1778245369,"想要看神秘拍立得相机的我也可以考虑改一台（？"
"","","","","鱼糕今天困了喵",1778245343,"没听见咚咚声"
"","","","","鱼糕今天困了喵",1778245327,"用胶片相机接手动闪拍拍立得稳定点"
"","","","","鱼糕今天困了喵",1778245289,"我的图印拍立得经常过曝欠曝"
"","","","","鱼糕今天困了喵",1778245262,"照片的比拍立得打印稳定一点"
"","","","","鱼糕今天困了喵",1778245184,"有点不舍得用诺的鼠标垫"
"","","","","鱼糕今天困了喵",1778245144,"发不出来我是区"
"","","","","鱼糕今天困了喵",1778245134,"不行 我必须今天给你几张"
"","","","","鱼糕今天困了喵",1778244776,"哎我的工作效率倒一了"
"","","","","鱼糕今天困了喵",1778244766,"怎么都这么快啊"
"","","","","鱼糕今天困了喵",1778244665,"对不起对不起对不起对不起对不起（"
"","","","","鱼糕今天困了喵",1778244657,"我还是太慢了"
"","","","","鱼糕今天困了喵",1778244646,"对了对了对了对了对了"
"","","","","鱼糕今天困了喵",1778244642,"啊不对不对不对不对"
"","","","","鱼糕今天困了喵",1778244614,"[热]"
"","","","","鱼糕今天困了喵",1778244566,"主包主包今天这么好看能不能站起来学习一下穿搭（算盘"
"","","","","鱼糕今天困了喵",1778244431,"她的ns账号感觉不太中了"
"","","","","鱼糕今天困了喵",1778244357,"如何不是一种重部署"
"","","","","鱼糕今天困了喵",1778244011,"这集看过了？来跟鱼糕看别的妹妹"
"","","","","鱼糕今天困了喵",1778243564,"老板糊涂啊"
"","","","","鱼糕今天困了喵",1778243525,"奸商！还我648[大哭][大哭][大哭]（"
"","","","","鱼糕今天困了喵",1778175830,"晚安喵"
"","","","","鱼糕今天困了喵",1778175804,"看运气了喵"
"","","","","鱼糕今天困了喵",1778175798,"我可能出门舞萌（"
"","","","","鱼糕今天困了喵",1778175768,"加了喵"
"","","","","鱼糕今天困了喵",1778175629,"主播别晃 人脸识别过不去了"
"","","","","鱼糕今天困了喵",1778175601,"我教你 眨眨眼张张嘴"
"","","","","鱼糕今天困了喵",1778175589,"只要都买就行了"
"","","","","鱼糕今天困了喵",1778175578,"买！都能买"
"","","","","鱼糕今天困了喵",1778175556,"巧了吗不"
"","","","","鱼糕今天困了喵",1778175545,"哎这个我也能教"
"","","","","鱼糕今天困了喵",1778175495,"我的前期设置很诡异的"
"","","","","鱼糕今天困了喵",1778175485,"不包后期我的前期真能看吗"
"","","","","鱼糕今天困了喵",1778175457,"111喊我免费拍包后期包出图纯瘾大"
"","","","","鱼糕今天困了喵",1778175420,"都来跟明日方舟联动吧 就都能活下来了"
"","","","","鱼糕今天困了喵",1778175322,"不认识喵"
"","","","","鱼糕今天困了喵",1778175304,"我想必是 没这个待遇"
"","","","","鱼糕今天困了喵",1778175292,"基本上有固定合作"
"","","","","鱼糕今天困了喵",1778175268,"不就是找不到人拍没有人认识吗[热]"
"","","","","鱼糕今天困了喵",1778175241,"痛"
"","","","","鱼糕今天困了喵",1778175238,"我们尼康怎么你了[热]"
"","","","","鱼糕今天困了喵",1778175228,"呼——————哈——————呼——————哈——————"
"","","","","鱼糕今天困了喵",1778175179,"有点困困了[doge2]"
"","","","","鱼糕今天困了喵",1778174796,"报告长官 我觉得这太难了不能完成"
"","","","","鱼糕今天困了喵",1778174762,"捕捉了（"
"","","","","鱼糕今天困了喵",1778174757,"阿夸到底看了几个（）"
"","","","","鱼糕今天困了喵",1778174710,"我看不是还有人挂着没说话嘛"
"","","","","鱼糕今天困了喵",1778174629,"能不能同道点好的啊喂！（"
"","","","","鱼糕今天困了喵",1778174602,"衣服有点明显"
"","","","","鱼糕今天困了喵",1778174597,"看出来一半（"
"","","","","鱼糕今天困了喵",1778174434,"好强喵 吓哭了喵"
"","","","","鱼糕今天困了喵",1778174324,"聚众吸烟说是"
"","","","","鱼糕今天困了喵",1778174315,"笑死了"
"","","","","鱼糕今天困了喵",1778174280,"真看表白吗"
"","","","","鱼糕今天困了喵",1778174263,"表白墙不吵架我看什么"
"","","","","鱼糕今天困了喵",1778174207,"克隆+1"
"","","","","鱼糕今天困了喵",1778174153,"专一是什么词汇喵 怎么没有听过喵"
"","","","","鱼糕今天困了喵",1778174104,"克隆完一看 哎 怎么你家里还有别的克隆人"
"","","","","鱼糕今天困了喵",1778174048,"这不就有灵魂了嘛"
"","","","","鱼糕今天困了喵",1778174040,"其实是克隆一个丢那边直播 本体抓走"
"","","","","鱼糕今天困了喵",1778174010,"克隆吗 快进到克隆焦糖然后拐走"
"","","","","鱼糕今天困了喵",1778173975,"报告长官这做不到"
"","","","","鱼糕今天困了喵",1778173908,"[热]"
"","","","","鱼糕今天困了喵",1778173902,"生的或者白水煮菜"
"","","","","鱼糕今天困了喵",1778173863,"别的还行"
"","","","","鱼糕今天困了喵",1778173861,"猪肉不好吃 一股猪味 盖不住"
"","","","","鱼糕今天困了喵",1778173791,"生命体征维持"
"","","","","鱼糕今天困了喵",1778173785,"666罚你发配加拿大一个月体验一下"
"","","","","鱼糕今天困了喵",1778173765,"《摄影佬的第一桶金》"
"","","","","鱼糕今天困了喵",1778173743,"笑了"
"","","","","鱼糕今天困了喵",1778173735,"最好的娱乐活动是去多伦多吃中餐"
"","","","","鱼糕今天困了喵",1778173724,"不好吃"
"","","","","鱼糕今天困了喵",1778173717,"超贵（"
"","","","","鱼糕今天困了喵",1778173696,"没米了喵"
"","","","","鱼糕今天困了喵",1778173693,"累也没得选喵"
"","","","","鱼糕今天困了喵",1778173669,"都有"
"","","","","鱼糕今天困了喵",1778173618,"南京的（"
"","","","","鱼糕今天困了喵",1778173578,"不对哦（）"
"","","","","鱼糕今天困了喵",1778173571,"主页ip加拿大（分析吧（"
"","","","","鱼糕今天困了喵",1778173559,"胶卷确实不便宜 好在我能自己冲洗"
"","","","","鱼糕今天困了喵",1778173534,"下播给你发吧 图有点多（）"
"","","","","鱼糕今天困了喵",1778173514,"然后外加一堆胶片设备"
"","","","","鱼糕今天困了喵",1778173508,"35 1.8s"
"","","","","鱼糕今天困了喵",1778173502,"2470 f2.8s二代"
"","","","","鱼糕今天困了喵",1778173488,"尼康zf zr"
"","","","","鱼糕今天困了喵",1778173444,"巧了你怎么知道我还会摄影（）"
"","","","","鱼糕今天困了喵",1778173412,"你在她猫窝里面撒野（？）"
"","","","","鱼糕今天困了喵",1778173355,"然后再去涂地"
"","","","","鱼糕今天困了喵",1778173346,"要连连 可以先玩玩本地模式 就是那个闯关"
"","","","","鱼糕今天困了喵",1778173314,"可以 加我 :D"
"","","","","鱼糕今天困了喵",1778173285,"我在斯普拉遁3"
"","","","","鱼糕今天困了喵",1778173272,"ns也是杂食都玩了一遍"
"","","","","鱼糕今天困了喵",1778173264,"玩的"
"","","","","鱼糕今天困了喵",1778173238,"咬电源线咬屏幕咬手"
"","","","","鱼糕今天困了喵",1778173224,"咬你咬你咬你"
"","","","","鱼糕今天困了喵",1778173196,"哈！*爪子"
"","","","","鱼糕今天困了喵",1778173189,"哈！"
"","","","","鱼糕今天困了喵",1778173135,"她就对我哈气了"
"","","","","鱼糕今天困了喵",1778173039,"睡不了一点"
"","","","","鱼糕今天困了喵",1778173033,"我家小猫猛蹬我的枕头"
"","","","","鱼糕今天困了喵",1778172968,"顺着网线抓你去"
"","","","","鱼糕今天困了喵",1778172957,"666爱猫tv举办了"
"","","","","鱼糕今天困了喵",1778172935,"在私信里面"
"","","","","鱼糕今天困了喵",1778172910,"鸡翅包饭"
"","","","","鱼糕今天困了喵",1778172880,"小窗有蓝毛美图"
"","","","","鱼糕今天困了喵",1778172852,"111看小猫"
"","","","","鱼糕今天困了喵",1778172797,"框框给你两拳"
"","","","","鱼糕今天困了喵",1778172774,"我气笑了"
"","","","","鱼糕今天困了喵",1778172772,"哎不是我zmd全大保底"
"","","","","鱼糕今天困了喵",1778172744,"打多了记得后面来什么就省力了"
"","","","","鱼糕今天困了喵",1778172732,"我感觉我喜欢背板"
"","","","","鱼糕今天困了喵",1778172726,"zmd池子太黑了"
"","","","","鱼糕今天困了喵",1778172719,"当务之急是不要被zmd骗氪（"
"","","","","鱼糕今天困了喵",1778172539,"pk有没有打一下的 不打就眯了喵（"
"","","","","鱼糕今天困了喵",1778172507,"气笑了"
"","","","","鱼糕今天困了喵",1778172505,"我之前给指尖打的有针扎的痛 休息了半个月"
"","","","","鱼糕今天困了喵",1778172448,"会健身（x） 会腱鞘炎✅"
"","","","","鱼糕今天困了喵",1778172399,"音游会玩了爽一整天"
"","","","","鱼糕今天困了喵",1778172320,"那是因为没习惯键位吧（ 打个十几把就好了（"
"","","","","鱼糕今天困了喵",1778172284,"对 所以我说我太菜了（）"
"","","","","鱼糕今天困了喵",1778172247,"我这个分数13+/14就行了"
"","","","","鱼糕今天困了喵",1778172240,"舞萌歌曲最高15级 16400要打15的"
"","","","","鱼糕今天困了喵",1778172220,"就是分数最高的50首 是定数*完成率转换的"
"","","","","鱼糕今天困了喵",1778172175,"我才15447"
"","","","","鱼糕今天困了喵",1778172167,"最高16400附近吧"
"","","","","鱼糕今天困了喵",1778172155,"就是评分 差不多"
"","","","","鱼糕今天困了喵",1778172140,"哎哟我zmd怎么这么坏"
"","","","","鱼糕今天困了喵",1778172131,"还是太菜了"
"","","","","鱼糕今天困了喵",1778172124,"我想看能不能冲个舞萌w56"
"","","","","鱼糕今天困了喵",1778172104,"老板糊涂啊（不糊涂"
"","","","","鱼糕今天困了喵",1778172028,"好像听过 没玩过"
"","","","","鱼糕今天困了喵",1778172019,"rotaeno？"
"","","","","鱼糕今天困了喵",1778172003,"计划通未来dlc解锁太超标了"
"","","","","鱼糕今天困了喵",1778171923,"被大炎上改回来了"
"","","","","鱼糕今天困了喵",1778171913,"计划通没了 muse plus换汤不换药"
"","","","","鱼糕今天困了喵",1778171886,"switch映射我要反应很久"
"","","","","鱼糕今天困了喵",1778171874,"？！强！？"
"","","","","鱼糕今天困了喵",1778171835,"看小窗"
"","","","","鱼糕今天困了喵",1778171830,"淘宝有diy"
"","","","","鱼糕今天困了喵",1778171757,"嗷那就是那个控制器"
"","","","","鱼糕今天困了喵",1778171693,"muse本来就有个按钮拍拍拍控制器 出街机也合理"
"","","","","鱼糕今天困了喵",1778171671,"哎主播怎么跟我玩的一模一样（"
"","","","","鱼糕今天困了喵",1778171651,"玩的"
"","","","","鱼糕今天困了喵",1778171603,"直接投币不太好（）"
"","","","","鱼糕今天困了喵",1778171585,"或者跟他拼（？"
"","","","","鱼糕今天困了喵",1778171579,"直接排队戳戳他让他下来（"
"","","","","鱼糕今天困了喵",1778171547,"典"
"","","","","鱼糕今天困了喵",1778171475,"来爽吃（）"
"","","","","鱼糕今天困了喵",1778171468,"主播主播我们舞萌有一整个术力口专区和大堆初音曲子（）"
"","","","","鱼糕今天困了喵",1778171368,"我老喜欢绿魔王和chronomia了"
"","","","","鱼糕今天困了喵",1778171324,"嗷 这个雪降好玩"
"","","","","鱼糕今天困了喵",1778171255,"高难打的太丑陋了（"
"","","","","鱼糕今天困了喵",1778171245,"我就这样线下开低难花活曲（）"
"","","","","鱼糕今天困了喵",1778171165,"我有段时间没打phi了 最后rks15.4这样"
"","","","","鱼糕今天困了喵",1778171122,"哎 是不是也是一种加灯牌（"
"","","","","鱼糕今天困了喵",1778171038,"移动端双层那个是arcaea"
"","","","","鱼糕今天困了喵",1778170981,"第一个中文好像叫世界计划缤纷舞台 啤酒烧烤"
"","","","","鱼糕今天困了喵",1778170922,"pjsk cytus2 phi"
"","","","","鱼糕今天困了喵",1778170858,"舞萌和吴丽芳差不太多 wlf玩家平均键盘力强一点"
"","","","","鱼糕今天困了喵",1778170813,"我疯狂游玩舞萌dx和pjsk"
"","","","","鱼糕今天困了喵",1778170797,"主包还玩音游 这么好"
"","","","","鱼糕今天困了喵",1778170777,"主要fps和rpg"
"","","","","鱼糕今天困了喵",1778170771,"杂食 什么都玩一点"
"","","","","鱼糕今天困了喵",1778170690,"被发现了w"
"","","","","鱼糕今天困了喵",1778170669,"晚上好喵（冒泡"
"","","","","鱼糕今天困了喵",1778131173,"我去 不早说 呼哈呼哈呼哈"
"","","","","鱼糕今天困了喵",1778131101,"诺 你在我的咖啡里面加了什么 我好困"
"","","","","鱼糕今天困了喵",1778130355,"汤包是蟹黄的 美味啊"
"","","","","鱼糕今天困了喵",1778130326,"我继续狂吃"
"","","","","鱼糕今天困了喵",1778130318,"对"
"","","","","鱼糕今天困了喵",1778130303,"对的（"
"","","","","鱼糕今天困了喵",1778130300,"就鸡汤味"
"","","","","鱼糕今天困了喵",1778130267,"差不多"
"","","","","鱼糕今天困了喵",1778130264,"鸡汁回卤干"
"","","","","鱼糕今天困了喵",1778130201,"在群里"
"","","","","鱼糕今天困了喵",1778130185,"诺要看我的饭饭吗（"
"","","","","鱼糕今天困了喵",1778126532,"跑了喵 手机掉电太快了（x"
"","","","","鱼糕今天困了喵",1778126377,"洗出来看喵"
"","","","","鱼糕今天困了喵",1778126365,"我都看呆了 我说这个无限远怎么还能不够远的 我总不能给镜头前组拧下来了"
"","","","","鱼糕今天困了喵",1778126295,"就是晃的晃歪了 顶多前面五六张不准"
"","","","","鱼糕今天困了喵",1778126200,"气笑了 刚刚死活对不上焦 拆了才发现对焦屏松了"
"","","","","鱼糕今天困了喵",1778126025,"还可以"
"","","","","鱼糕今天困了喵",1778126015,"我去 我要购入一箱"
"","","","","鱼糕今天困了喵",1778126008,"诺味蟹柳？"
"","","","","鱼糕今天困了喵",1778125797,"52.8QAQ"
"","","","","鱼糕今天困了喵",1778125767,"你是吗（思考"
"","","","","鱼糕今天困了喵",1778125689,"坏女人不要 我要去找可爱妹妹了"
"","","","","鱼糕今天困了喵",1778125618,"哎哟这个诺怎么这么坏啊"
"","","","","鱼糕今天困了喵",1778125597,"我是剑兔qaq"
"","","","","鱼糕今天困了喵",1778125559,"语音听取啊声一片"
"","","","","鱼糕今天困了喵",1778125454,"他自己接到vr上了 没接显示器"
"","","","","鱼糕今天困了喵",1778125443,"就是 我插了个vr头显"
"","","","","鱼糕今天困了喵",1778125413,"玩了一个小时感觉人半似不活了"
"","","","","鱼糕今天困了喵",1778125399,"其实是我不小心玩过一次"
"","","","","鱼糕今天困了喵",1778125321,"来玩生化危机vr吧 一刀桶到眼前喵"
"","","","","鱼糕今天困了喵",1778124974,"我在准备n2"
"","","","","鱼糕今天困了喵",1778124909,"好像也不是看不懂"
"","","","","鱼糕今天困了喵",1778124903,"我在思考要不要买日语版的ns2"
"","","","","鱼糕今天困了喵",1778124885,"反正报吃 不如烤肠"
"","","","","鱼糕今天困了喵",1778124805,"打mod可以8还是16来着"
"","","","","鱼糕今天困了喵",1778124755,"好怪（"
"","","","","鱼糕今天困了喵",1778124749,"711的章鱼小丸子怎么这么水这么泡泡的"
"","","","","鱼糕今天困了喵",1778124678,"对的 超长时间"
"","","","","鱼糕今天困了喵",1778124667,"星露谷怎么水友局 一起开荒吗"
"","","","","鱼糕今天困了喵",1778124577,"随机触发的"
"","","","","鱼糕今天困了喵",1778124573,"这个之前有"
"","","","","鱼糕今天困了喵",1778124305,"你是百变怪 你是梦幻"
"","","","","鱼糕今天困了喵",1778124298,"你是百变直播"
"","","","","鱼糕今天困了喵",1778124228,"那一个总督能下来吗（）"
"","","","","鱼糕今天困了喵",1778124126,"大主播了喵"
"","","","","鱼糕今天困了喵",1778124119,"我去 主播指定要总督了吗喵"
"","","","","鱼糕今天困了喵",1778124085,"各来一根"
"","","","","鱼糕今天困了喵",1778124047,"我才是乳酪 我才是乳酪"
"","","","","鱼糕今天困了喵",1778124034,"没 想吃烤肠了 去便利店中"
"","","","","鱼糕今天困了喵",1778124016,"美女你谁"
"","","","","鱼糕今天困了喵",1778078806,"晚安~ 早点休息w"
"","","","","鱼糕今天困了喵",1778078422,"想喝什么自己加"
"","","","","鱼糕今天困了喵",1778078215,"小鼠（）"
"","","","","鱼糕今天困了喵",1778078126,"知不知每晚饮它十次八次 医生话我滨州没得医（？"
"","","","","鱼糕今天困了喵",1778078085,"诺氏广阔平原"
"","","","","鱼糕今天困了喵",1778078043,"天空飘来五个字"
"","","","","鱼糕今天困了喵",1778077611,"依旧超级害怕想要拒绝小连招 依旧笑得比谁都开心"
"","","","","鱼糕今天困了喵",1778077585,"那个看到了（乐"
"","","","","鱼糕今天困了喵",1778077484,"说吧（）"
"","","","","鱼糕今天困了喵",1778077444,"害羞诺也是对的 suki"
"","","","","鱼糕今天困了喵",1778077431,"哎呀 原来诺接不住打直球嘛w"
"","","","","鱼糕今天困了喵",1778077116,"原来诺吃这一套吗"
"","","","","剑兔QAQ",1778076910,"谁家小鼠"
"","","","","剑兔QAQ",1778076888,"我会一直一直一直看着你哦（微笑）"
"","","","","鱼糕今天困了喵",1778075901,"就很痛了（）"
"","","","","鱼糕今天困了喵",1778075883,"没这个么早 但是感觉不知道有没有时间再出来玩"
"","","","","鱼糕今天困了喵",1778075784,"一想到又要回加拿大我就浑身难受啊"
"","","","","鱼糕今天困了喵",1778075555,"我要回到5.3下午3点"
"","","","","鱼糕今天困了喵",1778074861,"诺可以直播带货航空 今天抽10抽 我送你1抽 再送你1抽 再送你1抽"
"","","","","鱼糕今天困了喵",1778074173,"长头发洗和干时间会长点"
"","","","","鱼糕今天困了喵",1778074142,"一个月是晋升xnn*0.5了吗（"
"","","","","鱼糕今天困了喵",1778074107,"2-3"
"","","","","鱼糕今天困了喵",1778073778,"白嫖个sc"
"","","","","鱼糕今天困了喵",1778073767,"没答题不能改名字"
"","","","","鱼糕今天困了喵",1778073743,"是我（）"
"","","","","鱼糕今天困了喵",1778073702,"0.5是有的时候忘了（）"
"","","","","鱼糕今天困了喵",1778073677,"0.5"
"","","","","鱼糕今天困了喵",1778073555,"我是皱皮"
"","","","","鱼糕今天困了喵",1778072879,"诺味饭饭 香香"
"","","","","鱼糕今天困了喵",1778072599,"不关键"
"","","","","鱼糕今天困了喵",1778072595,"没事 再吃两口吧"
"","","","","鱼糕今天困了喵",1778072572,"你谁啊"
"","","","","鱼糕今天困了喵",1778072453,"看看班诺"
"","","","","鱼糕今天困了喵",1778072367,"super！big！cup！"
"","","","","鱼糕今天困了喵",1778072289,"乐 凛冬我狂下下太多了"
"","","","","鱼糕今天困了喵",1778072221,"搓玉缺钱"
"","","","","鱼糕今天困了喵",1778072120,"笑不出来"
"","","","","鱼糕今天困了喵",1778072112,"我倒欠70石头"
"","","","","鱼糕今天困了喵",1778072075,"夏活怎么办 直接战未来 明年攒满全出了"
"","","","","鱼糕今天困了喵",1778072009,"歪的又多又准"
"","","","","鱼糕今天困了喵",1778071811,"我劝你先别让诺抽"
"","","","","鱼糕今天困了喵",1778071803,"嘿嘿嘿ew嘿嘿嘿（流口水"
"","","","","鱼糕今天困了喵",1778071361,"嗷——————按我脸上了"
"","","","","鱼糕今天困了喵",1778071351,"大拇指wwwww"
"","","","","鱼糕今天困了喵",1778071285,"诺 举牌 诺"
"","","","","鱼糕今天困了喵",1778070869,"她说我是对的"
"","","","","鱼糕今天困了喵",1777988795,"美美结束"
"","","","","鱼糕今天困了喵",1777988759,"很难憋笑啊"
"","","","","鱼糕今天困了喵",1777988239,"哦哦哦ok"
"","","","","鱼糕今天困了喵",1777988059,"找诺去了"
"","","","","鱼糕今天困了喵",1777905657,"我都不知道我要不要补到300了"
"","","","","鱼糕今天困了喵",1777905650,"我的猫263抽来了 气笑了"
"","","","","鱼糕今天困了喵",1777905557,"你充q币吗 充q币 充充充"
"","","","","鱼糕今天困了喵",1777905438,"何忆卫"
"","","","","鱼糕今天困了喵",1777905095,"等什么时候养到过年就可以喝到饱了"
"","","","","鱼糕今天困了喵",1777905083,"其实诺是吸血鬼"
"","","","","鱼糕今天困了喵",1777905031,"捏捏小嘴（…？）"
"","","","","鱼糕今天困了喵",1777904494,"百万可以邀请诺球球去观看颁奖典礼吗（）"
"","","","","鱼糕今天困了喵",1777904388,"百万！百万！百万！"
"","","","","鱼糕今天困了喵",1777904373,"所以诺才是大博主"
"","","","","鱼糕今天困了喵",1777904024,"跟我去找别的妹妹（bushi"
"","","","","鱼糕今天困了喵",1777903878,"没有克隆小诺就不放出来了[doge2]"
"","","","","鱼糕今天困了喵",1777903867,"呜呜呜原来我只值1000那带着克隆小诺来赎返图吧[doge2]"
"","","","","鱼糕今天困了喵",1777903690,"lr也是负重前行"
"","","","","鱼糕今天困了喵",1777903677,"我不行了 修个图18g的raw 给我电脑干崩了"
"","","","","鱼糕今天困了喵",1777903479,"昨天就看到好像有印子了（）"
"","","","","鱼糕今天困了喵",1777903467,"我感觉到那个有多勒了"
"","","","","鱼糕今天困了喵",1777903103,"诺是瘦瘦的人"
"","","","","鱼糕今天困了喵",1777901457,"鱼糕"
"","","","","鱼糕今天困了喵",1777900881,"下次请狠狠攻击我"
"","","","","鱼糕今天困了喵",1777900874,"连拍才600张 强度不够啊"
"","","","","鱼糕今天困了喵",1777900865,"一群人 我都凑不上去"
"","","","","鱼糕今天困了喵",1777900860,"确实夸张"
"","","","","鱼糕今天困了喵",1777900855,"有克隆小诺就可以跟小诺一起看小诺了（）"
"","","","","鱼糕今天困了喵",1777900769,"算我一只"
"","","","","鱼糕今天困了喵",1777900757,"什么时候抽选派送克隆小诺"
"","","","","鱼糕今天困了喵",1777900552,"每次都是 第二天飞机就睡不着"
"","","","","鱼糕今天困了喵",1777900543,"也有可能是因为第二天飞机"
"","","","","鱼糕今天困了喵",1777900535,"可能是的"
"","","","","鱼糕今天困了喵",1777900496,"感觉人老了（）"
"","","","","鱼糕今天困了喵",1777900492,"我一点睡七点醒 力竭了"
"","","","","鱼糕今天困了喵",1777900474,"我昨天晚上睡不着（）"
"","","","","鱼糕今天困了喵",1777900395,"想你了喵"
"","","","","鱼糕今天困了喵",1777900392,"诺诺诺！！！！"
"","","","","鱼糕今天困了喵",1777733519,"晚安诺酱 明天见喵！neko punch！"
"","","","","鱼糕今天困了喵",1777732997,"顺风局"
"","","","","鱼糕今天困了喵",1777732992,"奖励局"
"","","","","鱼糕今天困了喵",1777732665,"播到明天下午3点"
"","","","","鱼糕今天困了喵",1777732651,"凑整吧"
"","","","","鱼糕今天困了喵",1777732638,"hhh这真是懂得流泪了"
"","","","","鱼糕今天困了喵",1777732564,"一个是怕被偷 一个是不想迷迷糊糊昏在某个陌生人旁边"
"","","","","鱼糕今天困了喵",1777732460,"或者有熟人（"
"","","","","鱼糕今天困了喵",1777732427,"必须得特别累才能眯"
"","","","","鱼糕今天困了喵",1777732401,"不太行"
"","","","","鱼糕今天困了喵",1777732264,"喜糖快递111"
"","","","","鱼糕今天困了喵",1777732237,"我去 娶同事吗"
"","","","","鱼糕今天困了喵",1777732202,"qqnene好喝到mepu茶"
"","","","","鱼糕今天困了喵",1777732068,"我一般不喝无糖 除非只有无糖"
"","","","","鱼糕今天困了喵",1777731998,"？！草草！？"
"","","","","鱼糕今天困了喵",1777731989,"吃草来的"
"","","","","鱼糕今天困了喵",1777731958,"你怎么知道我在喝可乐"
"","","","","鱼糕今天困了喵",1777731857,"（挑衅"
"","","","","鱼糕今天困了喵",1777731854,"她也是这么说的"
"","","","","鱼糕今天困了喵",1777731730,"回来了（暂时"
"","","","","鱼糕今天困了喵",1777731631,"不是 是新的别的妹妹（[dog]"
"","","","","鱼糕今天困了喵",1777731606,"诺我可以去看看别的妹妹吗"
"","","","","鱼糕今天困了喵",1777731505,"马上快进到速速30w然后我干瞪眼"
"","","","","鱼糕今天困了喵",1777731458,"我的总督还没攒齐（"
"","","","","鱼糕今天困了喵",1777731449,"你先别30w（"
"","","","","鱼糕今天困了喵",1777731198,"我的妈呀"
"","","","","鱼糕今天困了喵",1777731113,"吃过"
"","","","","鱼糕今天困了喵",1777731018,"对 假发不一样 发夹也不一样"
"","","","","鱼糕今天困了喵",1777730979,"椅子小姐想你了"
"","","","","鱼糕今天困了喵",1777730963,"上次诺这个形态的举牌署名是椅子（w"
"","","","","鱼糕今天困了喵",1777730765,"诺神神了"
"","","","","鱼糕今天困了喵",1777730610,"哎不是 我房间也有蚊子 我去"
"","","","","鱼糕今天困了喵",1777730600,"诺怎么打我"
"","","","","鱼糕今天困了喵",1777730597,"在现场 我是蚊子"
"","","","","鱼糕今天困了喵",1777730517,"老师介意肢体接触吗 （*一巴掌"
"","","","","鱼糕今天困了喵",1777730473,"我没有被绑架 诺很好接触的（这条5毛 括号删掉"
"","","","","鱼糕今天困了喵",1777730454,"1号不在 1号才回南京的"
"","","","","鱼糕今天困了喵",1777730438,"我好强（）"
"","","","","鱼糕今天困了喵",1777730412,"哎我是全勤吗（"
"","","","","鱼糕今天困了喵",1777730352,"不止"
"","","","","鱼糕今天困了喵",1777730133,"好小一个"
"","","","","鱼糕今天困了喵",1777730093,"马上直接再办个新的3年"
"","","","","鱼糕今天困了喵",1777730080,"这张签证用了8次 爽死了"
"","","","","鱼糕今天困了喵",1777730066,"拍照 瞎逛 没去过"
"","","","","鱼糕今天困了喵",1777729994,"我即将6/1-3 东京 3-7仙台"
"","","","","鱼糕今天困了喵",1777729961,"求日本偶遇教程"
"","","","","鱼糕今天困了喵",1777729864,"牢猫和小猫"
"","","","","鱼糕今天困了喵",1777729846,"可以"
"","","","","鱼糕今天困了喵",1777729842,"天才"
"","","","","鱼糕今天困了喵",1777729696,"111妈妈代播占领直播间"
"","","","","鱼糕今天困了喵",1777729420,"看得我吃了两块记忆面包"
"","","","","鱼糕今天困了喵",1777729406,"手写好看"
"","","","","鱼糕今天困了喵",1777729400,"不要被诺骗了"
"","","","","鱼糕今天困了喵",1777729238,"还有赛尔号摩尔庄园（"
"","","","","鱼糕今天困了喵",1777729226,"那会儿我把益智游戏光盘打通了"
"","","","","鱼糕今天困了喵",1777729215,"哎 我幼儿园就在嗯玩了"
"","","","","鱼糕今天困了喵",1777729005,"对的"
"","","","","鱼糕今天困了喵",1777728949,"你声音没卡 就视频流卡了"
"","","","","鱼糕今天困了喵",1777728935,"bukale"
"","","","","鱼糕今天困了喵",1777728874,"返潮来咯"
"","","","","鱼糕今天困了喵",1777728865,"对咯"
"","","","","鱼糕今天困了喵",1777728832,"诺我求你了做点好吃的吧（"
"","","","","鱼糕今天困了喵",1777728806,"我买了亲亲325礼包"
"","","","","鱼糕今天困了喵",1777728767,"有点汗蒸的美"
"","","","","鱼糕今天困了喵",1777728756,"我今天下飞机走两步 一身衣服全是潮湿的"
"","","","","鱼糕今天困了喵",1777728728,"那很凉快了"
"","","","","鱼糕今天困了喵",1777728680,"独家授权只此一家"
"","","","","鱼糕今天困了喵",1777728668,"扣1观看鲨鱼游泳高清视频"
"","","","","鱼糕今天困了喵",1777728476,"关注雨诺喵 关注雨诺谢谢喵"
"","","","","鱼糕今天困了喵",1777728467,"烟头用多了也会变成这样吗"
"","","","","鱼糕今天困了喵",1777728104,"一车面包人"
"","","","","鱼糕今天困了喵",1777728002,"我将变成诺卫星"
"","","","","鱼糕今天困了喵",1777727957,"真狠啊23组"
"","","","","鱼糕今天困了喵",1777727750,"oui"
"","","","","鱼糕今天困了喵",1777727747,"好像雷暴"
"","","","","鱼糕今天困了喵",1777727743,"塞尔达：诺神的方舟力量"
"","","","","鱼糕今天困了喵",1777727591,"这回可以648了（）"
"","","","","鱼糕今天困了喵",1777727528,"千鸟 yrsk"
"","","","","鱼糕今天困了喵",1777727512,"我在想要不要198购入酒神或者52"
"","","","","鱼糕今天困了喵",1777727454,"晕碳了"
"","","","","鱼糕今天困了喵",1777727329,"我买了新能和mmk"
"","","","","鱼糕今天困了喵",1777727321,"这个我买了"
"","","","","鱼糕今天困了喵",1777727292,"想被哈气了"
"","","","","鱼糕今天困了喵",1777727264,"last赏就太深了"
"","","","","鱼糕今天困了喵",1777727259,"有一说一这个有保底"
"","","","","鱼糕今天困了喵",1777727195,"一番赏小故事"
"","","","","鱼糕今天困了喵",1777727061,"不碎石头？"
"","","","","鱼糕今天困了喵",1777727006,"直接井了不井亏了"
"","","","","鱼糕今天困了喵",1777726987,"碎吧 该碎就碎"
"","","","","鱼糕今天困了喵",1777726843,"奸商来咯"
"","","","","鱼糕今天困了喵",1777726402,"太搞了"
"","","","","鱼糕今天困了喵",1777726399,"不行了 维神神了大头"
"","","","","鱼糕今天困了喵",1777726353,"我30可露希尔20新能 再给诺抽80抽这样"
"","","","","鱼糕今天困了喵",1777726315,"www"
"","","","","鱼糕今天困了喵",1777726313,"甚至通行证捆了同调雷达"
"","","","","鱼糕今天困了喵",1777726267,"直播抽吧主包"
"","","","","鱼糕今天困了喵",1777726252,"不可以"
"","","","","鱼糕今天困了喵",1777726232,"看看有没有蟑螂触须伸过来"
"","","","","鱼糕今天困了喵",1777726222,"我给我的包上挂了通行证和代理作战失败飘带"
"","","","","鱼糕今天困了喵",1777726147,"鲨鱼！让我看看！"
"","","","","鱼糕今天困了喵",1777726099,"骗你的 男孩子也不敢一个人去"
"","","","","鱼糕今天困了喵",1777726077,"直接拍 诺就是这个好看 人像三要素3/3"
"","","","","鱼糕今天困了喵",1777725722,"加油bro"
"","","","","鱼糕今天困了喵",1777725717,"我勒个挑战印度"
"","","","","鱼糕今天困了喵",1777562526,"睡觉去咯 yui老师晚安"
"","","","","鱼糕今天困了喵",1777561984,"挂着直播听着睡 享受（）"
"","","","","鱼糕今天困了喵",1777561303,"第一次碰感觉手指打结了"
"","","","","鱼糕今天困了喵",1777561292,"我觉得上手不简单（）"
"","","","","鱼糕今天困了喵",1777560890,"yui老师好可爱[doge2]"
"","","","","鱼糕今天困了喵",1777550424,"晚安喵诺酱"
"","","","","鱼糕今天困了喵",1777550198,"对咯"
"","","","","鱼糕今天困了喵",1777550197,"想吃"
"","","","","鱼糕今天困了喵",1777550155,"上海试点是金门马祖 目前本岛没有消息"
"","","","","鱼糕今天困了喵",1777550076,"困困诺"
"","","","","鱼糕今天困了喵",1777549972,"对 一颗颗的"
"","","","","鱼糕今天困了喵",1777549969,"wwwww吃一口吧诺"
"","","","","鱼糕今天困了喵",1777549943,"香啊"
"","","","","鱼糕今天困了喵",1777549937,"盐酥鸡里面还有蒜头酥诶 好吃好吃好吃"
"","","","","鱼糕今天困了喵",1777549848,"凑整 12点吧"
"","","","","鱼糕今天困了喵",1777549732,"诺 你今天晚上打呼噜咯"
"","","","","鱼糕今天困了喵",1777549694,"所有人都说睡觉很安静"
"","","","","鱼糕今天困了喵",1777549682,"对的 大家都这么说"
"","","","","鱼糕今天困了喵",1777549627,"这集循环听完睡着了"
"","","","","鱼糕今天困了喵",1777549511,"啊咻咻咻咻咻咻咻咻咻"
"","","","","鱼糕今天困了喵",1777549356,"没成功 现在每次熬夜聊天都问我要不要直播睡觉（）"
"","","","","鱼糕今天困了喵",1777549312,"笑死了我有一次discord聊天到一半眯着了 真直播睡觉了"
"","","","","鱼糕今天困了喵",1777549240,"扣1直播睡觉"
"","","","","鱼糕今天困了喵",1777549060,"你没卡 今天是电台 没视频流"
"","","","","鱼糕今天困了喵",1777549052,"坏了 那就是我睡着了"
"","","","","鱼糕今天困了喵",1777549031,"我超级生气暴怒"
"","","","","鱼糕今天困了喵",1777549025,"我没看见"
"","","","","鱼糕今天困了喵",1777549022,"？昨天何时展示锁骨了 是我睡着了吗"
"","","","","鱼糕今天困了喵",1777548966,"没隐藏好"
"","","","","鱼糕今天困了喵",1777548961,"坏了 被发现了"
"","","","","鱼糕今天困了喵",1777548810,"像 像吗"
"","","","","鱼糕今天困了喵",1777548592,"兔娘老师！我好久！"
"","","","","鱼糕今天困了喵",1777547893,"诺式广阔豆包（）"
"","","","","鱼糕今天困了喵",1777547834,"7"
"","","","","鱼糕今天困了喵",1777547690,"“狐姐姐先来的”wwww"
"","","","","鱼糕今天困了喵",1777547647,"我要是带着狐给的东西来找诺玩 诺会不会给我砍了"
"","","","","鱼糕今天困了喵",1777547615,"看别的妹妹去了"
"","","","","鱼糕今天困了喵",1777547577,"你知道我这120年是怎么过的吗"
"","","","","鱼糕今天困了喵",1777547569,"我已经120年没见到诺了"
"","","","","鱼糕今天困了喵",1777547526,"想她"
"","","","","鱼糕今天困了喵",1777547518,"想她"
"","","","","鱼糕今天困了喵",1777547453,"呜呜呜呜呜呜呜呜怎么骂我伤心了喵（）"
"","","","","鱼糕今天困了喵",1777547407,"111帮帮我"
"","","","","鱼糕今天困了喵",1777547390,"我趣 我要是能变成jk那是好事啊"
"","","","","鱼糕今天困了喵",1777547348,"我是学生"
"","","","","鱼糕今天困了喵",1777547339,"送我"
"","","","","鱼糕今天困了喵",1777547269,"能听到"
"","","","","鱼糕今天困了喵",1777547264,"春节靠近诺家不能被抓去做杀猪菜吧"
"","","","","鱼糕今天困了喵",1777547185,"我每顿饭都说要吃好一点 最后好像吃太多了wwwww"
"","","","","鱼糕今天困了喵",1777547168,"wwwwwwww"
"","","","","鱼糕今天困了喵",1777547005,"还有鸡胗鸡心鸡皮 脆骨鱿鱼炸豆腐 和奶茶"
"","","","","鱼糕今天困了喵",1777546949,"好吃耶"
"","","","","鱼糕今天困了喵",1777546943,"吃上晚饭了 点了盐酥鸡"
"","","","","鱼糕今天困了喵",1777546194,"我是小肚"
"","","","","鱼糕今天困了喵",1777546133,"好 标记了一处地点"
"","","","","鱼糕今天困了喵",1777546101,"好狠（"
"","","","","鱼糕今天困了喵",1777546083,"才700"
"","","","","鱼糕今天困了喵",1777546033,"没计划玩 我一个人来不是很有动力出门"
"","","","","鱼糕今天困了喵",1777545973,"我也是 2号来4号走"
"","","","","鱼糕今天困了喵",1777545778,"快进到回家一看镜头发霉（不要啊"
"","","","","鱼糕今天困了喵",1777545738,"这样也可以少带东西了"
"","","","","鱼糕今天困了喵",1777545725,"我在想要不要换成防水大包出门"
"","","","","鱼糕今天困了喵",1777545671,"诺3号记得带伞喵"
"","","","","鱼糕今天困了喵",1777545594,"美女你谁"
"","","","","鱼糕今天困了喵",1777518536,"oi"
"","","","","鱼糕今天困了喵",1777472980,"什么 诺是富婆"
"","","","","鱼糕今天困了喵",1777472951,"落魄大小姐也是大小姐"
"","","","","鱼糕今天困了喵",1777472871,"分点我的花呗可以嘛"
"","","","","鱼糕今天困了喵",1777472851,"跟我一样 我是贴柜子门上"
"","","","","鱼糕今天困了喵",1777472420,"基本上我去漫展的动力来源于有个人能让我抓（"
"","","","","鱼糕今天困了喵",1777472294,"就得集邮"
"","","","","鱼糕今天困了喵",1777472290,"怎么不是一种集邮"
"","","","","鱼糕今天困了喵",1777472059,"不如一人一份麦当劳"
"","","","","鱼糕今天困了喵",1777472023,"惊天一场馆区"
"","","","","鱼糕今天困了喵",1777472005,"区区区区区"
"","","","","鱼糕今天困了喵",1777471960,"还有橙光"
"","","","","鱼糕今天困了喵",1777471742,"那不得不下一个玩玩了"
"","","","","鱼糕今天困了喵",1777471695,"游戏什么时候18+🙏🙏🙏"
"","","","","鱼糕今天困了喵",1777471675,"哎 过时间了 退不了（"
"","","","","鱼糕今天困了喵",1777471633,"比我看狐早 有实力"
"","","","","鱼糕今天困了喵",1777471624,"huh？"
"","","","","鱼糕今天困了喵",1777471584,"没什么特别想去的"
"","","","","鱼糕今天困了喵",1777471578,"主要我看内容好像一般"
"","","","","鱼糕今天困了喵",1777471540,"什么 有妈妈挨个送回家环节"
"","","","","鱼糕今天困了喵",1777471477,"有点区 那我退票了喵"
"","","","","鱼糕今天困了喵",1777471339,"其实他知道自己卖不出去是吧（"
"","","","","鱼糕今天困了喵",1777471268,"那只能去找狐了"
"","","","","鱼糕今天困了喵",1777471254,"好痛"
"","","","","鱼糕今天困了喵",1777471246,"不要[大哭][大哭]"
"","","","","鱼糕今天困了喵",1777471186,"（瞬间暴露了www"
"","","","","鱼糕今天困了喵",1777471176,"诺今天也是美神降临 单推 suki"
"","","","","鱼糕今天困了喵",1777471036,"我的正反手环节呢"
"","","","","鱼糕今天困了喵",1777471024,"补兑 何时开的仅限直播间牌子"
"","","","","鱼糕今天困了喵",1777471008,"我单推"
"","","","","鱼糕今天困了喵",1777470969,"我是99p"
"","","","","鱼糕今天困了喵",1777470894,"我去 真想回来了"
"","","","","鱼糕今天困了喵",1777470888,"哎对我还见不到99"
"","","","","鱼糕今天困了喵",1777470756,"不会吗"
"","","","","鱼糕今天困了喵",1777470694,"萤火虫好像是诺先看到的我（"
"","","","","鱼糕今天困了喵",1777470647,"萤火虫差点没认出来"
"","","","","鱼糕今天困了喵",1777470637,"不提前预告出什么难说（"
"","","","","鱼糕今天困了喵",1777470602,"挺好认的（"
"","","","","鱼糕今天困了喵",1777470476,"这是我！"
"","","","","鱼糕今天困了喵",1777470470,"可以"
"","","","","鱼糕今天困了喵",1777470452,"《腼腆》"
"","","","","鱼糕今天困了喵",1777470423,"111我说我要 打我"
"","","","","鱼糕今天困了喵",1777470413,"打我"
"","","","","鱼糕今天困了喵",1777469964,"给我教育了"
"","","","","鱼糕今天困了喵",1777469956,"笑死了本来发件人我想写fishcake的 邮局说你这个id对不上啊"
"","","","","鱼糕今天困了喵",1777469906,"不是因为这个"
"","","","","鱼糕今天困了喵",1777469847,"可以 我也喊你大名"
"","","","","鱼糕今天困了喵",1777469793,"关注雨诺akari谢谢喵 关注1542224谢谢喵 关注妈妈喵"
"","","","","鱼糕今天困了喵",1777469739,"不能随便给坏人看 诺不是坏人"
"","","","","鱼糕今天困了喵",1777469407,"我要 送我"
"","","","","鱼糕今天困了喵",1777469358,"那才是很重了"
"","","","","鱼糕今天困了喵",1777469344,"也不排除我真的疯了带一个过来"
"","","","","鱼糕今天困了喵",1777469335,"还好吧 我没带中画幅反转片就很好了（） 那个起码3kg"
"","","","","鱼糕今天困了喵",1777469245,"诺说要zr 于是我准备带zr"
"","","","","鱼糕今天困了喵",1777469227,"啊对的喵 所以我即将再次出击"
"","","","","鱼糕今天困了喵",1777469205,"乖 今天课程没那么难 跟我读 1+1=2"
"","","","","鱼糕今天困了喵",1777469094,"我即将携带相机拍摄"
"","","","","鱼糕今天困了喵",1777468969,"[热][热][热][热][热][热][热]"
"","","","","鱼糕今天困了喵",1777468966,"我现在想5.1就来。"
"","","","","鱼糕今天困了喵",1777468920,"限时165诺"
"","","","","鱼糕今天困了喵",1777468834,"我没夸吗（）原来诺把我忘掉了呜呜呜呜呜呜"
"","","","","鱼糕今天困了喵",1777468746,"未检测到空间波动"
"","","","","鱼糕今天困了喵",1777468707,"这么瘦为什么说自己圆"
"","","","","鱼糕今天困了喵",1777468697,"区别在哪里？"
"","","","","鱼糕今天困了喵",1777468685,"好看"
"","","","","鱼糕今天困了喵",1777468571,"老板～～"
"","","","","鱼糕今天困了喵",1777468563,"老板喜欢的话点个关注上个舰长吗"
"","","","","鱼糕今天困了喵",1777468505,"坏了那我成男妈妈了"
"","","","","鱼糕今天困了喵",1777468483,"111哪里登记领养"
"","","","","鱼糕今天困了喵",1777468476,"那诺女儿就可以了吗"
"","","","","鱼糕今天困了喵",1777468370,"让我养只诺吧"
"","","","","鱼糕今天困了喵",1777468302,"别拱我家白菜"
"","","","","鱼糕今天困了喵",1777468293,"拉出去枪毙啊 这是我女儿"
"","","","","鱼糕今天困了喵",1777468240,"不是 等等 这对吗 我说不对"
"","","","","鱼糕今天困了喵",1777468229,"？？？"
"","","","","鱼糕今天困了喵",1777468225,"其实是一拳打到拳击游戏上 因为它就可以被打 记得大力出拳"
"","","","","鱼糕今天困了喵",1777468056,"看过 合法萝莉 全对"
"","","","","鱼糕今天困了喵",1777467974,"这么喜欢被电 武陵电还是谷地电"
"","","","","鱼糕今天困了喵",1777467802,"旋律的主人[doge2]"
"","","","","鱼糕今天困了喵",1777467682,"甘露生成中x2"
"","","","","鱼糕今天困了喵",1777467629,"说文解字"
"","","","","鱼糕今天困了喵",1777467624,"形声这一块"
"","","","","鱼糕今天困了喵",1777467580,"哎哟我 我宣布有人自证失败"
"","","","","鱼糕今天困了喵",1777467566,"悒 yi"
"","","","","鱼糕今天困了喵",1777467449,"加拿大人学中文很难的 理解（（（（"
"","","","","鱼糕今天困了喵",1777467333,"你给我吃我说不定能战胜我说"
"","","","","鱼糕今天困了喵",1777467284,"因为2000交宿舍费 剩下的必须出去吃"
"","","","","鱼糕今天困了喵",1777467266,"你猜我3000刀一个月为什么一分钱不剩"
"","","","","鱼糕今天困了喵",1777467091,"什么 是诺做的吗 那我吃一下吧"
"","","","","鱼糕今天困了喵",1777467081,"谢谢 不饿"
"","","","","鱼糕今天困了喵",1777467031,"我今天狂吃夜市"
"","","","","鱼糕今天困了喵",1777466994,"加拿大餐厅贵死了"
"","","","","鱼糕今天困了喵",1777466554,"我是加拿大sim卡漫游的"
"","","","","鱼糕今天困了喵",1777466504,"主播主播我吃了可以变成可爱小女孩吗"
"","","","","鱼糕今天困了喵",1777466484,"美女你谁"
"","","","","鱼糕今天困了喵",1777293440,"晚安"
"","","","","鱼糕今天困了喵",1777292105,"我要诺味"
"","","","","鱼糕今天困了喵",1777292029,"痛痛痛"
"","","","","鱼糕今天困了喵",1777292023,"呜呜呜呜呜呜呜呜呜呜呜哇"
"","","","","鱼糕今天困了喵",1777292019,"痛！"
"","","","","鱼糕今天困了喵",1777291847,"还有cos乳酪回 那不得不留了"
"","","","","鱼糕今天困了喵",1777291823,"乳酪边上呆着去吃你零食去"
"","","","","鱼糕今天困了喵",1777291808,"如果是原皮诺我就要"
"","","","","鱼糕今天困了喵",1777291696,"鸡精吗[热][热][热][热]"
"","","","","鱼糕今天困了喵",1777291653,"求你了"
"","","","","鱼糕今天困了喵",1777291648,"我不行了"
"","","","","鱼糕今天困了喵",1777291635,"也不是不行 我可以接受"
"","","","","鱼糕今天困了喵",1777291621,"可以是女儿"
"","","","","鱼糕今天困了喵",1777291566,"今天有举牌吗（） 没有的话存存"
"","","","","鱼糕今天困了喵",1777291378,"时差怎么这么坏 我昨天晚上3点才睡"
"","","","","鱼糕今天困了喵",1777291347,"早喵lmj"
"","","","","鱼糕今天困了喵",1777290929,"何动静"
"","","","","鱼糕今天困了喵",1777290747,"主包一般不开皮套"
"","","","","鱼糕今天困了喵",1777290701,"老板糊涂啊"
"","","","","鱼糕今天困了喵",1777290630,"黄灯笼都来了"
"","","","","鱼糕今天困了喵",1777290624,"群众里面还是有好人啊"
"","","","","鱼糕今天困了喵",1777290603,"看不同的店吧 吃到过地雷版的 一口给我辣飞了"
"","","","","鱼糕今天困了喵",1777290511,"你骗我 广东辣椒酱不是这样的[大哭]"
"","","","","鱼糕今天困了喵",1777290383,"诺！她凶我 呜呜呜呜呜呜"
"","","","","鱼糕今天困了喵",1777290344,"我可以是兽耳美少女"
"","","","","鱼糕今天困了喵",1777290330,"你不爱吃骨头我吃"
"","","","","鱼糕今天困了喵",1777290321,"这是奖励啊"
"","","","","鱼糕今天困了喵",1777290290,"饿了喵"
"","","","","鱼糕今天困了喵",1777290282,"去你家我可以一天吃空所有零食吗"
"","","","","鱼糕今天困了喵",1777290221,"我不能吃苦"
"","","","","鱼糕今天困了喵",1777290160,"还有2d鱼糕的事？那就叫他鱼板吧"
"","","","","鱼糕今天困了喵",1777290118,"对的 一直在拼豆 这是第二板"
"","","","","鱼糕今天困了喵",1777290092,"对咯 你看 我都不用说"
"","","","","鱼糕今天困了喵",1777290085,"对咯"
"","","","","鱼糕今天困了喵",1777290074,"我宣布我啥都吃"
"","","","","鱼糕今天困了喵",1777290048,"豆针是医生"
"","","","","鱼糕今天困了喵",1777290040,"熨斗是护士"
"","","","","鱼糕今天困了喵",1777289979,"可以 我配合一下"
"","","","","鱼糕今天困了喵",1777289938,"故意的"
"","","","","鱼糕今天困了喵",1777289804,"你要是来南京可以请你吃饭[doge2]"
"","","","","鱼糕今天困了喵",1777289774,"臭豆腐（算吗算吧"
"","","","","鱼糕今天困了喵",1777289765,"汤包"
"","","","","鱼糕今天困了喵",1777289762,"各种鸭子 皮肚面 大肉面"
"","","","","鱼糕今天困了喵",1777289678,"接受点菜"
"","","","","鱼糕今天困了喵",1777289663,"来我家吧 我家有饭吃"
"","","","","鱼糕今天困了喵",1777289604,"主播叫鱼糕今天困了喵 点点关注谢谢喵"
"","","","","鱼糕今天困了喵",1777289580,"虽然很难说最后谁羞耻"
"","","","","鱼糕今天困了喵",1777289571,"你可以为了让鱼糕羞耻指挥鱼糕给你夹菜"
"","","","","鱼糕今天困了喵",1777289536,"99晚上好——"
"","","","","鱼糕今天困了喵",1777289500,"两个人一起给你夹菜就老实咯"
"","","","","鱼糕今天困了喵",1777289483,"给诺夹菜位 诺诺乖多吃点多吃点"
"","","","","鱼糕今天困了喵",1777289461,"（有人不认识字（"
"","","","","鱼糕今天困了喵",1777289450,"就是左右两边"
"","","","","鱼糕今天困了喵",1777289396,"那我选左膀右臂位"
"","","","","鱼糕今天困了喵",1777289356,"wwwww"
"","","","","鱼糕今天困了喵",1777289288,"胖在哪里了"
"","","","","鱼糕今天困了喵",1777289279,"你跟我比简直跟个竹竿一样"
"","","","","鱼糕今天困了喵",1777289193,"鱼糕 对 鲨鱼 使用了 肉蛋葱鸡 效果拔群！"
"","","","","鱼糕今天困了喵",1777289128,"要长胖了（（（"
"","","","","鱼糕今天困了喵",1777289116,"这才是人间食品啊"
"","","","","鱼糕今天困了喵",1777289103,"热炒 点了个招牌炒菜和九层塔炒蛤蜊"
"","","","","鱼糕今天困了喵",1777288991,"吃完晚饭了 爽了"
"","","","","鱼糕今天困了喵",1777288426,"想要被看着玩说是"
"","","","","鱼糕今天困了喵",1777288307,"我经常前一天说出门走走吧 后一天就找各种理由不去"
"","","","","鱼糕今天困了喵",1777287801,"炒炒我的"
"","","","","鱼糕今天困了喵",1777287032,"来3号 我负责催大家表演节目"
"","","","","鱼糕今天困了喵",1777286102,"xxx！"
"","","","","鱼糕今天困了喵",1777284820,"时间差不多咯"
"","","","","鱼糕今天困了喵",1777284697,"我们图书馆是有librarian走过来敲你两下告诉你要关门了"
"","","","","鱼糕今天困了喵",1777284575,"草"
"","","","","鱼糕今天困了喵",1777284560,"还是我们明日方舟好玩啊"
"","","","","鱼糕今天困了喵",1777284555,"zmd没有动力了"
"","","","","鱼糕今天困了喵",1777284378,"毕业了（不要啊"
"","","","","鱼糕今天困了喵",1777284210,"我想交给你决定（"
"","","","","鱼糕今天困了喵",1777284196,"喵"
"","","","","鱼糕今天困了喵",1777283955,"欺负诺的吃我两拳！"
"","","","","鱼糕今天困了喵",1777283923,"不许欺负诺"
"","","","","鱼糕今天困了喵",1777282708,"www"
"","","","","鱼糕今天困了喵",1777281884,"诺凶我了 爽了"
"","","","","鱼糕今天困了喵",1777281860,"我不行了"
"","","","","鱼糕今天困了喵",1777281847,"原来是鱼糕啊"
"","","","","鱼糕今天困了喵",1777281489,"填完还不用找位置了"
"","","","","鱼糕今天困了喵",1777281476,"诺这个机智"
"","","","","鱼糕今天困了喵",1777281469,"好方法 天才"
"","","","","鱼糕今天困了喵",1777281370,"嗷 那我没见过正常"
"","","","","鱼糕今天困了喵",1777281311,"他这个色号是什么标准 我没见过这个"
"","","","","鱼糕今天困了喵",1777281264,"好喵"
"","","","","鱼糕今天困了喵",1777281235,"嗯？好像有点暗？"
"","","","","鱼糕今天困了喵",1777281211,"没截到傲娇脸乳酪"
"","","","","鱼糕今天困了喵",1777281184,"喔 ztmy suki"
"","","","","鱼糕今天困了喵",1777281112,"对的 诺拼了一下午"
"","","","","鱼糕今天困了喵",1777281076,"乐（）"
"","","","","鱼糕今天困了喵",1777281070,"要不就是有什么理解 要不就是要开始攻击了"
"","","","","鱼糕今天困了喵",1777281057,"我的同学说我有点太安静了 他要是开始说话"
"","","","","鱼糕今天困了喵",1777280996,"我一般不爱攻击人 除非忍不住"
"","","","","鱼糕今天困了喵",1777280927,"不知道哪儿来的自信"
"","","","","鱼糕今天困了喵",1777280919,"还有附带攻击"
"","","","","鱼糕今天困了喵",1777280911,"没那么文明 那个b跟妹妹聊天语言不是很respect+mansplaining"
"","","","","鱼糕今天困了喵",1777280829,"没这么文明"
"","","","","鱼糕今天困了喵",1777280770,"只能说见多了我都想关私信了（"
"","","","","鱼糕今天困了喵",1777280749,"我还遇到过一个250天天pk连线找妹妹聊天然后如同街溜子一般讨口子的"
"","","","","鱼糕今天困了喵",1777280646,"色烂（…？（（（"
"","","","","鱼糕今天困了喵",1777280613,"我说你这是什么直播间 她说我是赚钱直播间"
"","","","","鱼糕今天困了喵",1777280600,"我：？？？"
"","","","","鱼糕今天困了喵",1777280597,"我遇到过一个0粉主播上来问我能不能给个提督"
"","","","","鱼糕今天困了喵",1777280560,"而且老贵了你知道吧"
"","","","","鱼糕今天困了喵",1777280508,"我气笑了"
"","","","","鱼糕今天困了喵",1777280503,"有人直接给我发黄色gif的"
"","","","","鱼糕今天困了喵",1777280451,"那可多了 我这个私信全是"
"","","","","鱼糕今天困了喵",1777280394,"全是坏人"
"","","","","鱼糕今天困了喵",1777280382,"确实"
"","","","","鱼糕今天困了喵",1777280205,"那诺就能早睡一个小时了"
"","","","","鱼糕今天困了喵",1777280196,"那很好了"
"","","","","鱼糕今天困了喵",1777280062,"狠狠烫我[热]"
"","","","","鱼糕今天困了喵",1777279819,"那个妹妹就不会这么凶"
"","","","","鱼糕今天困了喵",1777279811,"呜呜呜呜又威胁我"
"","","","","鱼糕今天困了喵",1777279786,"可以 我下中间"
"","","","","鱼糕今天困了喵",1777278118,"下面的花纹是诺的熨斗烫的（？"
"","","","","鱼糕今天困了喵",1777277745,"诺不休息一下嘛（"
"","","","","鱼糕今天困了喵",1777276821,"传下去 诺偷偷把舰长关进阴暗潮湿地下室"
"","","","","鱼糕今天困了喵",1777276695,"再去看别的妹妹一次 她就会再烫我一次了"
"","","","","鱼糕今天困了喵",1777275009,"原来是星铁的"
"","","","","鱼糕今天困了喵",1777274920,"下午好喵"
"","","","","鱼糕今天困了喵",1777274793,"才想起来是凌晨4点"
"","","","","鱼糕今天困了喵",1777274785,"我还以为是下午4点更新每日"
"","","","","鱼糕今天困了喵",1777274770,"不行了 我好呆"
"","","","","鱼糕今天困了喵",1777274626,"无限流量 嘻嘻[dog]"
"","","","","鱼糕今天困了喵",1777274590,"我的手机统计我在b站用了970gb流量了"
"","","","","鱼糕今天困了喵",1777274193,"《虚拟女主播》"
"","","","","鱼糕今天困了喵",1777274058,"可以先拍拍看"
"","","","","鱼糕今天困了喵",1777274047,"我觉得看着吃饭视频能下饭也是好的"
"","","","","鱼糕今天困了喵",1777273897,"就 看诺吃饭 真的能多吃两碗"
"","","","","鱼糕今天困了喵",1777273842,"诺吃的没那么多 但是很香（"
"","","","","鱼糕今天困了喵",1777273530,"有这个时间都去学习啊kora"
"","","","","鱼糕今天困了喵",1777273487,"人类还是太闲了"
"","","","","鱼糕今天困了喵",1777273464,"。有点太猎奇了"
"","","","","鱼糕今天困了喵",1777273450,"不能真是我想的那个吧"
"","","","","鱼糕今天困了喵",1777273442,"不能吧我服了"
"","","","","鱼糕今天困了喵",1777273354,"我怎么不知道 来个人给我讲讲 球球了"
"","","","","鱼糕今天困了喵",1777273338,"？"
"","","","","鱼糕今天困了喵",1777273237,"不知道啊 纯猎奇吧"
"","","","","鱼糕今天困了喵",1777273136,"汪汪汪"
"","","","","鱼糕今天困了喵",1777273081,"说到喝水 喝一口吧诺 鲨鱼什么都会做的"
"","","","","鱼糕今天困了喵",1777273024,"我一晚上狂吃3个警告"
"","","","","鱼糕今天困了喵",1777273006,"666"
"","","","","鱼糕今天困了喵",1777273000,"不是啊 喝水 10秒 就警告啊"
"","","","","鱼糕今天困了喵",1777272973,"我都不明白了"
"","","","","鱼糕今天困了喵",1777272961,"哎我想起来我上次游戏开到主界面喝了口水被警告挂机了"
"","","","","鱼糕今天困了喵",1777272941,"皮套也ban吗"
"","","","","鱼糕今天困了喵",1777272862,"睡着的声音"
"","","","","鱼糕今天困了喵",1777272760,"听听呼噜"
"","","","","鱼糕今天困了喵",1777272749,"直播睡觉我也没意见"
"","","","","鱼糕今天困了喵",1777272730,"睡吧"
"","","","","鱼糕今天困了喵",1777272341,"当时看笑了 朋友没忍住点了一条"
"","","","","鱼糕今天困了喵",1777272324,"隔壁餐厅在卖烤鱼"
"","","","","鱼糕今天困了喵",1777272317,"niagara那边说有一种鱼被吃的太多了有点稀少了"
"","","","","鱼糕今天困了喵",1777272304,"bur 我真见过正反手的"
"","","","","鱼糕今天困了喵",1777272186,"水族馆可以的 正反手教学 正手展示游泳 反手展示做菜"
"","","","","鱼糕今天困了喵",1777272157,"鱼糕没有鱼味 可以吃"
"","","","","鱼糕今天困了喵",1777272131,"看别的妹妹去了[大哭][大哭][大哭]"
"","","","","鱼糕今天困了喵",1777272124,"？诺说她不喜欢我们了[大哭][大哭][大哭][大哭]"
"","","","","鱼糕今天困了喵",1777272083,"雨诺水族馆"
"","","","","鱼糕今天困了喵",1777272045,"我服了"
"","","","","鱼糕今天困了喵",1777272037,"？"
"","","","","鱼糕今天困了喵",1777272025,"韩式辣炒年糕鱼糕是吗"
"","","","","鱼糕今天困了喵",1777271927,"谁又在说我们家诺胖了 吃我一腿"
"","","","","鱼糕今天困了喵",1777271873,"豆沙包好吃"
"","","","","鱼糕今天困了喵",1777271870,"豆沙包大的拳头"
"","","","","鱼糕今天困了喵",1777271842,"好久没吃诺拳了"
"","","","","鱼糕今天困了喵",1777271599,"最多好像一年考了13门 神人合集"
"","","","","鱼糕今天困了喵",1777271578,"最后考了11门ap"
"","","","","鱼糕今天困了喵",1777271488,"高二后面直接跑了学ap sat申请学校去了 真不熟"
"","","","","鱼糕今天困了喵",1777271475,"真不熟 本来高一之后就按科目分第二次班"
"","","","","鱼糕今天困了喵",1777271433,"55？"
"","","","","鱼糕今天困了喵",1777271381,"我自己班上的认不全 社团认全了"
"","","","","鱼糕今天困了喵",1777271367,"so true"
"","","","","鱼糕今天困了喵",1777271317,"那会儿没烫卷毛"
"","","","","鱼糕今天困了喵",1777271304,"没 我前面几个都是拍了就跑"
"","","","","鱼糕今天困了喵",1777271278,"咱也不知道为什么认识我"
"","","","","鱼糕今天困了喵",1777271231,"我老害怕了"
"","","","","鱼糕今天困了喵",1777271225,"校领导拉着我聊了两分钟"
"","","","","鱼糕今天困了喵",1777271218,"hhh拿毕业证合影的时候我本来想拍了照就跑"
"","","","","鱼糕今天困了喵",1777271091,"乐 毕业确实不登校了"
"","","","","鱼糕今天困了喵",1777271002,"腿快断了"
"","","","","鱼糕今天困了喵",1777270997,"我有点不行了 长途飞完之后还是不适合走路走太远"
"","","","","鱼糕今天困了喵",1777270551,"我应该顺便会写点东西 不无聊喵"
"","","","","鱼糕今天困了喵",1777270463,"好 我下午在酒店 蹲着也ok的"
"","","","","鱼糕今天困了喵",1777270425,"好喵 那我下午蹲着"
"","","","","鱼糕今天困了喵",1777270348,"哦？诺还在播嘛"
"","","","","鱼糕今天困了喵",1777260083,"走了喵 出门去了喵"
"","","","","鱼糕今天困了喵",1777259965,"他说好吧 服了你了 “一串简单的答案” 现在能去睡了吗"
"","","","","鱼糕今天困了喵",1777259905,"气笑了"
"","","","","鱼糕今天困了喵",1777259903,"跟我说我以人文关怀优先 拒绝回答你的问题 因为不睡觉不好 所以乖 去睡吧"
"","","","","鱼糕今天困了喵",1777259885,"他说我两点不睡觉是不好的 直接拒绝回答我的问题"
"","","","","鱼糕今天困了喵",1777259872,"我昨天晚上跟claude聊去哪里玩"
"","","","","鱼糕今天困了喵",1777259780,"我会用最精准的答案告诉你 不废话 不绕弯子 稳稳的接住你"
"","","","","鱼糕今天困了喵",1777259636,"这样 你过一年发 回忆录"
"","","","","鱼糕今天困了喵",1777259601,"不后处理那层纹毛躁什么的很明显了"
"","","","","鱼糕今天困了喵",1777259520,"有时间剪剪vlog"
"","","","","鱼糕今天困了喵",1777259473,"而且你确定你要搞3d建模吗（）"
"","","","","鱼糕今天困了喵",1777259451,"要拆支撑打磨表面"
"","","","","鱼糕今天困了喵",1777259425,"我甚至是找嘉立创打的"
"","","","","鱼糕今天困了喵",1777259358,"闲置的cos服可以送我"
"","","","","鱼糕今天困了喵",1777259316,"你看看你大概能不能用到这么多的耗材 如果能比这个差价大再说咯"
"","","","","鱼糕今天困了喵",1777259279,"我当时做项目打了几十个小模型才几十块"
"","","","","鱼糕今天困了喵",1777259159,"劝吗 其实找工厂打3d不贵的 感觉不是大批量打印不用买打印机"
"","","","","鱼糕今天困了喵",1777259112,"前两天去看别的妹妹被发现 诺就用这个烫的我"
"","","","","鱼糕今天困了喵",1777259099,"我证明 这个质量可好了"
"","","","","鱼糕今天困了喵",1777259014,"老香了"
"","","","","鱼糕今天困了喵",1777259004,"上次去银记吃了炸两肠"
"","","","","鱼糕今天困了喵",1777258954,"很健康的"
"","","","","鱼糕今天困了喵",1777258949,"哎呀肠粉就一碟 不长胖"
"","","","","鱼糕今天困了喵",1777258901,"来点肠粉吧诺"
"","","","","鱼糕今天困了喵",1777258673,"cccccc捏捏"
"","","","","鱼糕今天困了喵",1777258555,"那诺表演个才艺吧"
"","","","","鱼糕今天困了喵",1777258364,"《存下来氪金》"
"","","","","鱼糕今天困了喵",1777258297,"我要往肠粉里加蛋 真的很喜欢加蛋"
"","","","","鱼糕今天困了喵",1777258237,"对的www"
"","","","","鱼糕今天困了喵",1777258234,"我会怂恿"
"","","","","鱼糕今天困了喵",1777258136,"一个人喝不完很尴尬 一群人喝不完就ok了（）"
"","","","","鱼糕今天困了喵",1777258122,"除非有人跟我一起试 否则我是不可能一个人去的"
"","","","","鱼糕今天困了喵",1777258020,"我没试过 没这个计划（）"
"","","","","鱼糕今天困了喵",1777257985,"wwwwww"
"","","","","鱼糕今天困了喵",1777257856,"豆汁儿"
"","","","","鱼糕今天困了喵",1777257786,"被抓到了wwwww"
"","","","","鱼糕今天困了喵",1777257715,"来来来来都来了一人一个舰长一人一个舰长嗷"
"","","","","鱼糕今天困了喵",1777257688,"今天是鱼糕抢占直播间（雾"
"","","","","鱼糕今天困了喵",1777257644,"吓哭了"
"","","","","鱼糕今天困了喵",1777257588,"很香了"
"","","","","鱼糕今天困了喵",1777257527,"诺想去台湾应该好去"
"","","","","鱼糕今天困了喵",1777257506,"感觉人活了"
"","","","","鱼糕今天困了喵",1777257495,"好吃"
"","","","","鱼糕今天困了喵",1777257479,"吃过"
"","","","","鱼糕今天困了喵",1777257422,"以吃为主"
"","","","","鱼糕今天困了喵",1777257393,"还有面点和面档"
"","","","","鱼糕今天困了喵",1777257384,"白酱炖鸡 照烧鱼 清炒时蔬（咳咳划重点）"
"","","","","鱼糕今天困了喵",1777257321,"哎呀我早上吃了个自助早餐 我去这才是人类的食物啊"
"","","","","鱼糕今天困了喵",1777257300,"时区一样的"
"","","","","鱼糕今天困了喵",1777257288,"对的对的wwww"
"","","","","鱼糕今天困了喵",1777257278,"美女你谁"
"","","","","鱼糕今天困了喵",1777183476,"怎么还不让看穿搭"
"","","","","鱼糕今天困了喵",1777183277,"月z1"
"","","","","鱼糕今天困了喵",1777183244,"对的 看看小肚"
"","","","","鱼糕今天困了喵",1777183191,"捏捏小脸"
"","","","","鱼糕今天困了喵",1777183134,"好的萌喵殿下"
"","","","","鱼糕今天困了喵",1777181877,"落地 开吃"
"","","","","鱼糕今天困了喵",1777181038,"我按积分算差不多800单程"
"","","","","鱼糕今天困了喵",1777180986,"600确实不贵 直接买！"
"","","","","鱼糕今天困了喵",1777180818,"不可以 小肚我预定了"
"","","","","鱼糕今天困了喵",1777180751,"想吃拉面了"
"","","","","鱼糕今天困了喵",1777180638,"传下去 诺给舰长烧饭吃"
"","","","","鱼糕今天困了喵",1777180466,"主要现在睡了那时差就难倒了 直接咖啡硬扛到晚上"
"","","","","鱼糕今天困了喵",1777180438,"那实在不行打车"
"","","","","鱼糕今天困了喵",1777180421,"我好困啊 时差发力了"
"","","","","鱼糕今天困了喵",1777180398,"两个箱子 正常 能搞得动"
"","","","","鱼糕今天困了喵",1777180363,"玩到5.1回南京"
"","","","","鱼糕今天困了喵",1777180322,"吃点 过五个小时飞台北"
"","","","","鱼糕今天困了喵",1777180289,"我还有半个小时到东京成田"
"","","","","鱼糕今天困了喵",1777180250,"美女你谁"
"","","","","鱼糕今天困了喵",1777125743,"对的 两个"
"","","","","鱼糕今天困了喵",1777125719,"和流汗黄豆发夹"
"","","","","鱼糕今天困了喵",1777125706,"我带了一沓举牌回来"
"","","","","鱼糕今天困了喵",1777125657,"？！当当！？"
"","","","","鱼糕今天困了喵",1777125580,"你就把准点当彩票"
"","","","","鱼糕今天困了喵",1777125544,"对的 我有网"
"","","","","鱼糕今天困了喵",1777122551,"咸鳞汁推荐者"
"","","","","鱼糕今天困了喵",1777122382,"哇还有甘露"
"","","","","鱼糕今天困了喵",1777122322,"重活一世我要为人友善（"
"","","","","鱼糕今天困了喵",1777122298,"批脸凯尔希w"
"","","","","鱼糕今天困了喵",1777122211,"没有 感觉不好玩（）"
"","","","","鱼糕今天困了喵",1777122193,"卫4期呢"
"","","","","鱼糕今天困了喵",1777122173,"得劲魔法"
"","","","","鱼糕今天困了喵",1777122059,"云上直播间"
"","","","","鱼糕今天困了喵",1777122002,"在互联网上谁都可以分享生活 包括哈气小猫"
"","","","","鱼糕今天困了喵",1777121846,"送我"
"","","","","鱼糕今天困了喵",1777121798,"扫码了"
"","","","","鱼糕今天困了喵",1777121682,"“广州给我爬”"
"","","","","鱼糕今天困了喵",1777121665,"为什么没有南京[热]"
"","","","","鱼糕今天困了喵",1777121524,"乐了"
"","","","","鱼糕今天困了喵",1777121494,"？？？？？我去"
"","","","","鱼糕今天困了喵",1777121345,"太搞了 反过来的all横过来的all"
"","","","","鱼糕今天困了喵",1777120896,"算吧"
"","","","","鱼糕今天困了喵",1777120833,"oui"
"","","","","鱼糕今天困了喵",1777120792,"哪儿来的那么多抽数 挖矿挖干了"
"","","","","鱼糕今天困了喵",1777120760,"我没有奶羊"
"","","","","鱼糕今天困了喵",1777120646,"不玩二游 舟除外"
"","","","","鱼糕今天困了喵",1777120535,"紫颂果笑死我了"
"","","","","鱼糕今天困了喵",1777120522,"哦？"
"","","","","鱼糕今天困了喵",1777120393,"集！"
"","","","","鱼糕今天困了喵",1777120239,"蚊子来了🦟嗡嗡嗡嗡嗡"
"","","","","鱼糕今天困了喵",1777120212,"何动静"
"","","","","鱼糕今天困了喵",1777119503,"到温哥华"
"","","","","鱼糕今天困了喵",1777119483,"你怎么知道加航免费给我升了一程商务"
"","","","","鱼糕今天困了喵",1777119459,"不用坐牢了（）"
"","","","","鱼糕今天困了喵",1777119450,"我好激动"
"","","","","鱼糕今天困了喵",1777119416,"晚上好喵"
"","","","","鱼糕今天困了喵",1777041822,"就几秒"
"","","","","鱼糕今天困了喵",1777041813,"2r"
"","","","","鱼糕今天困了喵",1777041789,"不卡"
"","","","","鱼糕今天困了喵",1777041779,"她肯定看到了（）"
"","","","","鱼糕今天困了喵",1777041774,"卫就要离开我们了"
"","","","","鱼糕今天困了喵",1777041740,"你才看见吗www"
"","","","","鱼糕今天困了喵",1777041683,"wwwww“我同意” 看哭多少加拿大可怜孩子"
"","","","","鱼糕今天困了喵",1777041620,"生命体征维持来的"
"","","","","鱼糕今天困了喵",1777041545,"中餐好吃"
"","","","","鱼糕今天困了喵",1777041447,"哦吼 有人健身环抵消咯（（"
"","","","","鱼糕今天困了喵",1777041346,"诺 我说我是来找你的你信吗（）"
"","","","","鱼糕今天困了喵",1777041296,"诶 有诺 精灵球！"
"","","","","鱼糕今天困了喵",1777041262,"晚上好喵"
"","","","","鱼糕今天困了喵",1777034973,"传下去 诺说诺球球是区"
"","","","","鱼糕今天困了喵",1777034953,"那就是你明天晚上9点"
"","","","","鱼糕今天困了喵",1777034926,"所以正好能看直播喵"
"","","","","鱼糕今天困了喵",1777034917,"明天早上9点"
"","","","","鱼糕今天困了喵",1777034892,"（真的有人肘得到吗"
"","","","","鱼糕今天困了喵",1777034883,"我即将到达yyz 欢迎来肘击我"
"","","","","鱼糕今天困了喵",1777034793,"其实早上来过了[dog]"
"","","","","鱼糕今天困了喵",1777029015,"美女你谁"
"","","","","鱼糕今天困了喵",1777014450,"下午好喵"
"","","","","鱼糕今天困了喵",1776952657,"炸鱼糕"
"","","","","鱼糕今天困了喵",1776952428,"我吃我吃我吃"
"","","","","鱼糕今天困了喵",1776951916,"啊啊啊啊啊我是什么都不会说的啊啊啊啊啊啊啊啊"
"","","","","鱼糕今天困了喵",1776950579,"没有哦 本来表达能力就不如成年香蕉"
"","","","","鱼糕今天困了喵",1776950517,"骗你的 本来就是那啥 根本不是今天才变的"
"","","","","鱼糕今天困了喵",1776950499,"我的中文已经成啥了"
"","","","","鱼糕今天困了喵",1776950483,"诺5.1/5.3"
"","","","","鱼糕今天困了喵",1776949570,"创作确实很爽"
"","","","","鱼糕今天困了喵",1776949558,"桥洞宽敞 可以桥洞播播"
"","","","","鱼糕今天困了喵",1776949352,"不信 看看小肚"
"","","","","鱼糕今天困了喵",1776949302,"哦对 今天不是王雨诺 今天是王乳酪"
"","","","","鱼糕今天困了喵",1776949237,"AAA兜售诺名字手机号仅需9.9包邮另赠蓝黑色麻袋包邮送到家"
"","","","","鱼糕今天困了喵",1776949115,"王雨诺——————"
"","","","","鱼糕今天困了喵",1776948884,"可爱多！"
"","","","","鱼糕今天困了喵",1776948862,"自从用上了ai coding我的效率提高了好多啊（咳咳"
"","","","","鱼糕今天困了喵",1776948850,"直接让ai写个app[dog]"
"","","","","鱼糕今天困了喵",1776948810,"没那么晚"
"","","","","鱼糕今天困了喵",1776948802,"有"
"","","","","鱼糕今天困了喵",1776948754,"[大哭]"
"","","","","鱼糕今天困了喵",1776948746,"我去 她记得"
"","","","","鱼糕今天困了喵",1776948713,"是因为本体是橘猫吗（"
"","","","","鱼糕今天困了喵",1776948699,"为什么鱼糕黄黄的"
"","","","","鱼糕今天困了喵",1776948602,"好耶"
"","","","","鱼糕今天困了喵",1776948567,"才发现今天是乳酪 怎么把我放出来了"
"","","","","鱼糕今天困了喵",1776948443,"要看要看"
"","","","","鱼糕今天困了喵",1776948369,"美女你谁"
"","","","","鱼糕今天困了喵",1776872439,"那得第四个号了（）"
"","","","","鱼糕今天困了喵",1776872372,"鱼糕是谁我不认识"
"","","","","鱼糕今天困了喵",1776872364,"其实我是鱼丸 我是单推99"
"","","","","鱼糕今天困了喵",1776869404,"乐 还有哑剧"
"","","","","鱼糕今天困了喵",1776868557,"烟花还是从炮口看最好看"
"","","","","鱼糕今天困了喵",1776868447,"谁说的石楠花我不行了"
"","","","","鱼糕今天困了喵",1776868008,"诺诺诺她欺负我"
"","","","","鱼糕今天困了喵",1776867995,"呜呜呜呜被对面打了"
"","","","","鱼糕今天困了喵",1776867392,"不打逆风局"
"","","","","鱼糕今天困了喵",1776867367,"那是谁啊 鱼丸 不熟"
"","","","","鱼糕今天困了喵",1776867059,"在"
"","","","","鱼糕今天困了喵",1776866971,"那我用别的妹妹当壁纸也可以嘛"
"","","","","鱼糕今天困了喵",1776866886,"主包主包我可以去看别的妹妹吗 就在你面前看"
"","","","","鱼糕今天困了喵",1776865788,"我想让狼妹给我两脚"
"","","","","鱼糕今天困了喵",1776865773,"….？"
"","","","","鱼糕今天困了喵",1776865766,"小羊满潜已经预定了 我还差50抽基础自选"
"","","","","鱼糕今天困了喵",1776865648,"我说我要删除zmd了"
"","","","","鱼糕今天困了喵",1776865592,"至今全保底"
"","","","","鱼糕今天困了喵",1776865583,"我80抽出了狼妹怎么说"
"","","","","鱼糕今天困了喵",1776865501,"是诺就行"
"","","","","鱼糕今天困了喵",1776865222,"我宣布上期有个呆子换了5个存续的痕迹（我"
"","","","","鱼糕今天困了喵",1776865195,"记得别换成存续的痕迹"
"","","","","鱼糕今天困了喵",1776865189,"25红星换1抽"
"","","","","鱼糕今天困了喵",1776865003,"被诺打完一拳睡醒了喵"
"","","","","鱼糕今天困了喵",1776864857,"好像就几秒"
"","","","","鱼糕今天困了喵",1776864853,"两块钱sc太好笑了"
"","","","","鱼糕今天困了喵",1776864676,"两块钱sc是啥"
"","","","","鱼糕今天困了喵",1776864603,"破费了喵"
"","","","","鱼糕今天困了喵",1776864551,"还要跟诺散步 还有这种好事"
"","","","","鱼糕今天困了喵",1776864295,"板板板板板板板儿面"
"","","","","鱼糕今天困了喵",1776864164,"自己开个漫展就行了对吧（x"
"","","","","鱼糕今天困了喵",1776863814,"没救了喵"
"","","","","鱼糕今天困了喵",1776863810,"那我的大卫代怎么办"
"","","","","鱼糕今天困了喵",1776863709,"乐 我刚想说为什么我没瘦"
"","","","","鱼糕今天困了喵",1776863585,"《***你肚子没事吧》《几个月了》"
"","","","","鱼糕今天困了喵",1776863448,"诺是大卫代（并非！"
"","","","","鱼糕今天困了喵",1776863386,"只可意会不可言传啊"
"","","","","鱼糕今天困了喵",1776863262,"诺更有诺味了"
"","","","","鱼糕今天困了喵",1776863023,"右边那个是哪位可爱妹妹"
"","","","","鱼糕今天困了喵",1776862711,"美女你谁"
"","","","","鱼糕今天困了喵",1776695588,"晚安喵"
"","","","","鱼糕今天困了喵",1776695292,"汪！"
"","","","","鱼糕今天困了喵",1776695289,"我是乳酪"
"","","","","鱼糕今天困了喵",1776694755,"允许抓一把头发"
"","","","","鱼糕今天困了喵",1776694668,"不仅是卷发还是长毛"
"","","","","鱼糕今天困了喵",1776694662,"我确实是卷发"
"","","","","鱼糕今天困了喵",1776694525,"我是卷头daz 我最喜欢的多伦多话是pg"
"","","","","鱼糕今天困了喵",1776694427,"雨诺akari你是我见过最美丽的加拿大女孩"
"","","","","鱼糕今天困了喵",1776694336,"吓哭了"
"","","","","鱼糕今天困了喵",1776694328,"我去 还有抽卡结账环节"
"","","","","鱼糕今天困了喵",1776694203,"雨诺akari 你也不想吃饭的时候真名被完全解放吧"
"","","","","鱼糕今天困了喵",1776694169,"真名解放不要啊啊啊啊"
"","","","","鱼糕今天困了喵",1776694007,"感觉是凯尔希限定+可露希尔陪跑？（纯猜测"
"","","","","鱼糕今天困了喵",1776693944,"吓哭了 诺之前不是这样的[热]"
"","","","","鱼糕今天困了喵",1776693833,"“报告长官 我叫鱼糕今天困了喵 每天都在困困喵 嗷呜”"
"","","","","鱼糕今天困了喵",1776693813,"“你叫什么id”"
"","","","","鱼糕今天困了喵",1776693709,"tell me tell me"
"","","","","鱼糕今天困了喵",1776693432,"哟 还加酱"
"","","","","鱼糕今天困了喵",1776693364,"我是进口美食博主免费吃甘蔗"
"","","","","鱼糕今天困了喵",1776693293,"看了 很瘦 可爱 捏捏"
"","","","","鱼糕今天困了喵",1776693252,"神秘暗号：看别的妹妹去咯"
"","","","","鱼糕今天困了喵",1776693212,"诺很瘦可以吃"
"","","","","鱼糕今天困了喵",1776693206,"我说诺可以吃零食"
"","","","","鱼糕今天困了喵",1776693013,"美女你谁"
"","","","","鱼糕今天困了喵",1776611086,"www"
"","","","","鱼糕今天困了喵",1776611008,"点歌打sc喵"
"","","","","鱼糕今天困了喵",1776610957,"想必11.5小时我能播诺也可以（）"
"","","","","鱼糕今天困了喵",1776610946,"诺下次向我的11.5小时游戏回看齐吧"
"","","","","鱼糕今天困了喵",1776610728,"本来想直飞的 积分票只能这么出了"
"","","","","鱼糕今天困了喵",1776610715,"经典到处乱飞"
"","","","","鱼糕今天困了喵",1776610644,"然后温哥华 东京成田 台北桃园"
"","","","","鱼糕今天困了喵",1776610605,"周六早上在yyz"
"","","","","鱼糕今天困了喵",1776610497,"我正好在机场"
"","","","","鱼糕今天困了喵",1776610488,"我去 周六7点真的能看"
"","","","","鱼糕今天困了喵",1776610445,"再给我两爪子就好了"
"","","","","鱼糕今天困了喵",1776610436,"m3可以对我哈气吗"
"","","","","鱼糕今天困了喵",1776610191,"没那么晚 那次是我要求诺指着我的（）"
"","","","","鱼糕今天困了喵",1776610105,"我举报 某天诺指着我说 鱼糕 你现在上个舰长"
"","","","","鱼糕今天困了喵",1776609959,"肯定要去对面刷点的（确信"
"","","","","鱼糕今天困了喵",1776609772,"（）"
"","","","","鱼糕今天困了喵",1776609766,"看看🦵🏻是对的"
"","","","","鱼糕今天困了喵",1776609646,"我还遇到过说不帮打pk就不理人的"
"","","","","鱼糕今天困了喵",1776609610,"pk一帮神人"
"","","","","鱼糕今天困了喵",1776609222,"气笑了"
"","","","","鱼糕今天困了喵",1776609219,"想开播只能从0开始"
"","","","","鱼糕今天困了喵",1776609207,"最差的还有把号赔进去的"
"","","","","鱼糕今天困了喵",1776607881,"0000000"
"","","","","鱼糕今天困了喵",1776607811,"这个物业费我一分钱都不想给"
"","","","","鱼糕今天困了喵",1776607730,"嗷嗷嗷你这个是按月是吗"
"","","","","鱼糕今天困了喵",1776607708,"500？200？这么便宜吗"
"","","","","鱼糕今天困了喵",1776607691,"2k8"
"","","","","鱼糕今天困了喵",1776607313,"大大方方点 直接点"
"","","","","鱼糕今天困了喵",1776606792,"在现场 我是草莓牛奶 痛！痛痛！！"
"","","","","鱼糕今天困了喵",1776606710,"草莓甜心[doge2]"
"","","","","鱼糕今天困了喵",1776606702,"喝了半天最终还是回到了草莓牛奶+百利甜"
"","","","","鱼糕今天困了喵",1776606598,"感觉不如自己买一瓶"
"","","","","鱼糕今天困了喵",1776606590,"酒吧好多酒不好喝"
"","","","","鱼糕今天困了喵",1776606453,"吓哭了"
"","","","","鱼糕今天困了喵",1776606449,"？"
"","","","","鱼糕今天困了喵",1776606058,"好得很啊👍"
"","","","","鱼糕今天困了喵",1776606044,"看完小肚回来了"
"","","","","鱼糕今天困了喵",1776605918,"你们当中有两个很可爱"
"","","","","鱼糕今天困了喵",1776605853,"她什么时候开播"
"","","","","鱼糕今天困了喵",1776605790,"我去 诺怎么砍人（x"
"","","","","鱼糕今天困了喵",1776605745,"想捏"
"","","","","鱼糕今天困了喵",1776605608,"红豆泥"
"","","","","鱼糕今天困了喵",1776605281,"自己看着长的肉想想就好吃（？（蹲下抱头挨打"
"","","","","鱼糕今天困了喵",1776605258,"我觉得这个食品很安全啊"
"","","","","鱼糕今天困了喵",1776605204,"这样就不是诺酱了"
"","","","","鱼糕今天困了喵",1776605195,"那诺排拌面吧"
"","","","","鱼糕今天困了喵",1776605096,"诺酱意面"
"","","","","鱼糕今天困了喵",1776605014,"意面我投carbonara一票"
"","","","","鱼糕今天困了喵",1776604823,"我说大肉面软兜面有人懂吗"
"","","","","鱼糕今天困了喵",1776604794,"拌面排第一"
"","","","","鱼糕今天困了喵",1776604782,"什么面都行 包子馒头饺子也算吧（"
"","","","","鱼糕今天困了喵",1776604720,"1111111"
"","","","","鱼糕今天困了喵",1776604693,"吃的太少了 小卫代喵"
"","","","","鱼糕今天困了喵",1776604631,"咱一般不用这个大勺子泡面"
"","","","","鱼糕今天困了喵",1776604611,"00000"
"","","","","鱼糕今天困了喵",1776604609,"没有"
"","","","","鱼糕今天困了喵",1776604574,"勺子怎么吃面啊喂"
"","","","","鱼糕今天困了喵",1776604525,"用叉子（？"
"","","","","鱼糕今天困了喵",1776604375,"纯靠大力出奇迹"
"","","","","鱼糕今天困了喵",1776604368,"笑死了你这个抓法跟我一样"
"","","","","鱼糕今天困了喵",1776604257,"有很多人试图教会我 没一个成功的"
"","","","","鱼糕今天困了喵",1776603956,"oh my flend tly some lamb cully"
"","","","","鱼糕今天困了喵",1776603805,"美女你谁"
"","","","","鱼糕今天困了喵",1776439719,"诺记得 诺好"
"","","","","鱼糕今天困了喵",1776438612,"感觉给我拴起来打一顿也想不出这种主题"
"","","","","鱼糕今天困了喵",1776438595,"昨天晚上看完这个结局觉得很无力"
"","","","","鱼糕今天困了喵",1776438576,"很神秘"
"","","","","鱼糕今天困了喵",1776438574,"“小时候的我附身在已故女儿可能长大变成的样子的身体上带领我走马灯看自己的记忆”"
"","","","","鱼糕今天困了喵",1776438375,"opus 心相吾山"
"","","","","鱼糕今天困了喵",1776438266,"新游戏直接一周目过了"
"","","","","鱼糕今天困了喵",1776438248,"我昨天播了11.5小时[热]"
"","","","","鱼糕今天困了喵",1776438125,"你那一串甚至我发不出来"
"","","","","鱼糕今天困了喵",1776438057,"《线下的同性的交流》"
"","","","","鱼糕今天困了喵",1776437377,"对于盗号的来说基本上就是0"
"","","","","鱼糕今天困了喵",1776437337,"游戏不值钱"
"","","","","鱼糕今天困了喵",1776437316,"steam没饰品没余额就不是很值钱一般不是目标"
"","","","","鱼糕今天困了喵",1776437288,"我们线下整过十几台笔记本一起打"
"","","","","鱼糕今天困了喵",1776437271,"还是自己电脑好使"
"","","","","鱼糕今天困了喵",1776437251,"那不行 网吧盗号"
"","","","","鱼糕今天困了喵",1776437071,"顺两张签名海报给我谢谢喵"
"","","","","鱼糕今天困了喵",1776437016,"教你怎么喝免费可乐 你趁诺出门摸两瓶coke zero出去"
"","","","","鱼糕今天困了喵",1776436942,"他要是五块六块我让他飞起来"
"","","","","鱼糕今天困了喵",1776436926,"可乐小超市一直3.5 我顶多接受4.5"
"","","","","鱼糕今天困了喵",1776436823,"4.75刀要给我喝穷了"
"","","","","鱼糕今天困了喵",1776436807,"我要回国畅饮3.5可乐"
"","","","","鱼糕今天困了喵",1776436719,"《实体鸭子》"
"","","","","鱼糕今天困了喵",1776436709,"《实体的鸳鸯》"
"","","","","鱼糕今天困了喵",1776436584,"我要对不好好做咖啡的进行审判"
"","","","","鱼糕今天困了喵",1776436570,"生椰拿铁西瓜美式也怪怪的（"
"","","","","鱼糕今天困了喵",1776436386,"（拿去炖肉"
"","","","","鱼糕今天困了喵",1776436374,"汤汤吗（"
"","","","","鱼糕今天困了喵",1776436186,"致敬传奇滑铁卢自来水起白沫"
"","","","","鱼糕今天困了喵",1776436152,"记得的喵"
"","","","","鱼糕今天困了喵",1776436076,"美女你谁"
"","","","","鱼糕今天困了喵",1776354734,"晚安诺酱"
"","","","","鱼糕今天困了喵",1776354560,"那多拍点 会饿"
"","","","","鱼糕今天困了喵",1776354535,"[热][热][热]"
"","","","","鱼糕今天困了喵",1776354531,"凑整"
"","","","","鱼糕今天困了喵",1776354527,"别走"
"","","","","鱼糕今天困了喵",1776354499,"武陵有小金鱼吗"
"","","","","鱼糕今天困了喵",1776354451,"tell me tell me"
"","","","","鱼糕今天困了喵",1776354430,"那是你吗"
"","","","","鱼糕今天困了喵",1776354258,"嗡————————— *叮叮 *吸"
"","","","","鱼糕今天困了喵",1776354210,"收到 wx发你蚊子图片（"
"","","","","鱼糕今天困了喵",1776354025,"对的 我小号就变成舞萌专用号了[热]"
"","","","","鱼糕今天困了喵",1776353955,"导致我很久不发qqwx了"
"","","","","鱼糕今天困了喵",1776353941,"我现在最后悔的是没有分号（）"
"","","","","鱼糕今天困了喵",1776353848,"基本上删的都是不熟或者让我不爽我不直说的"
"","","","","鱼糕今天困了喵",1776353772,"我怎么这么坏啊 我偷偷摸摸删了不少人（）"
"","","","","鱼糕今天困了喵",1776353565,"别说是看诺一个小时了，哪怕只有一分钟我也知足了啊"
"","","","","鱼糕今天困了喵",1776353551,"12点 1点 2点"
"","","","","鱼糕今天困了喵",1776353541,"凑整！凑整！"
"","","","","鱼糕今天困了喵",1776353424,"单推人震怒"
"","","","","鱼糕今天困了喵",1776353407,"不许欺负她"
"","","","","鱼糕今天困了喵",1776353318,"我去 想被打两拳了"
"","","","","鱼糕今天困了喵",1776353214,"找不到就给你丢进任务栏[热]"
"","","","","鱼糕今天困了喵",1776353198,"不要偷偷把我的文件乱丢好吗"
"","","","","鱼糕今天困了喵",1776353135,"想把这只诺放进电脑桌面当桌宠（"
"","","","","鱼糕今天困了喵",1776353084,"我打开b站不知道为什么就跳转蓝色修改器了"
"","","","","鱼糕今天困了喵",1776353070,"真的可爱吧"
"","","","","鱼糕今天困了喵",1776353035,"（或者小肚（x"
"","","","","鱼糕今天困了喵",1776353028,"那肯定是捏捏小脸（）"
"","","","","鱼糕今天困了喵",1776353017,"这对吗（）"
"","","","","鱼糕今天困了喵",1776352993,"想捏"
"","","","","鱼糕今天困了喵",1776352863,"我是学生🫴"
"","","","","鱼糕今天困了喵",1776352848,"送我就不用卖了"
"","","","","鱼糕今天困了喵",1776352816,"肘击诺1/1"
"","","","","鱼糕今天困了喵",1776352767,"我还有10天飞"
"","","","","鱼糕今天困了喵",1776352616,"你是？"
"","","","","鱼糕今天困了喵",1776264555,"我曾经打出过1/17这种逆天战绩"
"","","","","鱼糕今天困了喵",1776264540,"那枪很不准了"
"","","","","鱼糕今天困了喵",1776262953,"我说赛尔号真的很好玩"
"","","","","鱼糕今天困了喵",1776261976,"有诺"
"","","","","鱼糕今天困了喵",1776261425,"全都订好了 刷了1800+cad"
"","","","","鱼糕今天困了喵",1776261292,"昨天晚上正好在定所有酒店和车票之类的 大出血了"
"","","","","鱼糕今天困了喵",1776261127,"就5.1-5.5"
"","","","","鱼糕今天困了喵",1776261120,"酒店老坏了 直接把会员价预付价协议价全关了 只留了个特别活动价"
"","","","","鱼糕今天困了喵",1776261008,"我看到如家都要1.1k两眼一黑你知道吗（）"
"","","","","鱼糕今天困了喵",1776260978,"我肉好痛））"
"","","","","鱼糕今天困了喵",1776260944,"平时500"
"","","","","鱼糕今天困了喵",1776260933,"天河万枫1.1k"
"","","","","鱼糕今天困了喵",1776260915,"场馆旁边万怡2.3k了"
"","","","","鱼糕今天困了喵",1776260897,"广州酒店好贵"
"","","","","鱼糕今天困了喵",1776260668,"可能还得找个麻袋"
"","","","","鱼糕今天困了喵",1776260659,"我有便携称 谁举得动诺的可以称一下"
"","","","","鱼糕今天困了喵",1776260558,"那你头发下面化妆了吗"
"","","","","鱼糕今天困了喵",1776260527,"我不行了"
"","","","","鱼糕今天困了喵",1776260471,"可以捏捏小肚吗"
"","","","","鱼糕今天困了喵",1776260415,"直接抓走丢进托运"
"","","","","鱼糕今天困了喵",1776260031,"晚上好喵 你是？"
"","","","","鱼糕今天困了喵",1776242675,"困了 眯了喵"
"","","","","鱼糕今天困了喵",1776242585,"那看来我教同学说国粹已经很好了（"
"","","","","鱼糕今天困了喵",1776242544,"给后来的中国人一点惊喜"
"","","","","鱼糕今天困了喵",1776242394,"反着坐很重吧（（（？"
"","","","","鱼糕今天困了喵",1776242294,"？？"
"","","","","鱼糕今天困了喵",1776242283,"[热]"
"","","","","鱼糕今天困了喵",1776242174,"那很直接了"
"","","","","鱼糕今天困了喵",1776242154,"？how big？"
"","","","","鱼糕今天困了喵",1776237344,"下午好喵"
"","","","","鱼糕今天困了喵",1776186566,"晚上好喵"
"","","","","鱼糕今天困了喵",1776178087,"站在诺少少看北京"
"","","","","鱼糕今天困了喵",1776177765,"我本来想点站在草原望北京的"
"","","","","鱼糕今天困了喵",1776177703,"上来就是最难的吗 有点意思"
"","","","","鱼糕今天困了喵",1776177344,"建议放给我 我保证不切片投稿"
"","","","","鱼糕今天困了喵",1776176379,"啊哈"
"","","","","鱼糕今天困了喵",1776175982,"晚上好喵"
"","","","","鱼糕今天困了喵",1776175956,"谁家大鹅"
"","","","","鱼糕今天困了喵",1776175104,"开车的时候怎么忍住不骂乱开乱走的人的（"
"","","","","鱼糕今天困了喵",1776175037,"不好玩"
"","","","","鱼糕今天困了喵",1776175031,"加拿大买车还是太落后了 没有免息砍价就急"
"","","","","鱼糕今天困了喵",1776174919,"诺味是对的"
"","","","","鱼糕今天困了喵",1776174843,"只会混合着一起出现"
"","","","","鱼糕今天困了喵",1776174837,"其实除不了臭"
"","","","","鱼糕今天困了喵",1776174824,"腌渍的说是"
"","","","","鱼糕今天困了喵",1776174818,"全对"
"","","","","鱼糕今天困了喵",1776174814,"乐"
"","","","","鱼糕今天困了喵",1776174468,"自从诺摸过我的号 我的模拟器壁纸就不知道为什么变成诺了"
"","","","","鱼糕今天困了喵",1776174438,"我的明日方舟很有诺味"
"","","","","鱼糕今天困了喵",1776174275,"豪听"
"","","","","鱼糕今天困了喵",1776173874,"铁托现在知道的人多了"
"","","","","鱼糕今天困了喵",1776173830,"三米多"
"","","","","鱼糕今天困了喵",1776173772,"两米一"
"","","","","鱼糕今天困了喵",1776173730,"诺被拎后颈也会一动不动吗"
"","","","","鱼糕今天困了喵",1776173621,"拎你的后脖颈"
"","","","","鱼糕今天困了喵",1776173459,"想被拎起来直说"
"","","","","鱼糕今天困了喵",1776173136,"不只很小一只 直接能拎起来打包带走"
"","","","","鱼糕今天困了喵",1776173098,"雨诺你怎么长圆了"
"","","","","鱼糕今天困了喵",1776172766,"你是？"
"","","","","鱼糕今天困了喵",1776007743,"干脆写完了再下"
"","","","","鱼糕今天困了喵",1776007737,"凑整吧"
"","","","","鱼糕今天困了喵",1776007734,"对啊 那你的周表呢"
"","","","","鱼糕今天困了喵",1776007694,"大大方方出 大大方方出"
"","","","","鱼糕今天困了喵",1776007653,"丽丽（大雾"
"","","","","鱼糕今天困了喵",1776007578,"诺yu（反转的诺"
"","","","","鱼糕今天困了喵",1776007452,"不行 这个我是真的喜欢"
"","","","","鱼糕今天困了喵",1776007350,"那你再破碎一会儿吧 我去退款了喵"
"","","","","鱼糕今天困了喵",1776007337,"破碎感是好的"
"","","","","鱼糕今天困了喵",1776007212,"细节剩下的才给诺"
"","","","","鱼糕今天困了喵",1776007167,"补药啊"
"","","","","鱼糕今天困了喵",1776007111,"这个困困喵真坏"
"","","","","鱼糕今天困了喵",1776007103,"困困喵已经被我宰了 鱼糕回来了"
"","","","","鱼糕今天困了喵",1776006724,"不是这个她[大哭][大哭][大哭]"
"","","","","鱼糕今天困了喵",1776006688,"[大哭]"
"","","","","鱼糕今天困了喵",1776006685,"想她了"
"","","","","鱼糕今天困了喵",1776006675,"你把她送去哪里了"
"","","","","鱼糕今天困了喵",1776006579,"没绷住 猴诺"
"","","","","鱼糕今天困了喵",1776006558,"给对面点点关注谢谢喵（"
"","","","","鱼糕今天困了喵",1776006507,"豌杂诺杂拌粉"
"","","","","鱼糕今天困了喵",1776006491,"土豆泥拌诺杂"
"","","","","鱼糕今天困了喵",1776006461,"😭😭😭😭😭😭"
"","","","","鱼糕今天困了喵",1776006456,"我给自己送去西伯利亚种土豆了喵"
"","","","","鱼糕今天困了喵",1776006410,"呜呜呜呜呜呜"
"","","","","鱼糕今天困了喵",1776006406,"我自己下放自己消失了喵"
"","","","","鱼糕今天困了喵",1776006399,"错了喵 我有罪喵"
"","","","","鱼糕今天困了喵",1776005864,"不为了别的 主要是想欺负诺喵"
"","","","","鱼糕今天困了喵",1776005799,"我没有这样说喵"
"","","","","鱼糕今天困了喵",1776005791,"不对 发错直播间了喵"
"","","","","鱼糕今天困了喵",1776005784,"早说是真打的喵 那我发力喵"
"","","","","鱼糕今天困了喵",1776005682,"不要打我口牙"
"","","","","鱼糕今天困了喵",1776005623,"错了喵 跪下了喵"
"","","","","鱼糕今天困了喵",1776005593,"wwww怎么都叛变了（"
"","","","","鱼糕今天困了喵",1776005368,"晚上好喵"
"","","","","鱼糕今天困了喵",1776004498,"如同难忘今宵（？）"
"","","","","鱼糕今天困了喵",1776004489,"豪听"
"","","","","鱼糕今天困了喵",1776002358,"算吗 算半个吧"
"","","","","鱼糕今天困了喵",1776002277,"收到 现在开个唱歌教学店"
"","","","","鱼糕今天困了喵",1776002238,"那也可以 那很爽了"
"","","","","鱼糕今天困了喵",1776002187,"天才"
"","","","","鱼糕今天困了喵",1776002067,"诺宝放心飞 有事自己背（[热]（？？？"
"","","","","鱼糕今天困了喵",1776001921,"我要买100张入场券"
"","","","","鱼糕今天困了喵",1776001835,"卫戍协议111"
"","","","","鱼糕今天困了喵",1776001810,"不应该啊 超级萨尔贡老强大了"
"","","","","鱼糕今天困了喵",1776001753,"怪起来了"
"","","","","鱼糕今天困了喵",1776001707,"《到嘴巴里面就化掉了》"
"","","","","鱼糕今天困了喵",1776001697,"《那个粉末很好吃》"
"","","","","鱼糕今天困了喵",1776001447,"萨利亚好归好不能算漂亮吧"
"","","","","鱼糕今天困了喵",1776001359,"11111"
"","","","","鱼糕今天困了喵",1776001015,"你怎么知道我有一套ztmy唱片"
"","","","","鱼糕今天困了喵",1776000987,"22222"
"","","","","鱼糕今天困了喵",1776000846,"快成为小众时尚tag了"
"","","","","鱼糕今天困了喵",1776000827,"玉米证太经典了"
"","","","","鱼糕今天困了喵",1776000776,"有的没素质的我会直接超级生气暴怒"
"","","","","鱼糕今天困了喵",1776000756,"我说包容度可以不要这么高"
"","","","","鱼糕今天困了喵",1776000314,"帮你把终末地和p3r打了 让你没的玩（？？"
"","","","","鱼糕今天困了喵",1776000256,"马上带去广州 然后肘击诺"
"","","","","鱼糕今天困了喵",1776000191,"你还真别说 我还有俩流汗黄豆发夹"
"","","","","鱼糕今天困了喵",1776000134,"那也很好玩了 可以偷走诺的流汗黄豆发夹"
"","","","","鱼糕今天困了喵",1776000048,"深圳最好玩的是诺家（？"
"","","","","鱼糕今天困了喵",1775999545,"想要一拳"
"","","","","鱼糕今天困了喵",1775999530,"有 很有感觉"
"","","","","鱼糕今天困了喵",1775914090,"重拳出击"
"","","","","鱼糕今天困了喵",1775913901,"依旧惊天一条区 依旧学期末生命体征维持"
"","","","","鱼糕今天困了喵",1775913884,"依旧余额-400"
"","","","","鱼糕今天困了喵",1775913853,"[热]"
"","","","","鱼糕今天困了喵",1775913842,"dt是直接给你个锅 然后称一次算统一价格"
"","","","","鱼糕今天困了喵",1775913767,"我超级生气暴怒"
"","","","","鱼糕今天困了喵",1775913759,"？？？"
"","","","","鱼糕今天困了喵",1775913755,"？还能不同店计费不同的啊"
"","","","","鱼糕今天困了喵",1775913730,"3rd mom还好吃一点 张亮有点不太行"
"","","","","鱼糕今天困了喵",1775913699,"嗷 3rd mom dt和张亮都是统一价格 我真的心痛"
"","","","","鱼糕今天困了喵",1775913638,"小卫代"
"","","","","鱼糕今天困了喵",1775913621,"20刀那你吃的很少了"
"","","","","鱼糕今天困了喵",1775913440,"我基本上随便拿就40刀"
"","","","","鱼糕今天困了喵",1775913276,"我高低问一句饭前吃还是饭后吃"
"","","","","鱼糕今天困了喵",1775913253,"我觉得你吃的很少"
"","","","","鱼糕今天困了喵",1775913072,"可爱"
"","","","","鱼糕今天困了喵",1775913021,"美女你谁"
"","","","","鱼糕今天困了喵",1775912927,"你是？"
"","","","","鱼糕今天困了喵",1775835084,"都落ち~"
"","","","","鱼糕今天困了喵",1775835069,"yrsk是对的"
"","","","","鱼糕今天困了喵",1775834851,"马上我五月份带个音响来找你"
"","","","","鱼糕今天困了喵",1775834842,"这么强"
"","","","","鱼糕今天困了喵",1775834838,"都唱上了"
"","","","","鱼糕今天困了喵",1775834835,"她还挺喜欢这首"
"","","","","鱼糕今天困了喵",1775834723,"哎我去鱼糕怎么这么坏啊"
"","","","","鱼糕今天困了喵",1775834676,"你直接放中间那段"
"","","","","鱼糕今天困了喵",1775834663,"喵"
"","","","","鱼糕今天困了喵",1775834048,"老板糊涂啊"
"","","","","鱼糕今天困了喵",1775834000,"？？？？"
"","","","","鱼糕今天困了喵",1775833991,"？"
"","","","","鱼糕今天困了喵",1775833607,"老板糊涂啊"
"","","","","鱼糕今天困了喵",1775832430,"管理员111"
"","","","","鱼糕今天困了喵",1775832427,"什么 诺想开大群了？"
"","","","","鱼糕今天困了喵",1775832297,"五分钟就好 五分钟就好"
"","","","","鱼糕今天困了喵",1775832284,"诺给我禁个言吧"
"","","","","鱼糕今天困了喵",1775832111,"诺演唱会强实名 == 传下去 诺要给舰长全开了"
"","","","","鱼糕今天困了喵",1775831858,"这歌有力气"
"","","","","鱼糕今天困了喵",1775830688,"我是老登"
"","","","","鱼糕今天困了喵",1775830426,"哎不对 这个sc怎么一直在屏幕上面"
"","","","","鱼糕今天困了喵",1775830090,"对的 想被诺给两拳了"
"","","","","鱼糕今天困了喵",1775829939,"什么 原来可以这样吗"
"","","","","鱼糕今天困了喵",1775829895,"用武陵电"
"","","","","鱼糕今天困了喵",1775829886,"对 我有罪 请审判我"
"","","","","鱼糕今天困了喵",1775829733,"我哪里像小孩"
"","","","","鱼糕今天困了喵",1775829729,"哎不对"
"","","","","鱼糕今天困了喵",1775829722,"我小孩在哪里"
"","","","","鱼糕今天困了喵",1775829674,"不好玩 不能欺负小孩了"
"","","","","鱼糕今天困了喵",1775829666,"什么 原来诺不是小孩吗"
"","","","","鱼糕今天困了喵",1775829065,"有点难拍 上次试了（）"
"","","","","鱼糕今天困了喵",1775829057,"水族馆人多灯暗"
"","","","","鱼糕今天困了喵",1775829046,"sakana～～～"
"","","","","鱼糕今天困了喵",1775828916,"炫我嘴里"
"","","","","鱼糕今天困了喵",1775828743,"吃吧诺"
"","","","","鱼糕今天困了喵",1775828737,"牛油麻辣水煮菜也是水煮菜"
"","","","","鱼糕今天困了喵",1775828712,"承重诺可以论斤卖吗"
"","","","","鱼糕今天困了喵",1775828639,"你怎么知道我cs作业拿了96"
"","","","","鱼糕今天困了喵",1775828620,"你怎么知道我艺术课作业拿了97"
"","","","","鱼糕今天困了喵",1775828604,"虽然没难度 但是要蹲"
"","","","","鱼糕今天困了喵",1775828569,"逃课专业户111"
"","","","","鱼糕今天困了喵",1775828555,"不想上学"
"","","","","鱼糕今天困了喵",1775828434,"皇上 臣冤枉啊皇上"
"","","","","鱼糕今天困了喵",1775828418,"[热][热][热]"
"","","","","鱼糕今天困了喵",1775828409,"为什么是我啊"
"","","","","鱼糕今天困了喵",1775828381,"？？"
"","","","","鱼糕今天困了喵",1775828289,"我即将蓄意轰拳"
"","","","","鱼糕今天困了喵",1775828281,"那很那啥了"
"","","","","鱼糕今天困了喵",1775828250,"对啊"
"","","","","鱼糕今天困了喵",1775828135,"好诡异"
"","","","","鱼糕今天困了喵",1775828130,"何布局"
"","","","","鱼糕今天困了喵",1775828059,"？你们airdrop一下（？）"
"","","","","鱼糕今天困了喵",1775828028,"昨天晚上刚洗的头 今天早上又有点油了 还有救吗"
"","","","","鱼糕今天困了喵",1775827947,"说点snp"
"","","","","鱼糕今天困了喵",1775827829,"别笑 你来也得都看一圈"
"","","","","鱼糕今天困了喵",1775827767,"《四名生物》"
"","","","","鱼糕今天困了喵",1775827743,"豪华不豪华不知道 很贵反正"
"","","","","鱼糕今天困了喵",1775827719,"[热]"
"","","","","鱼糕今天困了喵",1775827663,"我家大门常打开"
"","","","","鱼糕今天困了喵",1775827586,"想打卡卫生间还得是南京新街口（）"
"","","","","鱼糕今天困了喵",1775827385,"这是好事啊"
"","","","","鱼糕今天困了喵",1775827286,"可以了 比我有文化"
"","","","","鱼糕今天困了喵",1775827236,"回收不要的靴子批发饭盒AAA"
"","","","","鱼糕今天困了喵",1775826525,"有人懂吗"
"","","","","鱼糕今天困了喵",1775826518,"我说可以住加拿大"
"","","","","鱼糕今天困了喵",1775826478,"我要麻辣炖诺"
"","","","","鱼糕今天困了喵",1775826461,"诺 多吃点 诺"
"","","","","鱼糕今天困了喵",1775826359,"原来诺更喜欢我睡过头不来吗"
"","","","","鱼糕今天困了喵",1775826324,"不认识了喵"
"","","","","鱼糕今天困了喵",1775826311,"你是？"
"","","","","鱼糕今天困了喵",1775575450,"还有两年呢（）"
"","","","","鱼糕今天困了喵",1775575441,"忙喵"
"","","","","鱼糕今天困了喵",1775489883,"不卡"
"","","","","鱼糕今天困了喵",1775488139,"晚上好喵"
"","","","","鱼糕今天困了喵",1775401633,"晚安喵"
"","","","","鱼糕今天困了喵",1775401621,"ip"
"","","","","鱼糕今天困了喵",1775401619,"还是加拿大io"
"","","","","鱼糕今天困了喵",1775401616,"我回来用的加拿大漫游"
"","","","","鱼糕今天困了喵",1775401518,"[热]"
"","","","","鱼糕今天困了喵",1775401512,"在审核"
"","","","","鱼糕今天困了喵",1775312288,"嘻嘻"
"","","","","鱼糕今天困了喵",1775312255,"nekopunch"
"","","","","鱼糕今天困了喵",1775312217,"银记肠粉 启动"
"","","","","鱼糕今天困了喵",1775312191,"她爆裂一大早上还会换表情的"
"","","","","鱼糕今天困了喵",1775312150,"我上课刷到群里截图笑出声了你知道吗"
"","","","","鱼糕今天困了喵",1775312116,"买了"
"","","","","鱼糕今天困了喵",1775312048,"没石头了 想买水灯心"
"","","","","鱼糕今天困了喵",1775312020,"优化在哪里"
"","","","","鱼糕今天困了喵",1775312014,"需要在哪里"
"","","","","鱼糕今天困了喵",1775311992,"不需要拉电线了 但是需要拉水管"
"","","","","鱼糕今天困了喵",1775311983,"《我们优化了地图探索》"
"","","","","鱼糕今天困了喵",1775311931,"时间=免费"
"","","","","鱼糕今天困了喵",1775311908,"不如明日方舟"
"","","","","鱼糕今天困了喵",1775311893,"不中"
"","","","","鱼糕今天困了喵",1775311889,"我连月卡都没买了"
"","","","","鱼糕今天困了喵",1775311855,"这个池子有问题我说"
"","","","","鱼糕今天困了喵",1775311758,"6.1-7东京+？？"
"","","","","鱼糕今天困了喵",1775311743,"5.3-4广州"
"","","","","鱼糕今天困了喵",1775311739,"5.1回南京"
"","","","","鱼糕今天困了喵",1775311735,"4.26先去台北"
"","","","","鱼糕今天困了喵",1775311693,"对的"
"","","","","鱼糕今天困了喵",1775311687,"我考完了 放假到9.8"
"","","","","鱼糕今天困了喵",1775311673,"哦？"
"","","","","鱼糕今天困了喵",1775311564,"区"
"","","","","鱼糕今天困了喵",1775311561,"大麦就一官方大黄牛"
"","","","","鱼糕今天困了喵",1775311483,"诺是移动充电器（…？"
"","","","","鱼糕今天困了喵",1775311305,"800吗 那吃的很少了"
"","","","","鱼糕今天困了喵",1775311195,"不买保险我怕摔了-xxxxx那就不好笑了"
"","","","","鱼糕今天困了喵",1775311041,"前两天问了一下保险2600加币一年 我有点肉疼"
"","","","","鱼糕今天困了喵",1775310974,"买！！！！！！！"
"","","","","鱼糕今天困了喵",1775310967,"买！！给她买！！！！！"
"","","","","鱼糕今天困了喵",1775310826,"haiyaa是那个emotional damage那人的某个口音词"
"","","","","鱼糕今天困了喵",1775310781,"bro加载充电池页面加载了十分钟"
"","","","","鱼糕今天困了喵",1775309912,"我印象里面好像没听过（？"
"","","","","鱼糕今天困了喵",1775309901,"听听诺的英语"
"","","","","鱼糕今天困了喵",1775309727,"上海都去了来南京吧[dog]"
"","","","","鱼糕今天困了喵",1775309684,"看到豆汁不笑的有玉米证"
"","","","","鱼糕今天困了喵",1775309663,"乐"
"","","","","鱼糕今天困了喵",1775309483,"[大哭]"
"","","","","鱼糕今天困了喵",1775309476,"诺还我"
"","","","","鱼糕今天困了喵",1775309466,"不会讲粤语是被夺舍了吗"
"","","","","鱼糕今天困了喵",1775309249,"乐"
"","","","","鱼糕今天困了喵",1775309215,"运气不好去育空种土豆吧"
"","","","","鱼糕今天困了喵",1775309207,"运气好在纽约多伦多"
"","","","","鱼糕今天困了喵",1775309191,"觉得哪里是美食荒漠的发配北美一个月"
"","","","","鱼糕今天困了喵",1775308995,"天津饭（雾"
"","","","","鱼糕今天困了喵",1775308849,"321上链接"
"","","","","鱼糕今天困了喵",1775308762,"东北雨姐"
"","","","","鱼糕今天困了喵",1775308755,"东方某个国家北部地区的雨诺结届"
"","","","","鱼糕今天困了喵",1775308643,"诺口音这个可爱"
"","","","","鱼糕今天困了喵",1775308344,"结届"
"","","","","鱼糕今天困了喵",1775308258,"全自动诺这个好使（…？）"
"","","","","鱼糕今天困了喵",1775308242,"想拍诺了"
"","","","","鱼糕今天困了喵",1774968487,"我还在搭网站 累了喵"
"","","","","鱼糕今天困了喵",1774968476,"还有两天上完课就休息了"
"","","","","鱼糕今天困了喵",1774968464,"（乐）"
"","","","","鱼糕今天困了喵",1774968460,"最近就没休息"
"","","","","鱼糕今天困了喵",1774968405,"我"
"","","","","鱼糕今天困了喵",1774968268,"美女你谁"
"","","","","鱼糕今天困了喵",1774885787,"我看99有的时候会卡住两秒 然后接着动 也不显示正在缓冲"
"","","","","鱼糕今天困了喵",1774885628,"依旧感觉神经痛"
"","","","","鱼糕今天困了喵",1774885587,"感觉要似了喵"
"","","","","鱼糕今天困了喵",1774885581,"我忏悔 我不该熬夜到3点 7点半起来上课的"
"","","","","鱼糕今天困了喵",1774885400,"要的"
"","","","","鱼糕今天困了喵",1774885375,"111蓝黑色麻袋捕捉诺"
"","","","","鱼糕今天困了喵",1774885315,"抢票好累💤"
"","","","","鱼糕今天困了喵",1774885304,"我也想线下漫展了"
"","","","","鱼糕今天困了喵",1774885294,"这么强"
"","","","","鱼糕今天困了喵",1774884956,"4.20附近考完试就飞飞回家"
"","","","","鱼糕今天困了喵",1774884942,"我4.2课就结束了"
"","","","","鱼糕今天困了喵",1774884933,"对的"
"","","","","鱼糕今天困了喵",1774884790,"4.2考艺术史 麻了"
"","","","","鱼糕今天困了喵",1774884783,"我在赶project和复习考试"
"","","","","鱼糕今天困了喵",1774884625,"捏捏"
"","","","","鱼糕今天困了喵",1774884622,"c早喵"
"","","","","鱼糕今天困了喵",1774884605,"给你一拳"
"","","","","鱼糕今天困了喵",1774884551,"跟远在加拿大的鱼糕一串一个作息了"
"","","","","鱼糕今天困了喵",1774884523,"并非远在加拿大"
"","","","","鱼糕今天困了喵",1774884333,"我好像即将要去一个叫做中国的地方待几个月 听说那里是美食天堂"
"","","","","鱼糕今天困了喵",1774883550,"依旧已过期"
"","","","","鱼糕今天困了喵",1774878247,"千恋万花"
"","","","","鱼糕今天困了喵",1774878231,"没事 我会去看别的妹妹（）"
"","","","","鱼糕今天困了喵",1774878044,"《串》"
"","","","","鱼糕今天困了喵",1774877911,"美女你谁"
"","","","","鱼糕今天困了喵",1774853973,"这回认识了"
"","","","","鱼糕今天困了喵",1774712399,"我去 原曲"
"","","","","鱼糕今天困了喵",1774711725,"白天如同区"
"","","","","鱼糕今天困了喵",1774711722,"晚上效率老高了"
"","","","","鱼糕今天困了喵",1774711431,"爽（）"
"","","","","鱼糕今天困了喵",1774711426,"354张举牌了（）"
"","","","","鱼糕今天困了喵",1774710377,"草"
"","","","","鱼糕今天困了喵",1774710282,"这个我是真爱玩"
"","","","","鱼糕今天困了喵",1774710279,"感觉不如赛尔号"
"","","","","鱼糕今天困了喵",1774710220,"引星棘刺-1星太好笑了"
"","","","","鱼糕今天困了喵",1774710070,"她哥那个剧情也神秘"
"","","","","鱼糕今天困了喵",1774710013,"我的评价是如果狼妹剧情路边了我将要删除终末地"
"","","","","鱼糕今天困了喵",1774709757,"我觉得都挺好笑的喵"
"","","","","鱼糕今天困了喵",1774709745,"终末地剧情就不油麦吗"
"","","","","鱼糕今天困了喵",1774709648,"这是什么歌 发我（）"
"","","","","鱼糕今天困了喵",1774709599,"niema"
"","","","","鱼糕今天困了喵",1774709564,"我求你了"
"","","","","鱼糕今天困了喵",1774709539,"不如鱿鱼机模你知道吗"
"","","","","鱼糕今天困了喵",1774709521,"听完感觉想把自己桶隆"
"","","","","鱼糕今天困了喵",1774709287,"我是学生"
"","","","","鱼糕今天困了喵",1774709283,"送我（）"
"","","","","鱼糕今天困了喵",1774709279,"确实好看"
"","","","","鱼糕今天困了喵",1774709117,"再现仙酿回"
"","","","","鱼糕今天困了喵",1774708783,"长头发洗一下等干俩小时"
"","","","","鱼糕今天困了喵",1774706806,"喵喵喵"
"","","","","鱼糕今天困了喵",1774706801,"吓哭了"
"","","","","鱼糕今天困了喵",1774706799,"神秘关系+1了"
"","","","","鱼糕今天困了喵",1774706783,"?"
"","","","","鱼糕今天困了喵",1774706675,"是不是偷偷跟哪个妹妹见面去了"
"","","","","鱼糕今天困了喵",1774706418,"全凭心情（？"
"","","","","鱼糕今天困了喵",1774706407,"已经完全忘记练字内容"
"","","","","鱼糕今天困了喵",1774706156,"我是诺鱼糕"
"","","","","鱼糕今天困了喵",1774705967,"还有双排洗澡"
"","","","","鱼糕今天困了喵",1774705849,"好的丰川诺子"
"","","","","鱼糕今天困了喵",1774705785,"是吧王雨诺"
"","","","","鱼糕今天困了喵",1774705772,"还好换回来了（）"
"","","","","鱼糕今天困了喵",1774705689,"喊过那期没有回放吧"
"","","","","鱼糕今天困了喵",1774705617,"兜售雨诺akari真名111不用999不用99仅需9.9"
"","","","","鱼糕今天困了喵",1774705444,"你要签我名字我也没意见"
"","","","","鱼糕今天困了喵",1774704736,"怎么这么可爱"
"","","","","鱼糕今天困了喵",1774704725,"那确实也熟悉"
"","","","","鱼糕今天困了喵",1774704659,"美女你谁"
"","","","","鱼糕今天困了喵",1774623806,"12点！"
"","","","","鱼糕今天困了喵",1774623803,"凑整！"
"","","","","鱼糕今天困了喵",1774623543,"女装"
"","","","","鱼糕今天困了喵",1774623092,"（这条五毛 记得删掉"
"","","","","鱼糕今天困了喵",1774623079,"什么 水月是男角色"
"","","","","鱼糕今天困了喵",1774622993,"出水月变成楠娘akari（对的"
"","","","","鱼糕今天困了喵",1774622897,"这段真不怕我切出去吗（"
"","","","","鱼糕今天困了喵",1774622737,"更像楠娘小羊了"
"","","","","鱼糕今天困了喵",1774622374,"我去 更喜欢了"
"","","","","鱼糕今天困了喵",1774621714,"带物回国111？（绝对不私吞cos服）"
"","","","","鱼糕今天困了喵",1774621550,"天赋二强控制"
"","","","","鱼糕今天困了喵",1774621405,"直接原地补卡了 只要没输我密码都可以不认账"
"","","","","鱼糕今天困了喵",1774621378,"我也丢过自己[热]"
"","","","","鱼糕今天困了喵",1774621368,"期待重装akari"
"","","","","鱼糕今天困了喵",1774621319,"从钱包里面滑出来了 金属卡卡不住"
"","","","","鱼糕今天困了喵",1774621298,"界园人满了 这里站不下这么多人"
"","","","","鱼糕今天困了喵",1774621209,"丢过信用卡[热]"
"","","","","鱼糕今天困了喵",1774620744,"兄弟这个我是真喜欢"
"","","","","鱼糕今天困了喵",1774620457,"那还说啥了 那我自由落体买个可乐去"
"","","","","鱼糕今天困了喵",1774620446,"原来妹妹都被你们抢走了是吗"
"","","","","鱼糕今天困了喵",1774620166,"捏捏🦵🏻🫚"
"","","","","鱼糕今天困了喵",1774620112,"从来没赚过"
"","","","","鱼糕今天困了喵",1774620102,"这个盒子真神了我就没赚过"
"","","","","鱼糕今天困了喵",1774620086,"-110"
"","","","","鱼糕今天困了喵",1774620047,"我们高中动漫社浓度还行"
"","","","","鱼糕今天困了喵",1774619877,"想看雨诺绕柱跑"
"","","","","鱼糕今天困了喵",1774619514,"神人天气+1"
"","","","","鱼糕今天困了喵",1774619498,"昨天14度"
"","","","","鱼糕今天困了喵",1774619494,"今天怎么-8度"
"","","","","鱼糕今天困了喵",1774619263,"最大意见是我死活没抽到"
"","","","","鱼糕今天困了喵",1774619170,"抛开水陈不谈我老喜欢多索雷斯了"
"","","","","鱼糕今天困了喵",1774618784,"就那两撮是翘的"
"","","","","鱼糕今天困了喵",1774618775,"他是 以一个很奇怪的弧度 反着弯过去了"
"","","","","鱼糕今天困了喵",1774618682,"早上起来头发乱的梳不好 急急急急急"
"","","","","鱼糕今天困了喵",1774618588,"吓哭了"
"","","","","鱼糕今天困了喵",1774618569,"晚上好喵"
"","","","","鱼糕今天困了喵",1774546512,"好吗 这个盒子我全亏的"
"","","","","鱼糕今天困了喵",1774545688,"我在写代码"
"","","","","鱼糕今天困了喵",1774545659,"嗯？"
"","","","","鱼糕今天困了喵",1769841846,"没有"
"","","","","鱼糕今天困了喵",1769841824,"我申请加入讨论组"
"","","","","鱼糕今天困了喵",1769841627,"我要看掉下去然后音叫"
"","","","","鱼糕今天困了喵",1769841615,"为什么没有掉下去环节"
"","","","","鱼糕今天困了喵",1769785549,"晚安喵诺"
"","","","","鱼糕今天困了喵",1769785540,"wwwww周五课是下午的 爽睡"
"","","","","鱼糕今天困了喵",1769785463,"赚了 三拳打出重影了"
"","","","","鱼糕今天困了喵",1769785375,"q"
"","","","","鱼糕今天困了喵",1769785372,"诺"
"","","","","鱼糕今天困了喵",1769785247,"我找一下发你q"
"","","","","鱼糕今天困了喵",1769785189,"诺：气鼓鼓气鼓鼓气鼓鼓"
"","","","","鱼糕今天困了喵",1769785181,"好怪 有点喜欢 不行 先来一拳"
"","","","","鱼糕今天困了喵",1769785145,"什么动静"
"","","","","鱼糕今天困了喵",1769785058,"我趣 烤全诺 真香吧"
"","","","","鱼糕今天困了喵",1769785004,"全吃掉"
"","","","","鱼糕今天困了喵",1769784907,"喔"
"","","","","鱼糕今天困了喵",1769784898,"无呼吸义务吗"
"","","","","鱼糕今天困了喵",1769784870,"浓度真的高"
"","","","","鱼糕今天困了喵",1769784821,"邪恶兔头"
"","","","","鱼糕今天困了喵",1769784814,"突然放个巴别塔吓死所有人"
"","","","","鱼糕今天困了喵",1769784747,"羊肉串（我去我在说什么"
"","","","","鱼糕今天困了喵",1769784459,"我的水月是198自选上岛的"
"","","","","鱼糕今天困了喵",1769784432,"要不然牢得很"
"","","","","鱼糕今天困了喵",1769784424,"最好是有礼包可以必拿new或者自选"
"","","","","鱼糕今天困了喵",1769784401,"除非你差一点能井"
"","","","","鱼糕今天困了喵",1769784390,"舟就不能充抽数"
"","","","","鱼糕今天困了喵",1769784325,"我还在等50产线产完前期资源"
"","","","","鱼糕今天困了喵",1769784259,"箱庭二游 养成 战斗 工厂类基建"
"","","","","鱼糕今天困了喵",1769784197,"我要攒点玉抽杰哥"
"","","","","鱼糕今天困了喵",1769784157,"再凑两个可以明日方舟周了（）"
"","","","","鱼糕今天困了喵",1769784124,"你怎么知道我40发出了别礼"
"","","","","鱼糕今天困了喵",1769784080,"我要____"
"","","","","鱼糕今天困了喵",1769784071,"其实我五岁"
"","","","","鱼糕今天困了喵",1769784014,"我的天哪圣女大人"
"","","","","鱼糕今天困了喵",1769783996,"我也可以用两个指定让你出初雪的（）"
"","","","","鱼糕今天困了喵",1769783872,"我记得那套500还是600多"
"","","","","鱼糕今天困了喵",1769783861,"（好像也没有便宜多少"
"","","","","鱼糕今天困了喵",1769783848,"更便宜的那套不是游戏设定 算半常服"
"","","","","鱼糕今天困了喵",1769783814,"三分妄想好像好一点"
"","","","","鱼糕今天困了喵",1769783747,"老贵了"
"","","","","鱼糕今天困了喵",1769783741,"女管一套800"
"","","","","鱼糕今天困了喵",1769783730,"要的 懂我"
"","","","","鱼糕今天困了喵",1769783710,"（暗示）"
"","","","","鱼糕今天困了喵",1769783699,"诺 我也想看女管"
"","","","","鱼糕今天困了喵",1769783640,"真的看得见吗（）"
"","","","","鱼糕今天困了喵",1769783624,"女管的🦵🏻🫚穿的太厚了（）"
"","","","","鱼糕今天困了喵",1769783448,"资源刷起来时间挺长的"
"","","","","鱼糕今天困了喵",1769783430,"长草没那么快"
"","","","","鱼糕今天困了喵",1769783265,"赢了"
"","","","","鱼糕今天困了喵",1769783258,"昨天晚上刷珠子5把就出了"
"","","","","鱼糕今天困了喵",1769783182,"我快52级了"
"","","","","鱼糕今天困了喵",1769783176,"才五个小时"
"","","","","鱼糕今天困了喵",1769783125,"你怎么知道我昨天终末地到凌晨2:30"
"","","","","鱼糕今天困了喵",1769783113,"晚上好喵"
"","","","","鱼糕今天困了喵",1769697796,"[doge2]"
"","","","","鱼糕今天困了喵",1769697787,"润了 上课"
"","","","","鱼糕今天困了喵",1769697546,"我要的珠子还没来 急"
"","","","","鱼糕今天困了喵",1769697485,"你怎么知道我要50级了"
"","","","","鱼糕今天困了喵",1769696647,"给自己捶晕吗 那很爽了"
"","","","","鱼糕今天困了喵",1769696585,"那就对了 就喜欢重拳出击[doge2]"
"","","","","鱼糕今天困了喵",1769696525,"这样 下次练习给鱼糕重拳出击 就能练手臂了"
"","","","","鱼糕今天困了喵",1769695646,"肉肉的是对的"
"","","","","鱼糕今天困了喵",1769695521,"练完🦵🏻还有🥩🦵🏻吗 不要啊🦵🏻🫚————"
"","","","","鱼糕今天困了喵",1769694793,"晚上好喵2.0诺（"
"","","","","鱼糕今天困了喵",1769614932,"年提我们喜欢你"
"","","","","鱼糕今天困了喵",1769614859,"早就10小时了"
"","","","","鱼糕今天困了喵",1769614689,"onegai muscle让人想起了yyut"
"","","","","鱼糕今天困了喵",1769614608,"[doge2]"
"","","","","鱼糕今天困了喵",1769614398,"发来"
"","","","","鱼糕今天困了喵",1769614391,"哪里可以交易诺"
"","","","","鱼糕今天困了喵",1769614141,"325"
"","","","","鱼糕今天困了喵",1769614011,"榜上的一个有一个都要被两拳"
"","","","","鱼糕今天困了喵",1769613994,"诺和乳酪是双驭械 谁来了都跑不掉"
"","","","","鱼糕今天困了喵",1769613900,"补药沙窝口牙"
"","","","","鱼糕今天困了喵",1769613850,"原来是23"
"","","","","鱼糕今天困了喵",1769613781,"有人需要吃饭代吃我也可以的喵"
"","","","","鱼糕今天困了喵",1769613633,"不行 别的妹妹看到会气鼓鼓的"
"","","","","鱼糕今天困了喵",1769613601,"主播主播 我好像不是单推 这样也可以送单推嘛"
"","","","","鱼糕今天困了喵",1769613282,"我去 今天直播间100个人"
"","","","","鱼糕今天困了喵",1769613238,"有点捞 我见过全自动关键词对线的"
"","","","","鱼糕今天困了喵",1769610214,"要是干完还在播我再回来"
"","","","","鱼糕今天困了喵",1769610191,"先逃了 干活"
"","","","","鱼糕今天困了喵",1769609935,"bur wait 你喝过烟灰缸吗（）"
"","","","","鱼糕今天困了喵",1769609922,"我怎么 没觉得"
"","","","","鱼糕今天困了喵",1769609918,"？"
"","","","","鱼糕今天困了喵",1769609735,"他给你两拳果汁就用完了"
"","","","","鱼糕今天困了喵",1769609729,"感觉未必能过[热]"
"","","","","鱼糕今天困了喵",1769609633,"做点果汁"
"","","","","鱼糕今天困了喵",1769609581,"家球会让我起床的时候继续看见诺的"
"","","","","鱼糕今天困了喵",1769609568,"这样 我去睡一觉"
"","","","","鱼糕今天困了喵",1769609485,"大剑香蕉呢救一下啊 砍他…！"
"","","","","鱼糕今天困了喵",1769609437,"怎么要似了"
"","","","","鱼糕今天困了喵",1769609395,"吃口火鸡面吧 补充能量（）"
"","","","","鱼糕今天困了喵",1769609269,"不懂就问这是终末地吗 为什么平a刮痧"
"","","","","鱼糕今天困了喵",1769609202,"诺在国内喵"
"","","","","鱼糕今天困了喵",1769609053,"谁家加拿大鹅 回来吧你 为什么迁徙"
"","","","","鱼糕今天困了喵",1769609029,"我服了"
"","","","","鱼糕今天困了喵",1769608772,"现在x2那很舒服了"
"","","","","鱼糕今天困了喵",1769608453,"48级了[热]"
"","","","","鱼糕今天困了喵",1769608446,"我昨天又玩了一下午+一晚上"
"","","","","鱼糕今天困了喵",1769608436,"终末地好上头"
"","","","","鱼糕今天困了喵",1769608345,"我是真诺"
"","","","","鱼糕今天困了喵",1769608263,"千千万万个诺 真好（"
"","","","","鱼糕今天困了喵",1769608256,"可以让千千万万个诺球球变成诺吗"
"","","","","鱼糕今天困了喵",1769608083,"小肚小肚 （*拍"
"","","","","鱼糕今天困了喵",1769607249,"诺你知道我是心疼你的（对吧（可能是的（真的有吗"
"","","","","鱼糕今天困了喵",1769607098,"谁上了年提？我去 老板大气"
"","","","","鱼糕今天困了喵",1769607049,"伤心了喵 掉小珍珠了喵"
"","","","","鱼糕今天困了喵",1769606988,"诶我去我提督掉了"
"","","","","鱼糕今天困了喵",1769524707,"然后偷她家魔芋爽"
"","","","","鱼糕今天困了喵",1769524686,"我要偷她家猫"
"","","","","鱼糕今天困了喵",1769524598,"诺家+1"
"","","","","鱼糕今天困了喵",1769523770,"yjwl卖号是连舟一起的"
"","","","","鱼糕今天困了喵",1769523710,"我哭了"
"","","","","鱼糕今天困了喵",1769523702,"有人30抽4个六星"
"","","","","鱼糕今天困了喵",1769523686,"我80抽出了42"
"","","","","鱼糕今天困了喵",1769523609,"笑死了 现在我也可以短裤出门拿外卖了"
"","","","","鱼糕今天困了喵",1769523580,"脸要冻掉了"
"","","","","鱼糕今天困了喵",1769523544,"卧槽 怎么可以这么冷"
"","","","","鱼糕今天困了喵",1769523291,"我们这边甚至组好了卫戍联机群"
"","","","","鱼糕今天困了喵",1769523235,"终末地要是能联机（"
"","","","","鱼糕今天困了喵",1769523103,"111哪里购入克隆诺"
"","","","","鱼糕今天困了喵",1769523071,"我看有个狠人48级巢雕都没打"
"","","","","鱼糕今天困了喵",1769523043,"拉一下滑条据点等级就满了"
"","","","","鱼糕今天困了喵",1769523030,"一觉醒来仓库里多了两万个高级胶囊和一堆电池"
"","","","","鱼糕今天困了喵",1769522980,"燃尽了"
"","","","","鱼糕今天困了喵",1769522973,"现在44级"
"","","","","鱼糕今天困了喵",1769522968,"结果玩了8个小时终末地"
"","","","","鱼糕今天困了喵",1769522958,"昨天说要好好学习的"
"","","","","鱼糕今天困了喵",1769522924,"[热][热][热]"
"","","","","鱼糕今天困了喵",1769522921,"对不起对不起对不起对不起对不起"
"","","","","鱼糕今天困了喵",1769522917,"我要忏悔"
"","","","","鱼糕今天困了喵",1769522847,"不想出来"
"","","","","鱼糕今天困了喵",1769522841,"对 我盖了两层被子"
"","","","","鱼糕今天困了喵",1769522802,"供暖开了晚上还是冷"
"","","","","鱼糕今天困了喵",1769522790,"我需要在房间里放一个火炉"
"","","","","鱼糕今天困了喵",1769522768,"鱼糕冰冰凉的"
"","","","","鱼糕今天困了喵",1769522642,"对的 我们昨天停课了 今天顶着积雪和-27度去上课"
"","","","","鱼糕今天困了喵",1769522592,"诺！晚上好喵"
"","","","","鱼糕今天困了喵",1769493817,"感觉查无此人"
"","","","","鱼糕今天困了喵",1769493796,"秋栗打的手感怪怪的"
"","","","","鱼糕今天困了喵",1769493504,"48级没打巢雕吗 太狠了"
"","","","","鱼糕今天困了喵",1769492139,"我过剧情的时候一套下去才1/4[热] 老折磨了"
"","","","","鱼糕今天困了喵",1769492085,"这一套下去下血好快啊"
"","","","","鱼糕今天困了喵",1769352945,"骗你的 真报备了也有可能抬走"
"","","","","鱼糕今天困了喵",1769352548,"诺：诶哟诶哟有点累 不行了不中了 （太一般了 强度不够"
"","","","","鱼糕今天困了喵",1769352528,"是的你也要"
"","","","","鱼糕今天困了喵",1769352510,"感动了"
"","","","","鱼糕今天困了喵",1769352492,"好的 周五晚上准时收看"
"","","","","鱼糕今天困了喵",1769352362,"胃口很大 再来两口"
"","","","","鱼糕今天困了喵",1769352351,"frieren看完了 没吃饱"
"","","","","鱼糕今天困了喵",1769352324,"催更vlog[doge2]"
"","","","","鱼糕今天困了喵",1769352273,"明天饿着"
"","","","","鱼糕今天困了喵",1769352246,"还有蜘蛛"
"","","","","鱼糕今天困了喵",1769352009,"越来越怪了"
"","","","","鱼糕今天困了喵",1769351918,"jesus christ那很怪了"
"","","","","鱼糕今天困了喵",1769351886,"可以考虑（…？"
"","","","","鱼糕今天困了喵",1769351853,"没事 害羞可以让我嗦[doge2]"
"","","","","鱼糕今天困了喵",1769351837,"恰个早饭去"
"","","","","鱼糕今天困了喵",1769351788,"好怪"
"","","","","鱼糕今天困了喵",1769351699,"好像现在都是预售"
"","","","","鱼糕今天困了喵",1769351684,"淘宝九阳官方店"
"","","","","鱼糕今天困了喵",1769351642,"一定会的吧（"
"","","","","鱼糕今天困了喵",1769351630,"想喝 喂我"
"","","","","鱼糕今天困了喵",1769351419,"举报lmj的话rcmp能请我吃饭吗"
"","","","","鱼糕今天困了喵",1769351379,"我去这个诺怎么这么坏"
"","","","","鱼糕今天困了喵",1769351336,"大雪"
"","","","","鱼糕今天困了喵",1769351333,"哇 今天大学"
"","","","","鱼糕今天困了喵",1769351209,"差不太多吧 比你小一点点"
"","","","","鱼糕今天困了喵",1769350971,"感觉我也是老东西了[热]"
"","","","","鱼糕今天困了喵",1769350915,"我震惊"
"","","","","鱼糕今天困了喵",1769350908,"还有比我小的已经结婚了的"
"","","","","鱼糕今天困了喵",1769350902,"还真是"
"","","","","鱼糕今天困了喵",1769350431,"我要爽吃金酒之杯"
"","","","","鱼糕今天困了喵",1769350235,"春节纯纯收入最多的时候[doge2]"
"","","","","鱼糕今天困了喵",1769350206,"我们这边 经常500 1k起步"
"","","","","鱼糕今天困了喵",1769350055,"昨天睡了7个小时还是好困"
"","","","","鱼糕今天困了喵",1769350044,"好困好困"
"","","","","鱼糕今天困了喵",1769349909,"春节只能相见欢+新活动了"
"","","","","鱼糕今天困了喵",1769349748,"我给他丢窗外放了十分钟就好了"
"","","","","鱼糕今天困了喵",1769349677,"黑屏精灵还在发力"
"","","","","鱼糕今天困了喵",1769349666,"上次把电脑扔床上玩过热黑屏了[热]"
"","","","","鱼糕今天困了喵",1769266593,"来人加加！"
"","","","","鱼糕今天困了喵",1769266581,"oui"
"","","","","鱼糕今天困了喵",1769266577,"只有一个"
"","","","","鱼糕今天困了喵",1769266542,"100"
"","","","","鱼糕今天困了喵",1769266532,"有人加我嘛 我丢群里"
"","","","","鱼糕今天困了喵",1769266524,"加了喵"
"","","","","鱼糕今天困了喵",1769266481,"诶 一发出六星武器了"
"","","","","鱼糕今天困了喵",1769266434,"我是勤劳勇敢的兔头（"
"","","","","鱼糕今天困了喵",1769266335,"我有罪"
"","","","","鱼糕今天困了喵",1769266332,"我已经去看了（）"
"","","","","鱼糕今天困了喵",1769266265,"看呆了"
"","","","","鱼糕今天困了喵",1769266259,"一直在直播打"
"","","","","鱼糕今天困了喵",1769266255,"我有个朋友昨天打了11小时"
"","","","","鱼糕今天困了喵",1769266086,"10抽给我3个五星 我没意见"
"","","","","鱼糕今天困了喵",1769266061,"新玩具来咯"
"","","","","鱼糕今天困了喵",1769265911,"那只能看别的诺了"
"","","","","鱼糕今天困了喵",1769265904,"什么 连6个小时直播都没有吗"
"","","","","鱼糕今天困了喵",1769265725,"我去 什么动静"
"","","","","鱼糕今天困了喵",1769265714,"？"
"","","","","鱼糕今天困了喵",1769265509,"还有反向加速的"
"","","","","鱼糕今天困了喵",1769265503,"服了 没开加速器350ms 开完加速器662ms"
"","","","","鱼糕今天困了喵",1769265490,"我就没见过不贵的富士"
"","","","","鱼糕今天困了喵",1769265482,"富士是这样的 坏的很"
"","","","","鱼糕今天困了喵",1769265158,"眼镜有点对"
"","","","","鱼糕今天困了喵",1769264993,"空余挂件这一块 大好事啊"
"","","","","鱼糕今天困了喵",1769264984,"出个新年限 再来个余 来个黍 哎还有天有四时"
"","","","","鱼糕今天困了喵",1769264949,"年限超大杯是好事"
"","","","","鱼糕今天困了喵",1769264893,"stripe每一笔要输卡号手动确认"
"","","","","鱼糕今天困了喵",1769264870,"他但凡用stripe都没事"
"","","","","鱼糕今天困了喵",1769264831,"纯逆天支付渠道"
"","","","","鱼糕今天困了喵",1769264822,"用pp买steam游戏甚至还有1.5手续费"
"","","","","鱼糕今天困了喵",1769264805,"paypal本身逻辑就很逆天"
"","","","","鱼糕今天困了喵",1769264773,"有人免费获得了648"
"","","","","鱼糕今天困了喵",1769264765,"正常消费也退了"
"","","","","鱼糕今天困了喵",1769264755,"然后六个小时内 当天晚上全退了"
"","","","","鱼糕今天困了喵",1769264743,"从第一次出现bug到定位用了一个半小时"
"","","","","鱼糕今天困了喵",1769264701,"来不及咯 已经退过款滑跪了"
"","","","","鱼糕今天困了喵",1769264643,"打架被打了半秒后才扣血 支援未来来了"
"","","","","鱼糕今天困了喵",1769264615,"我现在连国服延迟400ms+"
"","","","","鱼糕今天困了喵",1769264605,"国际服有asia/japan吧"
"","","","","鱼糕今天困了喵",1769264528,"我正在质疑为什么自己要玩国服"
"","","","","鱼糕今天困了喵",1769264515,"我服了 点个跳跃 0.5秒之后才有反应"
"","","","","鱼糕今天困了喵",1769264254,"那很福瑞控了"
"","","","","鱼糕今天困了喵",1769264246,"福瑞吗"
"","","","","鱼糕今天困了喵",1769263763,"好气啊"
"","","","","鱼糕今天困了喵",1769263755,"我刚刚又被卡退出去了"
"","","","","鱼糕今天困了喵",1769263747,"校园网的问题 调不了 罢了"
"","","","","鱼糕今天困了喵",1769262473,"翘课 只有零次和无数次"
"","","","","鱼糕今天困了喵",1769262383,"骗你的 高中也没觉得听课重要"
"","","","","鱼糕今天困了喵",1769262347,"那换的也太少了"
"","","","","鱼糕今天困了喵",1769261569,"耶稣来了草"
"","","","","鱼糕今天困了喵",1769261515,"诺2026岁"
"","","","","鱼糕今天困了喵",1769261148,"不存在的"
"","","","","鱼糕今天困了喵",1769261100,"1"
"","","","","鱼糕今天困了喵",1769261025,"好像很古老了"
"","","","","鱼糕今天困了喵",1769261016,"哎我还留过星巴克某一年的樱花杯套"
"","","","","鱼糕今天困了喵",1769260947,"理智差不多了 该明日方舟了"
"","","","","鱼糕今天困了喵",1769221392,"wwwwwww"
"","","","","鱼糕今天困了喵",1769221384,"运气这么好"
"","","","","鱼糕今天困了喵",1769221381,"？我去 赚了"
"","","","","鱼糕今天困了喵",1769221354,"妈妈妈妈妈妈妈妈妈"
"","","","","鱼糕今天困了喵",1769179562,"可爱诺www"
"","","","","鱼糕今天困了喵",1769179557,"闪现 闪现"
"","","","","鱼糕今天困了喵",1769179541,"好耶！"
"","","","","鱼糕今天困了喵",1769179394,"打光拍摄后期一条龙"
"","","","","鱼糕今天困了喵",1769179379,"有人让我十月份干活"
"","","","","鱼糕今天困了喵",1769179345,"再加上晚上疯狂进行摄影大学习比较晚睡"
"","","","","鱼糕今天困了喵",1769179310,"刚醒就昏过去了"
"","","","","鱼糕今天困了喵",1769179303,"真的 冬天不想起"
"","","","","鱼糕今天困了喵",1769179276,"[热]才睡醒"
"","","","","鱼糕今天困了喵",1769006030,"走了喵 上课去了喵"
"","","","","鱼糕今天困了喵",1769006010,"我笑不活了"
"","","","","鱼糕今天困了喵",1769006003,"不是 我怎么第一"
"","","","","鱼糕今天困了喵",1769004774,"我来"
"","","","","鱼糕今天困了喵",1769004771,"111"
"","","","","鱼糕今天困了喵",1769004522,"不对 哎 忘了换牌子了"
"","","","","鱼糕今天困了喵",1769004501,"这么强 诺 分享一下互关妹妹id"
"","","","","鱼糕今天困了喵",1769004485,"在谁那边都是单推人"
"","","","","鱼糕今天困了喵",1769004472,"我也是单推人"
"","","","","鱼糕今天困了喵",1769004297,"满分"
"","","","","鱼糕今天困了喵",1769004294,"全对"
"","","","","鱼糕今天困了喵",1769004266,"时间差不多咯"
"","","","","鱼糕今天困了喵",1769004224,"hhhhhh"
"","","","","鱼糕今天困了喵",1769004210,"继续贪！"
"","","","","鱼糕今天困了喵",1769004204,"贪！"
"","","","","鱼糕今天困了喵",1769004173,"能吧"
"","","","","鱼糕今天困了喵",1769003845,"打完吧"
"","","","","鱼糕今天困了喵",1769003843,"你退了连回去还是同一把的"
"","","","","鱼糕今天困了喵",1769003680,"能不能飞一个"
"","","","","鱼糕今天困了喵",1769003463,"3张幺九做国真神了"
"","","","","鱼糕今天困了喵",1769003444,"我觉得这把能想国的建议拉去重修"
"","","","","鱼糕今天困了喵",1769003300,"对味了"
"","","","","鱼糕今天困了喵",1769003290,"hhhhhhh"
"","","","","鱼糕今天困了喵",1769003091,"难说"
"","","","","鱼糕今天困了喵",1769003017,"换听的惩罚来了"
"","","","","鱼糕今天困了喵",1769002983,"9电池那个下饭神器怎么没了"
"","","","","鱼糕今天困了喵",1769002913,"打麻将不要心急"
"","","","","鱼糕今天困了喵",1769002908,"bro"
"","","","","鱼糕今天困了喵",1769002836,"你晚胡一位的自摸少拿1/3"
"","","","","鱼糕今天困了喵",1769002814,"经典二择"
"","","","","鱼糕今天困了喵",1769002638,"你要给主播打米吗 我没意见"
"","","","","鱼糕今天困了喵",1769002596,"对"
"","","","","鱼糕今天困了喵",1769002575,"节奏快好凑牌"
"","","","","鱼糕今天困了喵",1769002567,"没有2-8万"
"","","","","鱼糕今天困了喵",1769002560,"三麻就叫三人战还是啥的"
"","","","","鱼糕今天困了喵",1769002492,"修罗是日麻血流"
"","","","","鱼糕今天困了喵",1769002483,"赤羽是川麻"
"","","","","鱼糕今天困了喵",1769002468,"对的 这是血流"
"","","","","鱼糕今天困了喵",1769002402,"晚上好喵"
"","","","","鱼糕今天困了喵",1768917754,"有圆环 是音游 能接音符 我去这不是我们舞萌dx吗（x"
"","","","","鱼糕今天困了喵",1768749821,"这是什么模组"
"","","","","鱼糕今天困了喵",1768748300,"重拳出击！"
"","","","","鱼糕今天困了喵",1768748080,"下次早点（）"
"","","","","鱼糕今天困了喵",1768748075,"来不及了鲨鱼"
"","","","","鱼糕今天困了喵",1768748072,"发了喵"
"","","","","鱼糕今天困了喵",1768748045,"发你q"
"","","","","鱼糕今天困了喵",1768748019,"[热]"
"","","","","鱼糕今天困了喵",1768748016,"诺球球是这样的人吗"
"","","","","鱼糕今天困了喵",1768747996,"怎么就可以了呢诺"
"","","","","鱼糕今天困了喵",1768747888,"但是卤蛋什么的"
"","","","","鱼糕今天困了喵",1768747882,"虽然我真的很喜欢蓝毛"
"","","","","鱼糕今天困了喵",1768747824,"我要看卤蛋[热]"
"","","","","鱼糕今天困了喵",1768747727,"我去 我不知道可以要卤蛋举牌"
"","","","","鱼糕今天困了喵",1768747643,"可以真的"
"","","","","鱼糕今天困了喵",1768747562,"减到47奖励你报销自助餐（…？我去更坏了"
"","","","","鱼糕今天困了喵",1768747473,"买了就是出了"
"","","","","鱼糕今天困了喵",1768747467,"买！"
"","","","","鱼糕今天困了喵",1768747416,"再一看怎么首充双倍全没了"
"","","","","鱼糕今天困了喵",1768747396,"诺喝多打开舟 第二天醒来发现号里面多出几万张蓝票"
"","","","","鱼糕今天困了喵",1768747334,"建议放个远程关播在谁手上"
"","","","","鱼糕今天困了喵",1768747322,"醉酒方舟小心切片王"
"","","","","鱼糕今天困了喵",1768746780,"给你一拳哦"
"","","","","鱼糕今天困了喵",1768746764,"干嘛"
"","","","","鱼糕今天困了喵",1768746640,"买过 不好吃"
"","","","","鱼糕今天困了喵",1768746606,"不中了"
"","","","","鱼糕今天困了喵",1768746603,"然后期末周胖几斤"
"","","","","鱼糕今天困了喵",1768746596,"要不咬指甲 要不吃零食"
"","","","","鱼糕今天困了喵",1768746184,"上舰长有今天举牌喔"
"","","","","鱼糕今天困了喵",1768746173,"喜欢上个灯牌嘛老板"
"","","","","鱼糕今天困了喵",1768746111,"直接要"
"","","","","鱼糕今天困了喵",1768745964,"咬一口"
"","","","","鱼糕今天困了喵",1768745940,"对的 诺导师小课堂"
"","","","","鱼糕今天困了喵",1768745923,"感觉她不喜欢你就假装思考一下"
"","","","","鱼糕今天困了喵",1768745903,"她喜欢 你就说好看呗"
"","","","","鱼糕今天困了喵",1768745887,"你别管懂不懂"
"","","","","鱼糕今天困了喵",1768745380,"哇来一个诺头 灵魂汁子浇给"
"","","","","鱼糕今天困了喵",1768745317,"我要炖诺肋条[doge2]"
"","","","","鱼糕今天困了喵",1768744926,"那要不依旧银记"
"","","","","鱼糕今天困了喵",1768744711,"一秒猜到你吃的什么"
"","","","","鱼糕今天困了喵",1768744445,"[doge2][doge2][doge2]"
"","","","","鱼糕今天困了喵",1768744440,"顺带来两碗大米饭加点小菜"
"","","","","鱼糕今天困了喵",1768744427,"我全吃"
"","","","","鱼糕今天困了喵",1768743791,"有别的妹妹去打过（"
"","","","","鱼糕今天困了喵",1768743778,"有的"
"","","","","鱼糕今天困了喵",1768743775,"线下日麻是对的"
"","","","","鱼糕今天困了喵",1768743194,"你妈能不能打过persona不知道 你应该是不一定能打过你妈"
"","","","","鱼糕今天困了喵",1768742868,"哦？"
"","","","","鱼糕今天困了喵",1768742828,"[热]"
"","","","","鱼糕今天困了喵",1768659089,"反应真快"
"","","","","鱼糕今天困了喵",1768658992,"哦立刻知道是哪个了"
"","","","","鱼糕今天困了喵",1768658938,"不信 我检查一下"
"","","","","鱼糕今天困了喵",1768658870,"鼓着是在把卡住的珍珠喷出去吗"
"","","","","鱼糕今天困了喵",1768658812,"汪汪汪的来了"
"","","","","鱼糕今天困了喵",1768658803,"太高频了被砍了吧"
"","","","","鱼糕今天困了喵",1768658729,"技力不够可以加个酒神"
"","","","","鱼糕今天困了喵",1768658714,"ew m3 初雪3 银灰3就够了"
"","","","","鱼糕今天困了喵",1768658702,"不用这么多"
"","","","","鱼糕今天困了喵",1768658583,"盾好一点卡住是ok的"
"","","","","鱼糕今天困了喵",1768658575,"ex8 boss出个分身 三连击 攻击力1400"
"","","","","鱼糕今天困了喵",1768658339,"我看完了[doge2]"
"","","","","鱼糕今天困了喵",1768658084,"小登借也难打 奶量不够"
"","","","","鱼糕今天困了喵",1768658020,"两个诱导轮流转"
"","","","","鱼糕今天困了喵",1768658008,"参考了一下加了个控"
"","","","","鱼糕今天困了喵",1768657940,"最后超大杯加拐大肘子肘死了"
"","","","","鱼糕今天困了喵",1768657919,"力竭了"
"","","","","鱼糕今天困了喵",1768657915,"新的me-ex-8昨天晚上打了两个小时"
"","","","","鱼糕今天困了喵",1768657740,"我喝过一箱了"
"","","","","鱼糕今天困了喵",1768657732,"好喝的"
"","","","","鱼糕今天困了喵",1768657163,"刚洗的头啊"
"","","","","鱼糕今天困了喵",1768657159,"诶我去 好大的雪"
"","","","","鱼糕今天困了喵",1768657026,"确实没见过这么夸张的"
"","","","","鱼糕今天困了喵",1768657018,"不止本子了"
"","","","","鱼糕今天困了喵",1768656898,"今天麦克风确实好"
"","","","","鱼糕今天困了喵",1768656838,"真懂我（"
"","","","","鱼糕今天困了喵",1768656618,"传下去 诺嫌弃粉丝们不行了"
"","","","","鱼糕今天困了喵",1768656478,"你就说醒没醒"
"","","","","鱼糕今天困了喵",1768656414,"不醒就跳脸上"
"","","","","鱼糕今天困了喵",1768656407,"有没有厂子出个蟑螂闹钟"
"","","","","鱼糕今天困了喵",1768656277,"哎哟我的脖子"
"","","","","鱼糕今天困了喵",1768656244,"平局就是没意见"
"","","","","鱼糕今天困了喵",1768656168,"传下去 有人想要家里面有蟑螂"
"","","","","鱼糕今天困了喵",1768656013,"fr 16度我直接短袖出门逛街"
"","","","","鱼糕今天困了喵",1768655999,"16度好温暖啊"
"","","","","鱼糕今天困了喵",1768655953,"感觉要超级大减速然后延迟"
"","","","","鱼糕今天困了喵",1768655937,"我要前往那个没有诺的城市"
"","","","","鱼糕今天困了喵",1768655869,"那是不是有🦵🏻🫚啊"
"","","","","鱼糕今天困了喵",1768655719,"腿！我的腿！嗷！"
"","","","","鱼糕今天困了喵",1768655713,"老师为什么把我挂在房顶上"
"","","","","鱼糕今天困了喵",1768655661,"直接复制粘贴一个 然后一个竖屏一个横屏 慢慢调试"
"","","","","鱼糕今天困了喵",1768655514,"家庭雪糕筒可以拦住突袭交通亭吗"
"","","","","鱼糕今天困了喵",1768655484,"挂二次元纸片人还好"
"","","","","鱼糕今天困了喵",1768655446,"很难绷得住"
"","","","","鱼糕今天困了喵",1768655369,"学我整个诺墙（）"
"","","","","鱼糕今天困了喵",1768655355,"那挂点海报色纸吧"
"","","","","鱼糕今天困了喵",1768655314,"或者小架子放点东西 对的"
"","","","","鱼糕今天困了喵",1768655301,"主要墙上挂点啥都行"
"","","","","鱼糕今天困了喵",1768655233,"游戏主播吗 一想到游戏主播我就要想到325了"
"","","","","鱼糕今天困了喵",1768652096,"喵呜"
"","","","","鱼糕今天困了喵",1768617258,"明天去爱他"
"","","","","鱼糕今天困了喵",1768617254,"好卖"
"","","","","鱼糕今天困了喵",1768617229,"怎么pr一串还有房管 是不是py交易了"
"","","","","鱼糕今天困了喵",1768617209,"这是在看比赛吗"
"","","","","鱼糕今天困了喵",1768526911,"笑死我了"
"","","","","鱼糕今天困了喵",1768526878,"你看一眼差多少米"
"","","","","鱼糕今天困了喵",1768526843,"你充点"
"","","","","鱼糕今天困了喵",1768526822,"不赖"
"","","","","鱼糕今天困了喵",1768526819,"好出"
"","","","","鱼糕今天困了喵",1768526817,"我没意见"
"","","","","鱼糕今天困了喵",1768526790,"快点给我出个传家宝"
"","","","","鱼糕今天困了喵",1768526767,"meiko大哥爆点"
"","","","","鱼糕今天困了喵",1768526742,"你充点我也没意见"
"","","","","鱼糕今天困了喵",1768526736,"都可以用"
"","","","","鱼糕今天困了喵",1768484216,"作业不用做哦 自动延期的[doge2]"
"","","","","鱼糕今天困了喵",1768484205,"太对了 我刚把被子裹紧又躺回去了"
"","","","","鱼糕今天困了喵",1768484149,"我要向所有人宣布今天学校暴风雪不上课的好事[doge2]"
"","","","","鱼糕今天困了喵",1768484114,"晚上好喵"
"","","","","鱼糕今天困了喵",1768452890,"c我喜欢你🫰"
"","","","","鱼糕今天困了喵",1768452879,"C晚上好喵"
"","","","","鱼糕今天困了喵",1768452524,"感觉不够吃"
"","","","","鱼糕今天困了喵",1768452518,"还行 不多啊"
"","","","","鱼糕今天困了喵",1768452407,"喊老婆的打入18层地下"
"","","","","鱼糕今天困了喵",1768452373,"我给你两拳鲨鱼飞踢"
"","","","","鱼糕今天困了喵",1768452364,"我能看见"
"","","","","鱼糕今天困了喵",1768452134,"我去 俄罗斯诺诺"
"","","","","鱼糕今天困了喵",1768452045,"本来就自带日常头痛debuff（）"
"","","","","鱼糕今天困了喵",1768452032,"然后我就头痛要吃药了（）"
"","","","","鱼糕今天困了喵",1768451991,"外面干了里面也不干"
"","","","","鱼糕今天困了喵",1768451983,"头发多是这样的（"
"","","","","鱼糕今天困了喵",1768451940,"头发干的老慢了"
"","","","","鱼糕今天困了喵",1768451933,"为了头发干现在洗的都早"
"","","","","鱼糕今天困了喵",1768451921,"10点就洗过了"
"","","","","鱼糕今天困了喵",1768451733,"一看就柴"
"","","","","鱼糕今天困了喵",1768451727,"感觉不好吃"
"","","","","鱼糕今天困了喵",1768451676,"草"
"","","","","鱼糕今天困了喵",1768451478,"直接打字不让我发"
"","","","","鱼糕今天困了喵",1768451472,"livehime是你现在用的这个软件"
"","","","","鱼糕今天困了喵",1768451436,"用过obs能不骂hime的也神了"
"","","","","鱼糕今天困了喵",1768451418,"666那你也可以跟一下"
"","","","","鱼糕今天困了喵",1768451388,"666我本来是说livehime自带功能路边一条"
"","","","","鱼糕今天困了喵",1768451361,"我骂livehime发不出来吗"
"","","","","鱼糕今天困了喵",1768451355,"哎不对"
"","","","","鱼糕今天困了喵",1768451326,"路边的一条"
"","","","","鱼糕今天困了喵",1768451307,"好一点"
"","","","","鱼糕今天困了喵",1768451235,"抢占！"
"","","","","鱼糕今天困了喵",1768451229,"二台鱼糕！"
"","","","","鱼糕今天困了喵",1768451167,"人生有梦各自精彩"
"","","","","鱼糕今天困了喵",1768451160,"对吗这"
"","","","","鱼糕今天困了喵",1768446925,"se除说话！"
"","","","","鱼糕今天困了喵",1768446850,"serendipity我宣布你是区"
"","","","","鱼糕今天困了喵",1768398895,"喵！"
"","","","","鱼糕今天困了喵",1768350576,"死的谁？"
"","","","","鱼糕今天困了喵",1768350571,"？"
"","","","","鱼糕今天困了喵",1768314327,"我要跑了喵 要去上课了喵"
"","","","","鱼糕今天困了喵",1768313782,"😈"
"","","","","鱼糕今天困了喵",1768313776,"那我拿30个号就OK了"
"","","","","鱼糕今天困了喵",1768313621,"我要掏出200个精灵球跟你混战"
"","","","","鱼糕今天困了喵",1768313606,"让你拍了吗 绑定的道具拍不掉"
"","","","","鱼糕今天困了喵",1768313281,"乐"
"","","","","鱼糕今天困了喵",1768313279,"我看到诺上线了"
"","","","","鱼糕今天困了喵",1768313231,"这个点有人固定播"
"","","","","鱼糕今天困了喵",1768313213,"那我真得看别的妹妹"
"","","","","鱼糕今天困了喵",1768312547,"还有日常cs"
"","","","","鱼糕今天困了喵",1768312530,"ff 明日方舟 八方旅人0"
"","","","","鱼糕今天困了喵",1768312067,"这个诺太坏了"
"","","","","鱼糕今天困了喵",1768312063,"诶我去 牌子不对怎么不显示内容"
"","","","","鱼糕今天困了喵",1768311621,"别的牌子都灰了 没得看了"
"","","","","鱼糕今天困了喵",1768311610,"不行 自己一拳没感觉"
"","","","","鱼糕今天困了喵",1768311545,"怎么鱼糕都是别的妹妹的牌子"
"","","","","鱼糕今天困了喵",1768311484,"不是新牌子（"
"","","","","鱼糕今天困了喵",1768311459,"第一天看 主包怎么这么可爱 关注了"
"","","","","鱼糕今天困了喵",1768311429,"不认识喵"
"","","","","鱼糕今天困了喵",1768311380,"诺球球谁啊 不熟（转头"
"","","","","鱼糕今天困了喵",1768311204,"其实还挺好吃的（（（"
"","","","","鱼糕今天困了喵",1768311196,"而我真的做过阿萨姆奶茶+红烧狮子头拌饭"
"","","","","鱼糕今天困了喵",1768311080,"诺 点单 魔爪拌饭"
"","","","","鱼糕今天困了喵",1768311029,"看过"
"","","","","鱼糕今天困了喵",1768310985,"看一次笑一次"
"","","","","鱼糕今天困了喵",1768310884,"浇椰树牌椰汁算吃好吃的吗（）"
"","","","","鱼糕今天困了喵",1768310839,"你们的诺给我扣下了 想要诺的众筹[doge2]"
"","","","","鱼糕今天困了喵",1768310737,"666还有临时涨价"
"","","","","鱼糕今天困了喵",1768310730,"怎么多了个9"
"","","","","鱼糕今天困了喵",1768310678,"这么一想 仅退款是不是咬人更疼一点"
"","","","","鱼糕今天困了喵",1768310624,"不退货 太对了"
"","","","","鱼糕今天困了喵",1768310616,"对啊 所以仅退款"
"","","","","鱼糕今天困了喵",1768310532,"仅退款"
"","","","","鱼糕今天困了喵",1768310480,"这个好 我要购入"
"","","","","鱼糕今天困了喵",1768310471,"草"
"","","","","鱼糕今天困了喵",1768310460,"用上26年台历要9月了[热]"
"","","","","鱼糕今天困了喵",1768310447,"诺有没有提前制作27年台历计划（"
"","","","","鱼糕今天困了喵",1768263975,"掉小珍珠了"
"","","","","鱼糕今天困了喵",1768263970,"伤心了"
"","","","","鱼糕今天困了喵",1768263966,"不喜欢你了"
"","","","","鱼糕今天困了喵",1768263516,"多好看啊"
"","","","","鱼糕今天困了喵",1768263278,"很舒服了"
"","","","","鱼糕今天困了喵",1768263256,"还有这种课"
"","","","","鱼糕今天困了喵",1768261288,"二视角在桌下扣自己"
"","","","","鱼糕今天困了喵",1768261272,"一视角在桌上扣扳机"
"","","","","鱼糕今天困了喵",1768261240,"when"
"","","","","鱼糕今天困了喵",1768261234,"快点我要看桌下二视角"
"","","","","鱼糕今天困了喵",1768261030,"太正确了"
"","","","","鱼糕今天困了喵",1768261022,"我不中了"
"","","","","鱼糕今天困了喵",1768260965,"《38》"
"","","","","鱼糕今天困了喵",1768260960,"《41》"
"","","","","鱼糕今天困了喵",1768260955,"《0》"
"","","","","鱼糕今天困了喵",1768260950,"《18》"
"","","","","鱼糕今天困了喵",1768260897,"太让人伤心了喵"
"","","","","鱼糕今天困了喵",1768260885,"哎大主播了喵 连观众说话都不听了喵"
"","","","","鱼糕今天困了喵",1768260812,"那你学费还挺便宜的"
"","","","","鱼糕今天困了喵",1768260670,"一听到布洛特就忍不住轻哼起来"
"","","","","鱼糕今天困了喵",1768260504,"？？？是人啊"
"","","","","鱼糕今天困了喵",1768260491,"我宣布f1shcake是半条区"
"","","","","鱼糕今天困了喵",1768260286,"xswl"
"","","","","鱼糕今天困了喵",1768260264,"哎这个meiko怎么这么坏还卖队友啊"
"","","","","鱼糕今天困了喵",1768260026,"呜呜呜畏惧了喵好强大喵"
"","","","","鱼糕今天困了喵",1768260018,"哎呀 meiko哥哥好凶啊"
"","","","","鱼糕今天困了喵",1768183334,"妈妈妈妈妈妈妈妈"
"","","","","鱼糕今天困了喵",1768147924,"晚安喵"
"","","","","鱼糕今天困了喵",1768147900,"wwwwwww"
"","","","","鱼糕今天困了喵",1768147895,"下吧下吧"
"","","","","鱼糕今天困了喵",1768147869,"别急着谢我 那是ios"
"","","","","鱼糕今天困了喵",1768147853,"那是我小号"
"","","","","鱼糕今天困了喵",1768147849,"逗你的 你下吧"
"","","","","鱼糕今天困了喵",1768147689,"还有高手"
"","","","","鱼糕今天困了喵",1768147684,"老板大气啊"
"","","","","鱼糕今天困了喵",1768147398,"我上次喝了半瓶头昏的不行"
"","","","","鱼糕今天困了喵",1768147388,"对的 this is why（）"
"","","","","鱼糕今天困了喵",1768147295,"不止（"
"","","","","鱼糕今天困了喵",1768147253,"（）"
"","","","","鱼糕今天困了喵",1768147250,"现在诺知道上的什么当了吗"
"","","","","鱼糕今天困了喵",1768147218,"我还有四五个小号（）"
"","","","","鱼糕今天困了喵",1768147048,"你慢慢思考 我不说"
"","","","","鱼糕今天困了喵",1768146948,"我感觉上当了"
"","","","","鱼糕今天困了喵",1768146885,"我要wcn退款了喵"
"","","","","鱼糕今天困了喵",1768146831,"老板觉得罪孽深重可以v我让我做坏人喵"
"","","","","鱼糕今天困了喵",1768146702,"老板大气喵"
"","","","","鱼糕今天困了喵",1768146695,"好耶"
"","","","","鱼糕今天困了喵",1768146435,"就是小孩"
"","","","","鱼糕今天困了喵",1768146431,"小孩"
"","","","","鱼糕今天困了喵",1768146241,"加班！加班！凑整！凑整！"
"","","","","鱼糕今天困了喵",1768146190,"学会了 下次找个十几分钟的"
"","","","","鱼糕今天困了喵",1768145873,"又看一集"
"","","","","鱼糕今天困了喵",1768145412,"🦵🏻🫚 想你了（"
"","","","","鱼糕今天困了喵",1768145373,"大概是出门的唯一目的（"
"","","","","鱼糕今天困了喵",1768145366,"但是可以为了拍照出门"
"","","","","鱼糕今天困了喵",1768145359,"我一点都不想运动"
"","","","","鱼糕今天困了喵",1768145307,"晚上78点沾到床就睡"
"","","","","鱼糕今天困了喵",1768145297,"上午5:30开始醒"
"","","","","鱼糕今天困了喵",1768145291,"下午四点开始困"
"","","","","鱼糕今天困了喵",1768144696,"那个东西 成分不是很好（"
"","","","","鱼糕今天困了喵",1768144572,"我寻思那不是ircc丢护照的锅吗"
"","","","","鱼糕今天困了喵",1768144562,"ircc来一句你邀请信上的日期来不及了 拒签"
"","","","","鱼糕今天困了喵",1768144549,"本来签证要下来了"
"","","","","鱼糕今天困了喵",1768144544,"我一个同学的护照被搞丢了"
"","","","","鱼糕今天困了喵",1768144535,"他还做不对你知道吗"
"","","","","鱼糕今天困了喵",1768144517,"听不见听不见听不见"
"","","","","鱼糕今天困了喵",1768144131,"蜜瓜诺🦵🏻（指一种前菜"
"","","","","鱼糕今天困了喵",1768143788,"新玩具🤤🤤🤤"
"","","","","鱼糕今天困了喵",1768143501,"我是学生 送我（）"
"","","","","鱼糕今天困了喵",1768143493,"好看"
"","","","","鱼糕今天困了喵",1768143483,"蓝黑色的"
"","","","","鱼糕今天困了喵",1768143378,"是"
"","","","","鱼糕今天困了喵",1768143342,"没爱了"
"","","","","鱼糕今天困了喵",1768143059,"你是可爱妹妹吗"
"","","","","鱼糕今天困了喵",1768143034,"直播间什么的 我要消失了喵[热]"
"","","","","鱼糕今天困了喵",1768143017,"哎哎"
"","","","","鱼糕今天困了喵",1768143015,"那我只能跟刚加上vx的可爱妹妹聊天了"
"","","","","鱼糕今天困了喵",1768142943,"桑心了喵"
"","","","","鱼糕今天困了喵",1768142940,"哎 大主播了喵 字多都不想写了喵"
"","","","","鱼糕今天困了喵",1768142691,"可以在你的举牌上写我的id（"
"","","","","鱼糕今天困了喵",1768142655,"你怎么知道我在玩集成战略"
"","","","","鱼糕今天困了喵",1768142562,"诺 今天举牌可以在角落写个300！吗"
"","","","","鱼糕今天困了喵",1768142466,"我看美国警察装备在我之上"
"","","","","鱼糕今天困了喵",1768142434,"他们找不到你想必也找不到我"
"","","","","鱼糕今天困了喵",1768142422,"多伦多有人现在主打一个我先打你给你打昏过去就跑"
"","","","","鱼糕今天困了喵",1768142400,"完全正确"
"","","","","鱼糕今天困了喵",1768142357,"ca911真有用就好了"
"","","","","鱼糕今天困了喵",1768142234,"因为你这个水平的烤瓷普雷他们没有"
"","","","","鱼糕今天困了喵",1768141828,"哇还有金牌讲师"
"","","","","鱼糕今天困了喵",1768141789,"续费"
"","","","","鱼糕今天困了喵",1768141781,"租费1598"
"","","","","鱼糕今天困了喵",1768141776,"第一次没有"
"","","","","鱼糕今天困了喵",1768141774,"续费减价"
"","","","","鱼糕今天困了喵",1768141766,"还能报保险"
"","","","","鱼糕今天困了喵",1768141758,"我直接给他"
"","","","","鱼糕今天困了喵",1768141728,"我去"
"","","","","鱼糕今天困了喵",1768141726,"这么高了吗"
"","","","","鱼糕今天困了喵",1768141719,"差不多7."
"","","","","鱼糕今天困了喵",1768141703,"你多送几个舰长存着"
"","","","","鱼糕今天困了喵",1768141569,"前几个月经常随机商场放炮"
"","","","","鱼糕今天困了喵",1768141557,"骗你的 加拿大也有"
"","","","","鱼糕今天困了喵",1768141533,"美国我还不是很想走"
"","","","","鱼糕今天困了喵",1768141528,"加拿大我可以出门走路"
"","","","","鱼糕今天困了喵",1768141520,"北美和北美亦有差距"
"","","","","鱼糕今天困了喵",1768141229,"老板糊涂啊——————————"
"","","","","鱼糕今天困了喵",1768141207,"可以卖到加拿大吗"
"","","","","鱼糕今天困了喵",1768141049,"走过去15分钟"
"","","","","鱼糕今天困了喵",1768141038,"有 不想特意跑去买"
"","","","","鱼糕今天困了喵",1768140991,"想吃冰淇淋 喂我"
"","","","","鱼糕今天困了喵",1768140977,"外站不行"
"","","","","鱼糕今天困了喵",1768140972,"基地的话公司可以管"
"","","","","鱼糕今天困了喵",1768140677,"好重啊"
"","","","","鱼糕今天困了喵",1768140663,"现在ac反正不给 我每次都得把所有相机电脑全背身上"
"","","","","鱼糕今天困了喵",1768140641,"以前有的航空公司允许托运电脑"
"","","","","鱼糕今天困了喵",1768140501,"我绝对不选"
"","","","","鱼糕今天困了喵",1768140495,"要不然就是鱼肉松松散散 要不然就是鱼味十足"
"","","","","鱼糕今天困了喵",1768140480,"包重的"
"","","","","鱼糕今天困了喵",1768140328,"一比较我只能说ac太美味了"
"","","","","鱼糕今天困了喵",1768140315,"我觉得这个水平 真不如ac好吃"
"","","","","鱼糕今天困了喵",1768140261,"喝完了我说还渴怎么办"
"","","","","鱼糕今天困了喵",1768140251,"你见过2025年了还有一小杯塑料杯装的水吗"
"","","","","鱼糕今天困了喵",1768140236,"我超级生气暴怒"
"","","","","鱼糕今天困了喵",1768140216,"tmd好吃在哪里"
"","","","","鱼糕今天困了喵",1768140142,"kfc在星空联盟那个航站楼 天合那块不知道有没有"
"","","","","鱼糕今天困了喵",1768140120,"反正不喜欢icn 不飞"
"","","","","鱼糕今天困了喵",1768139986,"再也不想飞icn"
"","","","","鱼糕今天困了喵",1768139981,"落地仁川我饿的吃了五块kfc炸鸡 花了我150块 我超级生气暴怒"
"","","","","鱼糕今天困了喵",1768139958,"其实上次坐韩亚的那个供餐也很难吃"
"","","","","鱼糕今天困了喵",1768139943,"icn供餐肯定会好一点"
"","","","","鱼糕今天困了喵",1768139934,"yyz的供餐是这样的"
"","","","","鱼糕今天困了喵",1768139552,"全都是很不二次元的人（"
"","","","","鱼糕今天困了喵",1768139296,"小美女你好好看 考不考虑来我们公司当主播 我给你上提督"
"","","","","鱼糕今天困了喵",1768139098,"捏捏肚肚（）"
"","","","","鱼糕今天困了喵",1768138844,"触控板没有中键很那啥"
"","","","","鱼糕今天困了喵",1768138828,"不行 没鼠标好像断腿一样"
"","","","","鱼糕今天困了喵",1767711590,"你要是去上海 顺便高铁来一下 很近的"
"","","","","鱼糕今天困了喵",1767711568,"那你来南京玩 我请你吃饭"
"","","","","鱼糕今天困了喵",1767711543,"你怎么知道我可以飞南京深圳先行快线"
"","","","","鱼糕今天困了喵",1767711532,"上课去了喵 跑了喵"
"","","","","鱼糕今天困了喵",1767711371,"上保险 速速"
"","","","","鱼糕今天困了喵",1767711357,"长焦技能范围大这一块"
"","","","","鱼糕今天困了喵",1767711243,"刚进诺直播间诺跳起来剑舞劈倒了5只鱼糕"
"","","","","鱼糕今天困了喵",1767711155,"有点好笑有点好气"
"","","","","鱼糕今天困了喵",1767711143,"太真实了我服了"
"","","","","鱼糕今天困了喵",1767711133,"我服了这个ircc你做个人吧是谁"
"","","","","鱼糕今天困了喵",1767711078,"我要独占罐罐"
"","","","","鱼糕今天困了喵",1767711073,"家里的零食必须全是我的"
"","","","","鱼糕今天困了喵",1767711067,"你不行 你吃太多了"
"","","","","鱼糕今天困了喵",1767711022,"喵喵"
"","","","","鱼糕今天困了喵",1767711015,"我会的"
"","","","","鱼糕今天困了喵",1767710932,"真棒！"
"","","","","鱼糕今天困了喵",1767710926,"你攻击你的右眼 让他知道谁才是身体的主人"
"","","","","鱼糕今天困了喵",1767710865,"诺多播一点 那可能就多看诺一点 啊对吧"
"","","","","鱼糕今天困了喵",1767710828,"起码还有两个（）"
"","","","","鱼糕今天困了喵",1767710820,"并非"
"","","","","鱼糕今天困了喵",1767710430,"我笑的不行了"
"","","","","鱼糕今天困了喵",1767710409,"两分钟"
"","","","","鱼糕今天困了喵",1767710390,"我也是次次审核"
"","","","","鱼糕今天困了喵",1767710380,"因为你在海外"
"","","","","鱼糕今天困了喵",1767710332,"她还得谢谢咱呢"
"","","","","鱼糕今天困了喵",1767710138,"我免费收"
"","","","","鱼糕今天困了喵",1767710134,"送我"
"","","","","鱼糕今天困了喵",1767709907,"兜售🐠zu照片1111"
"","","","","鱼糕今天困了喵",1767537212,"wwwwwww"
"","","","","鱼糕今天困了喵",1767367345,"这样 你把别人的举牌发给我吧 我多收藏几张"
"","","","","鱼糕今天困了喵",1767366904,"绷不住了"
"","","","","鱼糕今天困了喵",1767366418,"图包什么的 做成海报线下签了给我外带给我两拳最好了"
"","","","","鱼糕今天困了喵",1767366384,"还是喜欢举牌"
"","","","","鱼糕今天困了喵",1767366358,"什么图包我也好久没有了"
"","","","","鱼糕今天困了喵",1767366245,"诺：👋🪧😚✌️"
"","","","","鱼糕今天困了喵",1767366005,"在想谁呢"
"","","","","鱼糕今天困了喵",1767365996,"想她"
"","","","","鱼糕今天困了喵",1767365657,"可不可以出保护目标（冻结状态）"
"","","","","鱼糕今天困了喵",1767365565,"好耶"
"","","","","鱼糕今天困了喵",1767365472,"111异格德克萨斯"
"","","","","鱼糕今天困了喵",1767365107,"可以肘击（"
"","","","","鱼糕今天困了喵",1767365010,"代打订单新上线嗷"
"","","","","鱼糕今天困了喵",1767364999,"有没有想要给诺两拳的"
"","","","","鱼糕今天困了喵",1767364833,"我爽吃"
"","","","","鱼糕今天困了喵",1767364829,"再加个vr组件吧"
"","","","","鱼糕今天困了喵",1767364713,"什么时候上架雨诺akari模拟器"
"","","","","鱼糕今天困了喵",1767364315,"我见过加20泵糖浆的神入"
"","","","","鱼糕今天困了喵",1767364297,"不止200"
"","","","","鱼糕今天困了喵",1767363800,"我服了 ac神人it"
"","","","","鱼糕今天困了喵",1767363790,"太折腾了 我先拿电脑买才能转到手机上面用"
"","","","","鱼糕今天困了喵",1767197304,"这回变成c专属摄影了"
"","","","","鱼糕今天困了喵",1767197275,"c加入我们"
"","","","","鱼糕今天困了喵",1767197223,"我后面回来应该可能会变少了"
"","","","","鱼糕今天困了喵",1767197207,"难说咯"
"","","","","鱼糕今天困了喵",1767197104,"那你还回来吗"
"","","","","鱼糕今天困了喵",1767197099,"等下"
"","","","","鱼糕今天困了喵",1767196193,"诺 再吃一口吧 诺 吃完再减"
"","","","","鱼糕今天困了喵",1767195725,"但我没有证据"
"","","","","鱼糕今天困了喵",1767195717,"我感觉她在憋个大的"
"","","","","鱼糕今天困了喵",1767195542,"不会啊"
"","","","","鱼糕今天困了喵",1767195095,"听起来像是有什么大事喔"
"","","","","鱼糕今天困了喵",1767194949,"她说果然还是鱼糕更好吧"
"","","","","鱼糕今天困了喵",1767194769,"…？"
"","","","","鱼糕今天困了喵",1767194433,"好榜一 我同意了"
"","","","","鱼糕今天困了喵",1767194385,"我跟同学回学校晚会了 然后结束之后恰饭喝酒"
"","","","","鱼糕今天困了喵",1767194270,"鱼糕太坏了喵"
"","","","","鱼糕今天困了喵",1767194264,"我来早一点全重拳出击了喵"
"","","","","鱼糕今天困了喵",1767194256,"怪我喵"
"","","","","鱼糕今天困了喵",1767193612,"我给他两脚"
"","","","","鱼糕今天困了喵",1767193607,"谁欺负诺了"
"","","","","鱼糕今天困了喵",1767193490,"来个史官"
"","","","","鱼糕今天困了喵",1767193480,"有点晚喵 发生什么了喵"
"","","","","鱼糕今天困了喵",1767150121,"妈妈妈妈"
"","","","","鱼糕今天困了喵",1767106617,"ruda老师早喵"
"","","","","鱼糕今天困了喵",1767106607,"走之前一人给我一拳"
"","","","","鱼糕今天困了喵",1767106596,"家球们晚安喵"
"","","","","鱼糕今天困了喵",1767106425,"111"
"","","","","鱼糕今天困了喵",1767106275,"愛が灯る by ロクデナシ"
"","","","","鱼糕今天困了喵",1767106189,"不行 包不给的"
"","","","","鱼糕今天困了喵",1767106181,"[热]"
"","","","","鱼糕今天困了喵",1767106055,"我是拳王"
"","","","","鱼糕今天困了喵",1767106046,"（可以）"
"","","","","鱼糕今天困了喵",1767106013,"明年也会一直重拳出击的"
"","","","","鱼糕今天困了喵",1767105888,"明天可能晚点来喵"
"","","","","鱼糕今天困了喵",1767105856,"对 我正好一个都没有"
"","","","","鱼糕今天困了喵",1767105850,"再加点能一组的话就全用"
"","","","","鱼糕今天困了喵",1767105832,"到时候看能不能抽齐一组"
"","","","","鱼糕今天困了喵",1767105790,"新年池我能有400抽"
"","","","","鱼糕今天困了喵",1767105691,"纯摆完挂机这一块"
"","","","","鱼糕今天困了喵",1767105681,"再借一个mmk saki或者酒神"
"","","","","鱼糕今天困了喵",1767105662,"我觉得用上异格银灰初雪ew之后能不笑的都是神人了"
"","","","","鱼糕今天困了喵",1767105605,"全都不会弹！移动移动移动移动！都似光光啦！（"
"","","","","鱼糕今天困了喵",1767105510,"saki酱似掉了（暴论"
"","","","","鱼糕今天困了喵",1767105424,"从某种角度上来说这也是舟"
"","","","","鱼糕今天困了喵",1767105412,"蟑螂触须（）"
"","","","","鱼糕今天困了喵",1767105213,"不懂喵 都喜欢喵 别的妹妹也可以喵 全吃喵"
"","","","","鱼糕今天困了喵",1767104927,"那带我一个 我体积大"
"","","","","鱼糕今天困了喵",1767104920,"还有cos烟花"
"","","","","鱼糕今天困了喵",1767104417,"我去 这么贵"
"","","","","鱼糕今天困了喵",1767104279,"呜呜呜呜呜呜呜（笑（www"
"","","","","鱼糕今天困了喵",1767104240,"给你一拳（逃"
"","","","","鱼糕今天困了喵",1767018759,"[大哭][大哭]"
"","","","","鱼糕今天困了喵",1767018537,"再吃两口吧 鱼糕什么都会做的"
"","","","","鱼糕今天困了喵",1767018459,"我放房间当摆件"
"","","","","鱼糕今天困了喵",1767018453,"正好 切割了送我吧"
"","","","","鱼糕今天困了喵",1767018405,"退款！退款！（）"
"","","","","鱼糕今天困了喵",1767018388,"🦵🏻🍯怎么不出来欢迎舰长啊"
"","","","","鱼糕今天困了喵",1767018310,"快回房间"
"","","","","鱼糕今天困了喵",1767018305,"猫头鹰来了"
"","","","","鱼糕今天困了喵",1767018068,"大部分时间其实是在魔法少女的魔女审判"
"","","","","鱼糕今天困了喵",1767018019,"关底高难怎么能这么难"
"","","","","鱼糕今天困了喵",1767018008,"我今天打了三个小时的h16"
"","","","","鱼糕今天困了喵",1767017940,"诺说什么话都难听见"
"","","","","鱼糕今天困了喵",1767017930,"然后就变成摄影师直播专场了（）"
"","","","","鱼糕今天困了喵",1767017822,"我自己抽卡太黑了"
"","","","","鱼糕今天困了喵",1767017815,"代抽我看是对的"
"","","","","鱼糕今天困了喵",1767017720,"海嗣球（）"
"","","","","鱼糕今天困了喵",1767017698,"出异格初雪去拍雪山外景 我的天呐圣女大人"
"","","","","鱼糕今天困了喵",1767017642,"现在囤了850个石头"
"","","","","鱼糕今天困了喵",1767017633,"现在大脑已经消失了"
"","","","","鱼糕今天困了喵",1767017625,"我初雪刚回"
"","","","","鱼糕今天困了喵",1767017572,"匀我几个"
"","","","","鱼糕今天困了喵",1767017565,"老登把6星交出来"
"","","","","鱼糕今天困了喵",1767017531,"好像之前是水陈池子的吧 怎么抽怎么不出 给我急的"
"","","","","鱼糕今天困了喵",1767017506,"同职业我带的海沫"
"","","","","鱼糕今天困了喵",1767017454,"是吧羽毛笔"
"","","","","鱼糕今天困了喵",1767017449,"除非歪了很多次同池子6星 那印象是真的深刻"
"","","","","鱼糕今天困了喵",1767017012,"贴贴"
"","","","","鱼糕今天困了喵",1767017006,"大大诺"
"","","","","鱼糕今天困了喵",1767016923,"可恶 她怎么这么可爱"
"","","","","鱼糕今天困了喵",1767016806,"空间里面有更多猫猫（"
"","","","","鱼糕今天困了喵",1767016798,"（"
"","","","","鱼糕今天困了喵",1767016797,"还有"
"","","","","鱼糕今天困了喵",1766846616,"今天的先存存 我先眯"
"","","","","鱼糕今天困了喵",1766846599,"诺 有点困"
"","","","","鱼糕今天困了喵",1766846479,"我服了还有二创"
"","","","","鱼糕今天困了喵",1766846305,"kktkktkkt"
"","","","","鱼糕今天困了喵",1766846290,"别管那么多有的没的 kkt先"
"","","","","鱼糕今天困了喵",1766846240,"这算野史还是正史（"
"","","","","鱼糕今天困了喵",1766846061,"草"
"","","","","鱼糕今天困了喵",1766845310,"给自己一拳"
"","","","","鱼糕今天困了喵",1766845304,"那打我吧（"
"","","","","鱼糕今天困了喵",1766845116,"我有一个想法（"
"","","","","鱼糕今天困了喵",1766844935,"不够我就直接来了"
"","","","","鱼糕今天困了喵",1766844930,"时间够的话先去酒店放个箱子"
"","","","","鱼糕今天困了喵",1766844878,"3号要被我线下拳击"
"","","","","鱼糕今天困了喵",1766844790,"不行 鱼塘太大了 吃不到"
"","","","","鱼糕今天困了喵",1766844780,"试吃装也行啊"
"","","","","鱼糕今天困了喵",1766811670,"妈妈"
"","","","","鱼糕今天困了喵",1766710980,"早喵"
"","","","","鱼糕今天困了喵",1766674959,"+1"
"","","","","鱼糕今天困了喵",1766669833,"那我给自己一拳"
"","","","","鱼糕今天困了喵",1766669772,"这个给兔兔"
"","","","","鱼糕今天困了喵",1766669760,"没打兔兔呀 我隔空给了本体一拳"
"","","","","鱼糕今天困了喵",1766588394,"哇 是这首"
"","","","","鱼糕今天困了喵",1766587836,"不是特别贵"
"","","","","鱼糕今天困了喵",1766587833,"那还好"
"","","","","鱼糕今天困了喵",1766587451,"还真是 都是谁在看啊"
"","","","","鱼糕今天困了喵",1766586069,"诺 门外好像有个什么东西 你看一眼（麻袋"
"","","","","鱼糕今天困了喵",1766585780,"好在我比较高 赢"
"","","","","鱼糕今天困了喵",1766585752,"很难绷住"
"","","","","鱼糕今天困了喵",1766585419,"白萝卜好吃"
"","","","","鱼糕今天困了喵",1766584885,"许愿一组电影镜头帮我凑齐镜头组（大开口"
"","","","","鱼糕今天困了喵",1766584071,"细节冬天拍夏天 夏天拍冬天"
"","","","","鱼糕今天困了喵",1766584005,"我从ruda的pyq直接加的（"
"","","","","鱼糕今天困了喵",1766583698,"只剩cos位了"
"","","","","鱼糕今天困了喵",1766583665,"不知道吗（"
"","","","","鱼糕今天困了喵",1766583456,"有的 买相机了（）"
"","","","","鱼糕今天困了喵",1766583430,"你怎么知道我代了（没有（有的（没有"
"","","","","鱼糕今天困了喵",1766583306,"会有办法的（确信"
"","","","","鱼糕今天困了喵",1766583300,"怎么办呢 怎么办呢"
"","","","","鱼糕今天困了喵",1766583023,"神了"
"","","","","鱼糕今天困了喵",1766582912,"我买的新兔兔服装和老兔兔服装"
"","","","","鱼糕今天困了喵",1766580068,"并没有人一起过"
"","","","","鱼糕今天困了喵",1766579219,"不知道听什么 你挑吧"
"","","","","鱼糕今天困了喵",1766579210,"我1/1到期"
"","","","","鱼糕今天困了喵",1766579118,"等我一下"
"","","","","鱼糕今天困了喵",1766579116,"可以啊"
"","","","","鱼糕今天困了喵",1766579002,"那天梦到自己全错只对一题吓醒了"
"","","","","鱼糕今天困了喵",1766578989,"我也噩梦"
"","","","","鱼糕今天困了喵",1766578984,"我噩梦"
"","","","","鱼糕今天困了喵",1766578924,"一个比一个卷"
"","","","","鱼糕今天困了喵",1766578918,"骗你的 谣言"
"","","","","鱼糕今天困了喵",1766578738,"少"
"","","","","鱼糕今天困了喵",1766578707,"南京"
"","","","","鱼糕今天困了喵",1766578694,"我吗"
"","","","","鱼糕今天困了喵",1766578634,"我等到1月2号走"
"","","","","鱼糕今天困了喵",1766578616,"现在有空一点了"
"","","","","鱼糕今天困了喵",1766578609,"wwwww回国放假待两天"
"","","","","鱼糕今天困了喵",1766453910,"该起床咯 是时候吃点东西了"
"","","","","鱼糕今天困了喵",1766453732,"想当猫猫了"
"","","","","鱼糕今天困了喵",1766453721,"哇 还可以跟美少女贴贴"
"","","","","鱼糕今天困了喵",1766453515,"猫和猫主人都送我吧"
"","","","","鱼糕今天困了喵",1766453509,"居然还要选吗"
"","","","","鱼糕今天困了喵",1766453201,"这次回来居然还记得我"
"","","","","鱼糕今天困了喵",1766453191,"我也是摸上我家小猫了"
"","","","","鱼糕今天困了喵",1766453131,"来我家吧 请你吃罐罐"
"","","","","鱼糕今天困了喵",1766453122,"这么乖"
"","","","","鱼糕今天困了喵",1766453113,"呀 小猫咪"
"","","","","鱼糕今天困了喵",1766452545,"这谁[热] 吓醒了"
"","","","","鱼糕今天困了喵",1766452468,"就赖床到9点半吧"
"","","","","鱼糕今天困了喵",1766452452,"听着电台不想起床了怎么回事"
"","","","","鱼糕今天困了喵",1766452199,"奇怪的癖好（）"
"","","","","鱼糕今天困了喵",1766452002,"那我吃独食了"
"","","","","鱼糕今天困了喵",1766451995,"坏女人吗 我看不像 这么温柔的声音怎么会是坏女人"
"","","","","鱼糕今天困了喵",1766450453,"99早上好喵"
"","","","","鱼糕今天困了喵",1766412671,"我排前面"
"","","","","鱼糕今天困了喵",1766412668,"我有意见"
"","","","","鱼糕今天困了喵",1766412662,"我去 还想上身"
"","","","","鱼糕今天困了喵",1766412653,"？"
"","","","","鱼糕今天困了喵",1766412629,"就 影响不大（？）"
"","","","","鱼糕今天困了喵",1766412618,"但是本身比较小"
"","","","","鱼糕今天困了喵",1766412612,"胶片不能修"
"","","","","鱼糕今天困了喵",1766412606,"细节背景明日方舟"
"","","","","鱼糕今天困了喵",1766412582,"小猫怎么可以这么可爱"
"","","","","鱼糕今天困了喵",1766412540,"对"
"","","","","鱼糕今天困了喵",1766412478,"倒不是很重"
"","","","","鱼糕今天困了喵",1766412473,"4kg 吧"
"","","","","鱼糕今天困了喵",1766412373,"诺 我家小猫会后空翻 好奇吗"
"","","","","鱼糕今天困了喵",1766412358,"会的 我家小猫会后空翻"
"","","","","鱼糕今天困了喵",1766412250,"和神秘返场预告"
"","","","","鱼糕今天困了喵",1766412241,"点q看猫猫"
"","","","","鱼糕今天困了喵",1766242744,"午安诺"
"","","","","鱼糕今天困了喵",1766242264,"草"
"","","","","鱼糕今天困了喵",1766242038,"被mimic被窝怪捕捉了"
"","","","","鱼糕今天困了喵",1766242028,"诺在被窝里"
"","","","","鱼糕今天困了喵",1766241768,"不信 除非看看被窝诺（算盘"
"","","","","鱼糕今天困了喵",1766241333,"传下去 诺说上12个舰长会变得幸运…？（x"
"","","","","鱼糕今天困了喵",1766240978,"666还有丁真"
"","","","","鱼糕今天困了喵",1766240899,"wwwwwww"
"","","","","鱼糕今天困了喵",1766240697,"给你两拳"
"","","","","鱼糕今天困了喵",1766240691,"不许说诺是（）[热]"
"","","","","鱼糕今天困了喵",1766240669,"喔！"
"","","","","鱼糕今天困了喵",1766240181,"太远了 也不想临时约"
"","","","","鱼糕今天困了喵",1766240169,"其实有几个同学在hk"
"","","","","鱼糕今天困了喵",1766240163,"机场没啥活动"
"","","","","鱼糕今天困了喵",1766240129,"咳咳 想吃蟹黄面"
"","","","","鱼糕今天困了喵",1766240121,"我要舞萌dx（）"
"","","","","鱼糕今天困了喵",1766240114,"没事 睡一觉也好 明天早上飞的没那么累"
"","","","","鱼糕今天困了喵",1766240090,"延误的时间太短了信用卡保险也报不了"
"","","","","鱼糕今天困了喵",1766240081,"没办法咯"
"","","","","鱼糕今天困了喵",1766240043,"赶不上就只能自己付了"
"","","","","鱼糕今天困了喵",1766240033,"因为后一程是香港航空 非联程"
"","","","","鱼糕今天困了喵",1766240003,"-2500hkd"
"","","","","鱼糕今天困了喵",1766239996,"改签明天早上了"
"","","","","鱼糕今天困了喵",1766239873,"可以看诺了 好事喵（"
"","","","","鱼糕今天困了喵",1766239863,"加航延误了 后一程赶不上 今晚睡hk[doge2]"
"","","","","鱼糕今天困了喵",1766239809,"诺！早喵！"
"","","","","鱼糕今天困了喵",1766153873,"可能有两分钟延迟"
"","","","","鱼糕今天困了喵",1766153844,"这样起码还有个流畅音频"
"","","","","鱼糕今天困了喵",1766153831,"其实是切了只听语音模式"
"","","","","鱼糕今天困了喵",1765984219,"细节神人提督"
"","","","","鱼糕今天困了喵",1765984178,"草"
"","","","","鱼糕今天困了喵",1765983823,"不要下播 不要不要"
"","","","","鱼糕今天困了喵",1765983723,"老板大气喵老板身体健康永远活着永远不死一直爽喵"
"","","","","鱼糕今天困了喵",1765982740,"其实我听得懂一部分粤语"
"","","","","鱼糕今天困了喵",1765982671,"可以看得出他很努力在讲了"
"","","","","鱼糕今天困了喵",1765982662,"半个班都说普通话"
"","","","","鱼糕今天困了喵",1765982650,"我有个同学也是"
"","","","","鱼糕今天困了喵",1765982633,"wwwwww"
"","","","","鱼糕今天困了喵",1765982509,"叫老婆的叉出去"
"","","","","鱼糕今天困了喵",1765982492,"不许叫老婆"
"","","","","鱼糕今天困了喵",1765981938,"领养18岁的吗"
"","","","","鱼糕今天困了喵",1765981895,"方便面 俩鸡蛋 飞一个卧一个"
"","","","","鱼糕今天困了喵",1765900795,"你谁（）"
"","","","","鱼糕今天困了喵",1765900574,"人生有梦"
"","","","","鱼糕今天困了喵",1765900569,"又看一集"
"","","","","鱼糕今天困了喵",1765900513,"不放ew就能给易秒了"
"","","","","鱼糕今天困了喵",1765900504,"电弧的掌机 外加一堆召唤物buff"
"","","","","鱼糕今天困了喵",1765900476,"ew祥子电弧 有两个就能过 你值得拥有"
"","","","","鱼糕今天困了喵",1765900437,"速报 三心二意界园n7通过了"
"","","","","鱼糕今天困了喵",1765900393,"然后私吞"
"","","","","鱼糕今天困了喵",1765900386,"难说 到我手上我直接说被抢了"
"","","","","鱼糕今天困了喵",1765900360,"我帮你代购可以 加收10%运费"
"","","","","鱼糕今天困了喵",1765900338,"那你购入"
"","","","","鱼糕今天困了喵",1765900292,"都没送我呢 你先别急"
"","","","","鱼糕今天困了喵",1765900282,"老远了"
"","","","","鱼糕今天困了喵",1765900276,"north york离你们也不近啊（）"
"","","","","鱼糕今天困了喵",1765900211,"吃不动了说是"
"","","","","鱼糕今天困了喵",1765900203,"dt冰粉上次免费"
"","","","","鱼糕今天困了喵",1765900141,"再加两碗饭"
"","","","","鱼糕今天困了喵",1765900131,"我上次抓了1.1kg（"
"","","","","鱼糕今天困了喵",1765900052,"牛油麻辣 plz"
"","","","","鱼糕今天困了喵",1765900047,"这个真的很好吃"
"","","","","鱼糕今天困了喵",1765899997,"11:30开门"
"","","","","鱼糕今天困了喵",1765899988,"这家店dt的名字是3rd mom你知道吗"
"","","","","鱼糕今天困了喵",1765899160,"那不看隐形的翅膀了"
"","","","","鱼糕今天困了喵",1765899147,"哎呀 骇死我了"
"","","","","鱼糕今天困了喵",1765898992,"没有的话你直接说他不正宗"
"","","","","鱼糕今天困了喵",1765898986,"好多都有 这个菜很日常了你去哪个印度餐厅都会有的"
"","","","","鱼糕今天困了喵",1765898881,"上次吃菠菜paneer和tandoori鸡配蒜香饼给我吃开心了"
"","","","","鱼糕今天困了喵",1765898829,"没事去印度干啥（）"
"","","","","鱼糕今天困了喵",1765898610,"17"
"","","","","鱼糕今天困了喵",1765898585,"你醒了 你的麻衣变成印度人咯"
"","","","","鱼糕今天困了喵",1765898562,"然后去看便利店小餐馆服务员"
"","","","","鱼糕今天困了喵",1765898470,"Stlouis 还是太纯正加拿大了"
"","","","","鱼糕今天困了喵",1765898398,"don‘d dell me wah do duu"
"","","","","鱼糕今天困了喵",1765898288,"50%概率触发高难战斗"
"","","","","鱼糕今天困了喵",1765898280,"记得绑个头巾说你克拉拉邦的锡克族"
"","","","","鱼糕今天困了喵",1765898260,"马上隔壁问你哪个邦来的"
"","","","","鱼糕今天困了喵",1765898187,"啊—————————"
"","","","","鱼糕今天困了喵",1765898165,"一直都是这个牌子呀（狐鱼糕上身"
"","","","","鱼糕今天困了喵",1765898076,"好点"
"","","","","鱼糕今天困了喵",1765898071,"草"
"","","","","鱼糕今天困了喵",1765898000,"外卖的是你自己吗"
"","","","","鱼糕今天困了喵",1765897981,"？？？"
"","","","","鱼糕今天困了喵",1765897856,"摸腰间"
"","","","","鱼糕今天困了喵",1765897849,"哇 还有骑士"
"","","","","鱼糕今天困了喵",1765897778,"就喜欢看这种的"
"","","","","鱼糕今天困了喵",1765897771,"太猎奇了"
"","","","","鱼糕今天困了喵",1765897672,"不许打她了"
"","","","","鱼糕今天困了喵",1765897668,"那你是谁 从我身上下去"
"","","","","鱼糕今天困了喵",1765897663,"哼 才不是呢 才没有呢"
"","","","","鱼糕今天困了喵",1765897655,"是不是狐鱼糕上身了"
"","","","","鱼糕今天困了喵",1765897636,"这个鱼糕怎么这么坏啊"
"","","","","鱼糕今天困了喵",1765896929,"干得好"
"","","","","鱼糕今天困了喵",1765896927,"对的"
"","","","","鱼糕今天困了喵",1765896925,"快干"
"","","","","鱼糕今天困了喵",1765896810,"包的"
"","","","","鱼糕今天困了喵",1765896799,"拳拳有力度"
"","","","","鱼糕今天困了喵",1765896790,"可以 请严打"
"","","","","鱼糕今天困了喵",1765896716,"看不同的别的妹妹看一天（没有"
"","","","","鱼糕今天困了喵",1765896574,"那真得问我"
"","","","","鱼糕今天困了喵",1765896527,"舰长1.5倍增长"
"","","","","鱼糕今天困了喵",1765896489,"别的妹妹就这么好吗 诺哪里比不上别的妹妹了"
"","","","","鱼糕今天困了喵",1765896283,"什么时候千总"
"","","","","鱼糕今天困了喵",1765896008,"你怎么知道我被诺投喂过薯条"
"","","","","鱼糕今天困了喵",1765895923,"不许捏诺脸[热][热][热] 除非我也捏两下[热][热]"
"","","","","鱼糕今天困了喵",1765895796,"萌喵殿下和诺 就好像糖糖跟超天酱 你问她 她就说诶 这是谁啊 不认识喵"
"","","","","鱼糕今天困了喵",1765895711,"以后人家小孩见到别人都不敢去问了"
"","","","","鱼糕今天困了喵",1765895691,"xswl"
"","","","","鱼糕今天困了喵",1765895633,"版权是有地区的"
"","","","","鱼糕今天困了喵",1765895626,"并非不公平"
"","","","","鱼糕今天困了喵",1765895033,"早 诺"
"","","","","鱼糕今天困了喵",1765851897,"妈妈妈妈妈妈"
"","","","","鱼糕今天困了喵",1765815084,"会变成豆豉鲮鱼"
"","","","","鱼糕今天困了喵",1765815046,"生日快乐喵"
"","","","","鱼糕今天困了喵",1765814741,"我之前玩生化危机看那个刀直接桶我吓飞了"
"","","","","鱼糕今天困了喵",1765814718,"我可以vr播你知道吗"
"","","","","鱼糕今天困了喵",1765814712,"那很吓人了"
"","","","","鱼糕今天困了喵",1765814693,"嗯？要我播什么"
"","","","","鱼糕今天困了喵",1765814603,"我但凡不想睡就完了"
"","","","","鱼糕今天困了喵",1765814595,"那很神奇了"
"","","","","鱼糕今天困了喵",1765814475,"💤💤💤（）"
"","","","","鱼糕今天困了喵",1765814249,"金酒之杯 800源石锭 ew初雪祥子 被boss喷死了"
"","","","","鱼糕今天困了喵",1765814213,"昨天晚上跟朋友界园二四连打没打过"
"","","","","鱼糕今天困了喵",1765814194,"水月目前n9二结局了"
"","","","","鱼糕今天困了喵",1765814185,"还真是 最近天天玩"
"","","","","鱼糕今天困了喵",1765814171,"打ew的关键是不能放弃大脑（）"
"","","","","鱼糕今天困了喵",1765814137,"借ew导致的"
"","","","","鱼糕今天困了喵",1765814099,"马上水月肉鸽蚀刻章打满了"
"","","","","鱼糕今天困了喵",1765814080,"在好友下面"
"","","","","鱼糕今天困了喵",1765814065,"去光荣之路看"
"","","","","鱼糕今天困了喵",1765814018,"要…要把你忘掉了吗…"
"","","","","鱼糕今天困了喵",1765813757,"自愿坐牢的第一次见"
"","","","","鱼糕今天困了喵",1765813746,"一想到有人因为tga入坑赛马娘我就想笑"
"","","","","鱼糕今天困了喵",1765813305,"1"
"","","","","鱼糕今天困了喵",1765813041,"我要偷吃你的魔芋爽"
"","","","","鱼糕今天困了喵",1765812978,"乳酪是我"
"","","","","鱼糕今天困了喵",1765812723,"这首好玩"
"","","","","鱼糕今天困了喵",1765812156,"送我吧"
"","","","","鱼糕今天困了喵",1765811979,"睡醒了"
"","","","","鱼糕今天困了喵",1765811890,"乳酪 她欺负你 过来跟我过吧"
"","","","","鱼糕今天困了喵",1765721208,"播完了 今天是一小时"
"","","","","鱼糕今天困了喵",1765721123,"目前没有实体"
"","","","","鱼糕今天困了喵",1765720972,"对味了"
"","","","","鱼糕今天困了喵",1765720780,"给你两拳"
"","","","","鱼糕今天困了喵",1765720775,"不许叫老婆"
"","","","","鱼糕今天困了喵",1765720676,"老资历来咯"
"","","","","鱼糕今天困了喵",1765720580,"《要爱爱》"
"","","","","鱼糕今天困了喵",1765720526,"比了个🥚（bushi"
"","","","","鱼糕今天困了喵",1765720460,"只有这么多了"
"","","","","鱼糕今天困了喵",1765720455,"并非凑举牌"
"","","","","鱼糕今天困了喵",1765720324,"给我扎了7针（比个8）"
"","","","","鱼糕今天困了喵",1765720288,"我满意[dog]"
"","","","","鱼糕今天困了喵",1765720277,"不满意可以偷发给我"
"","","","","鱼糕今天困了喵",1765720206,"我请求超前点播"
"","","","","鱼糕今天困了喵",1765720071,"嘬嘬嘬 嘬嘬嘬 嘬嘬嘬"
"","","","","鱼糕今天困了喵",1765719926,"我也想捏"
"","","","","鱼糕今天困了喵",1765719774,"不听 上个舰先"
"","","","","鱼糕今天困了喵",1765719754,"她哪儿蠢了"
"","","","","鱼糕今天困了喵",1765719696,"这个诺怎么诺诺的"
"","","","","鱼糕今天困了喵",1765719612,"小猫将会很荣幸的得到新相机新镜头的第一张照片"
"","","","","鱼糕今天困了喵",1765719584,"可以"
"","","","","鱼糕今天困了喵",1765719497,"没有"
"","","","","鱼糕今天困了喵",1765719458,"不吃点甜的我感觉要低血糖了"
"","","","","鱼糕今天困了喵",1765719439,"复习熬到凌晨四五点 滑铁卢这一块"
"","","","","鱼糕今天困了喵",1765719422,"我看也是"
"","","","","鱼糕今天困了喵",1765719322,"坏了 那我也成麦当劳了"
"","","","","鱼糕今天困了喵",1765719304,"草"
"","","","","鱼糕今天困了喵",1765719294,"不是麦当劳吗"
"","","","","鱼糕今天困了喵",1765719211,"你怎么知道我就住的越秀"
"","","","","鱼糕今天困了喵",1765719095,"看到广州还有粤语含量真的太好了喵"
"","","","","鱼糕今天困了喵",1765719079,"广东确实好吃"
"","","","","鱼糕今天困了喵",1765718917,"我将加入粤菜和川菜这两个权威的阵营"
"","","","","鱼糕今天困了喵",1765718840,"感觉像预制的"
"","","","","鱼糕今天困了喵",1765718813,"难吃直接怀疑店家"
"","","","","鱼糕今天困了喵",1765718802,"你就随便点吧 不太可能难吃"
"","","","","鱼糕今天困了喵",1765718794,"蒸排骨豉汁风爪虾饺芋头糕及第粥啥的都好吃"
"","","","","鱼糕今天困了喵",1765718693,"早茶是对的"
"","","","","鱼糕今天困了喵",1765718688,"对的对的对的"
"","","","","鱼糕今天困了喵",1765718536,"那你别学gpt了 有点那啥了"
"","","","","鱼糕今天困了喵",1765718521,"不是 你告诉我这加酱油了？"
"","","","","鱼糕今天困了喵",1765718425,"可以让饭饭找到自己的家人吗"
"","","","","鱼糕今天困了喵",1765562312,"发送他们房子"
"","","","","鱼糕今天困了喵",1765551639,"诺看一眼q"
"","","","","鱼糕今天困了喵",1765551398,"我到现在就拍过一次别人"
"","","","","鱼糕今天困了喵",1765551389,"是喔"
"","","","","鱼糕今天困了喵",1765551241,"我也好奇"
"","","","","鱼糕今天困了喵",1765551234,"拍完发我看看"
"","","","","鱼糕今天困了喵",1765550991,"那很困难了"
"","","","","鱼糕今天困了喵",1765550955,"复古胶片机要吗 画质包低的"
"","","","","鱼糕今天困了喵",1765550887,"立省证件照10.99"
"","","","","鱼糕今天困了喵",1765550877,"我自己电脑摄像头直接接相机上了"
"","","","","鱼糕今天困了喵",1765550861,"不出去用就没必要了喵"
"","","","","鱼糕今天困了喵",1765550854,"那确实"
"","","","","鱼糕今天困了喵",1765550805,"平时还能拿出去用"
"","","","","鱼糕今天困了喵",1765550798,"直播就直接接电脑或者假电池"
"","","","","鱼糕今天困了喵",1765550783,"这样 你买个能用串流模式的相机"
"","","","","鱼糕今天困了喵",1765550671,"我走了也没地方去"
"","","","","鱼糕今天困了喵",1765550664,"骗你的 没播"
"","","","","鱼糕今天困了喵",1765550622,"没事的"
"","","","","鱼糕今天困了喵",1765550619,"只能去看别的妹妹了"
"","","","","鱼糕今天困了喵",1765550585,"yes"
"","","","","鱼糕今天困了喵",1765550047,"dy更是那啥"
"","","","","鱼糕今天困了喵",1765549620,"包不出给商家的"
"","","","","鱼糕今天困了喵",1765549606,"后面就只附赠小册子了"
"","","","","鱼糕今天困了喵",1765549570,"直到我遇到听不懂人话的 搞不懂原理非要自己左右捣鼓的"
"","","","","鱼糕今天困了喵",1765549539,"你知道吗 我曾经卖相机的时候也是附带微信可以问使用教程的"
"","","","","鱼糕今天困了喵",1765549473,"不懂可以小钱试试水"
"","","","","鱼糕今天困了喵",1765549350,"没绷住"
"","","","","鱼糕今天困了喵",1765549346,"小法庭评价：sb别叫"
"","","","","鱼糕今天困了喵",1765549331,"最后结果是10个支持我vs 0个支持他"
"","","","","鱼糕今天困了喵",1765549308,"跟我小法庭 说我故意隐瞒"
"","","","","鱼糕今天困了喵",1765549296,"他买完到手没中文"
"","","","","鱼糕今天困了喵",1765549289,"我之前卖日版卡带"
"","","","","鱼糕今天困了喵",1765549236,"换我直接拉黑截屏挂墙不送（）"
"","","","","鱼糕今天困了喵",1765549116,"不行了我笑死了太明显了"
"","","","","鱼糕今天困了喵",1765549027,"巧了吗这不 我主页性别也是女"
"","","","","鱼糕今天困了喵",1765548998,"笑死了已经猜到一切"
"","","","","鱼糕今天困了喵",1765547513,"今天是我克隆的第431只萌喵殿下"
"","","","","鱼糕今天困了喵",1765547298,"小孩怎么听这种话题"
"","","","","鱼糕今天困了喵",1765547248,"？"
"","","","","鱼糕今天困了喵",1765547167,"什么叫 我去过吗"
"","","","","鱼糕今天困了喵",1765546929,"诶我看过千花吗"
"","","","","鱼糕今天困了喵",1765546870,"你念之前记得看完（）"
"","","","","鱼糕今天困了喵",1765546850,"请看"
"","","","","鱼糕今天困了喵",1765546427,"这边应该发不出来"
"","","","","鱼糕今天困了喵",1765546419,"我私发你好了"
"","","","","鱼糕今天困了喵",1765546328,"那我要说我们学校公开价目表卖的小故事了"
"","","","","鱼糕今天困了喵",1765546207,"哪儿有诺味 我要收购"
"","","","","鱼糕今天困了喵",1765546194,"[热][热]nooooooo plz[可怜]"
"","","","","鱼糕今天困了喵",1765546176,"不要鱼腥草"
"","","","","鱼糕今天困了喵",1765546136,"？？？那很不幸了"
"","","","","鱼糕今天困了喵",1765546011,"*蹭蹭蹭蹭 *摆尾（甩水"
"","","","","鱼糕今天困了喵",1765545984,"鱼味儿 草"
"","","","","鱼糕今天困了喵",1765378979,"太弱小了 没有力量"
"","","","","鱼糕今天困了喵",1765378974,"做不到喵"
"","","","","鱼糕今天困了喵",1765378968,"😭😭打不打你打你"
"","","","","鱼糕今天困了喵",1765378952,"[热]👊👊"
"","","","","鱼糕今天困了喵",1765378944,"不许抢诺"
"","","","","鱼糕今天困了喵",1765378940,"给你一拳"
"","","","","鱼糕今天困了喵",1765378915,"她会把歌放完诶"
"","","","","鱼糕今天困了喵",1765378800,"不好 她好像真的知道她很可爱"
"","","","","鱼糕今天困了喵",1765378762,"再看一次诺汤圆吧 盖什么都会做的"
"","","","","鱼糕今天困了喵",1765378608,"《要诺诺》"
"","","","","鱼糕今天困了喵",1765378578,"加航伴飞票我今年刷满了送了一张"
"","","","","鱼糕今天困了喵",1765378566,"对的"
"","","","","鱼糕今天困了喵",1765378529,"我可以带一个599cad 9月飞加拿大或者12月飞回去"
"","","","","鱼糕今天困了喵",1765378429,"可以给诺困住打包托运"
"","","","","鱼糕今天困了喵",1765378419,"冷知识 诺小小一只 外套大大一件"
"","","","","鱼糕今天困了喵",1765378224,"小诺外套🤤🤤🤤"
"","","","","鱼糕今天困了喵",1765378164,"不加绒会冻死的"
"","","","","鱼糕今天困了喵",1765378146,"[dog]"
"","","","","鱼糕今天困了喵",1765378142,"我在线下拉了俩关注"
"","","","","鱼糕今天困了喵",1765378128,"世界诺球球计划"
"","","","","鱼糕今天困了喵",1765377825,"仓位被砍了不能稳定升舱了"
"","","","","鱼糕今天困了喵",1765377817,"现在没有了"
"","","","","鱼糕今天困了喵",1765377812,"学生套票 最高仓位 固定996cad"
"","","","","鱼糕今天困了喵",1765377798,"yyz-yvr-hkg-nkg 一天飞完"
"","","","","鱼糕今天困了喵",1765377786,"大早上"
"","","","","鱼糕今天困了喵",1765377666,"想叫主人直接叫"
"","","","","鱼糕今天困了喵",1765377608,"棒棒棒棒！"
"","","","","鱼糕今天困了喵",1765377602,"别挡我的路！哈哈哈哈！"
"","","","","鱼糕今天困了喵",1765377569,"对不起对不起对不起对不起"
"","","","","鱼糕今天困了喵",1765377563,"我去 妈妈妈妈妈妈妈妈"
"","","","","鱼糕今天困了喵",1765377484,"叫一次回家打一顿就老实了"
"","","","","鱼糕今天困了喵",1765377463,"感觉还是 欠教育"
"","","","","鱼糕今天困了喵",1765377417,"后来被骂了才老实点"
"","","","","鱼糕今天困了喵",1765377411,"之前minecraft 所有小孩都在后面叫"
"","","","","鱼糕今天困了喵",1765377393,"哦但是 这边电影院 有的小孩挺闹腾的"
"","","","","鱼糕今天困了喵",1765377222,"没事 花呗也是花[doge2]"
"","","","","鱼糕今天困了喵",1765377115,"我能听懂就 问题不太大"
"","","","","鱼糕今天困了喵",1765377097,"oui"
"","","","","鱼糕今天困了喵",1765377054,"但是没有听力障碍可能不一定给你"
"","","","","鱼糕今天困了喵",1765377045,"可以要字幕器"
"","","","","鱼糕今天困了喵",1765377040,"没有"
"","","","","鱼糕今天困了喵",1765376971,"dbox dolby vision"
"","","","","鱼糕今天困了喵",1765376963,"我买的32cad"
"","","","","鱼糕今天困了喵",1765376956,"cineplex讲道理有点小贵（）"
"","","","","鱼糕今天困了喵",1765376879,"感觉能考"
"","","","","鱼糕今天困了喵",1765376873,"我复习完了"
"","","","","鱼糕今天困了喵",1765376851,"这个好像1代的曲子喔"
"","","","","鱼糕今天困了喵",1765376841,"我明天去看"
"","","","","鱼糕今天困了喵",1765376837,"疯狂动物城2好看吗"
"","","","","鱼糕今天困了喵",1765373519,"[热]"
"","","","","鱼糕今天困了喵",1765373511,"我要求换一换"
"","","","","鱼糕今天困了喵",1765373507,"那平行世界的我好像 过得比我爽啊"
"","","","","鱼糕今天困了喵",1765373270,"遇到之后是超梦"
"","","","","鱼糕今天困了喵",1765373131,"不能是口水给自己呛着了吧"
"","","","","鱼糕今天困了喵",1765373031,"可以包吃 点餐 半夜想吃东西了给鱼糕一脚踹醒就行"
"","","","","鱼糕今天困了喵",1765372964,"可以独享鱼糕双人大床 鱼糕打地铺就好"
"","","","","鱼糕今天困了喵",1765372952,"我家不收钱喵"
"","","","","鱼糕今天困了喵",1765372831,"诺 今天的举牌 可以要小汤圆吗"
"","","","","鱼糕今天困了喵",1765372813,"诶哟我 小汤圆 可爱"
"","","","","鱼糕今天困了喵",1765372770,"zusu"
"","","","","鱼糕今天困了喵",1765327790,"？运气这么好"
"","","","","鱼糕今天困了喵",1765327646,"妈妈"
"","","","","鱼糕今天困了喵",1765244841,"seren"
"","","","","鱼糕今天困了喵",1765244824,"我看很合适"
"","","","","鱼糕今天困了喵",1765244817,"1号我下播带走"
"","","","","鱼糕今天困了喵",1765244797,"seren怎么也欢迎老板"
"","","","","鱼糕今天困了喵",1765244769,"妈妈"
"","","","","鱼糕今天困了喵",1765120048,"这么想要禁言我也可以满足你的"
"","","","","鱼糕今天困了喵",1765119911,"禁言我只会让我爽到"
"","","","","鱼糕今天困了喵",1765119853,"死盖过来 让我欺负一下"
"","","","","鱼糕今天困了喵",1765119846,"所以欺负直播间观众 就可以被诺骂了"
"","","","","鱼糕今天困了喵",1765119822,"我会一直偷偷看着你们"
"","","","","鱼糕今天困了喵",1765119787,"杂鱼杂鱼"
"","","","","鱼糕今天困了喵",1765119679,"我认识诺 所以认识了诺诺诺诺诺"
"","","","","鱼糕今天困了喵",1765119576,"我就一个要求 谈上了发喜糖[doge2]"
"","","","","鱼糕今天困了喵",1765119532,"你就记住 好梦都是正的 坏梦都是反的"
"","","","","鱼糕今天困了喵",1765119495,"对喵"
"","","","","鱼糕今天困了喵",1765119466,"我：？？？"
"","","","","鱼糕今天困了喵",1765119448,"我甚至还有两个同学在滑铁卢 一个在多伦多"
"","","","","鱼糕今天困了喵",1765119436,"其他的都没有"
"","","","","鱼糕今天困了喵",1765119431,"就那么两三个一起上初高中的联系"
"","","","","鱼糕今天困了喵",1765119238,"那我都是私藏的"
"","","","","鱼糕今天困了喵",1765119229,"能的 兄弟 能的"
"","","","","鱼糕今天困了喵",1765119208,"ruda评价诺：劳模这块儿的神"
"","","","","鱼糕今天困了喵",1765119167,"然后给你砍成鲨鱼片"
"","","","","鱼糕今天困了喵",1765119153,"她会偷偷去你家"
"","","","","鱼糕今天困了喵",1765119148,"不会的喵"
"","","","","鱼糕今天困了喵",1765119114,"我直接在空间开炮"
"","","","","鱼糕今天困了喵",1765119103,"拿完图就跑"
"","","","","鱼糕今天困了喵",1765119097,"一堆人加我qq"
"","","","","鱼糕今天困了喵",1765119093,"nnd以前在学校拍"
"","","","","鱼糕今天困了喵",1765119044,"互勉不返图跟我的黑名单说吧"
"","","","","鱼糕今天困了喵",1765118986,"那你买我半小时你想拿图干啥都行"
"","","","","鱼糕今天困了喵",1765118966,"除非给我爆点"
"","","","","鱼糕今天困了喵",1765118942,"我会超级生气暴怒"
"","","","","鱼糕今天困了喵",1765118932,"谁要是拿了我的图不返给我就发"
"","","","","鱼糕今天困了喵",1765118920,"换我我也挂"
"","","","","鱼糕今天困了喵",1765118881,"ddt你可没有房管"
"","","","","鱼糕今天困了喵",1765118869,"直接给你宰了"
"","","","","鱼糕今天困了喵",1765118862,"你发丑照小心被我摸到你家"
"","","","","鱼糕今天困了喵",1765118837,"太对了"
"","","","","鱼糕今天困了喵",1765118806,"两端容易爆炸"
"","","","","鱼糕今天困了喵",1765118798,"但是能修的程度比数码低很多"
"","","","","鱼糕今天困了喵",1765118785,"能的"
"","","","","鱼糕今天困了喵",1765118779,"ddt你不行 只有诺压力才有用"
"","","","","鱼糕今天困了喵",1765118745,"这样工作效率+200%"
"","","","","鱼糕今天困了喵",1765118738,"压力 好爽 喜欢"
"","","","","鱼糕今天困了喵",1765118691,"发完我要被千本切了"
"","","","","鱼糕今天困了喵",1765118685,"不发"
"","","","","鱼糕今天困了喵",1765118655,"有点 要修"
"","","","","鱼糕今天困了喵",1765118636,"诺 图 我再 晚两天"
"","","","","鱼糕今天困了喵",1765118615,"收到 油炸鸡肉大丸子"
"","","","","鱼糕今天困了喵",1765118139,"草"
"","","","","鱼糕今天困了喵",1765118119,"（小声 心虚）"
"","","","","鱼糕今天困了喵",1765118110,"不对 我没看喵 我只看诺喵"
"","","","","鱼糕今天困了喵",1765118080,"就在诺多多"
"","","","","鱼糕今天困了喵",1765118069,"我还抓到ruda了"
"","","","","鱼糕今天困了喵",1765118063,"对的"
"","","","","鱼糕今天困了喵",1765118035,"诶 你怎么知道我昨天去拍了塞尔达迷宫饭芙莉莲"
"","","","","鱼糕今天困了喵",1765117956,"老登朋友让我去玩傀影 说是简单"
"","","","","鱼糕今天困了喵",1765117901,"我界园才n7"
"","","","","鱼糕今天困了喵",1765117858,"全对"
"","","","","鱼糕今天困了喵",1765117852,"全队 满分"
"","","","","鱼糕今天困了喵",1765117796,"也请使用我的2903初雪"
"","","","","鱼糕今天困了喵",1765117735,"请使用我的2903ew"
"","","","","鱼糕今天困了喵",1765117711,"开局借助战打吧"
"","","","","鱼糕今天困了喵",1765117701,"lmj你现在打这个会 有点吃力喔"
"","","","","鱼糕今天困了喵",1765117664,"走出去转头一看发现雪地全部消失了"
"","","","","鱼糕今天困了喵",1765117649,"海猫小时候去上学爬雪山 走上去就被减速 走出去还有持续冻伤和流血"
"","","","","鱼糕今天困了喵",1765117612,"海猫小时候烤鱼 鱼越烤越鲜活 还跳起来给你一巴掌"
"","","","","鱼糕今天困了喵",1765117459,"海猫小时候抄作业拿到手发现答案按自己学到的知识进行了调整 只能拿40分"
"","","","","鱼糕今天困了喵",1765117434,"借干员没有等级限制了"
"","","","","鱼糕今天困了喵",1765117412,"我想抽玛露希尔😭😭😭 为什么我当时不回坑😭😭😭"
"","","","","鱼糕今天困了喵",1765117218,"做2903好耗资源 我作战记录也清零了"
"","","","","鱼糕今天困了喵",1765117194,"[热]"
"","","","","鱼糕今天困了喵",1765117190,"这周花了500w了"
"","","","","鱼糕今天困了喵",1765117181,"我龙门币又清零了"
"","","","","鱼糕今天困了喵",1765117125,"直接打磨难太耗理智了"
"","","","","鱼糕今天困了喵",1765117042,"我昨天刚拿到剑兔"
"","","","","鱼糕今天困了喵",1765116932,"我想抽年 买时装了"
"","","","","鱼糕今天困了喵",1765116892,"[热]"
"","","","","鱼糕今天困了喵",1765116882,"100发俩娜仁图娅"
"","","","","鱼糕今天困了喵",1765116836,"100发放弃了"
"","","","","鱼糕今天困了喵",1765116735,"你怎么知道我一发出了娜斯提"
"","","","","鱼糕今天困了喵",1765116693,"不要花呗上舰好吗"
"","","","","鱼糕今天困了喵",1765116684,"死盖qaq 答应我"
"","","","","鱼糕今天困了喵",1765116508,"乐（）"
"","","","","鱼糕今天困了喵",1765116503,"一觉睡昏过去了喵"
"","","","","鱼糕今天困了喵",1765116496,"早喵"
"","","","","鱼糕今天困了喵",1765072717,"伤心了 掉小珍珠了"
"","","","","鱼糕今天困了喵",1765072712,"呜呜呜妈妈为什么凶我"
"","","","","鱼糕今天困了喵",1765072689,"妈妈妈妈妈妈妈妈"
"","","","","鱼糕今天困了喵",1764946023,"🥺🥺🥺（）"
"","","","","鱼糕今天困了喵",1764946013,"那…那我真去咯"
"","","","","鱼糕今天困了喵",1764945965,"都爱的喵 所以都看喵"
"","","","","鱼糕今天困了喵",1764945879,"草"
"","","","","鱼糕今天困了喵",1764945859,"[doge2]"
"","","","","鱼糕今天困了喵",1764945824,"对（）"
"","","","","鱼糕今天困了喵",1764945784,"诺诺我可以去看别的妹妹吗"
"","","","","鱼糕今天困了喵",1764945325,"喜欢"
"","","","","鱼糕今天困了喵",1764945323,"还有ztmy"
"","","","","鱼糕今天困了喵",1764945047,"发了喵"
"","","","","鱼糕今天困了喵",1764944909,"你看q"
"","","","","鱼糕今天困了喵",1764944906,"我发给你吧"
"","","","","鱼糕今天困了喵",1764944880,"不认识了喵"
"","","","","鱼糕今天困了喵",1764944876,"诶这个鱼糕是谁喵"
"","","","","鱼糕今天困了喵",1764944865,"回来了喵"
"","","","","鱼糕今天困了喵",1764944705,"诶不是 我电池充错账号了"
"","","","","鱼糕今天困了喵",1764944684,"sc 死盖 sc（）"
"","","","","鱼糕今天困了喵",1764944636,"不如脑子关机 突然来一下"
"","","","","鱼糕今天困了喵",1764944619,"还真是 有的时候比划半天"
"","","","","鱼糕今天困了喵",1764944546,"我觉得我不相信自己的相机已经很重量级了"
"","","","","鱼糕今天困了喵",1764944535,"诺居然还有不相信自己的时候吗"
"","","","","鱼糕今天困了喵",1764944431,"心碎了喵 掉小珍珠了喵"
"","","","","鱼糕今天困了喵",1764944422,"[热][热][热][热]"
"","","","","鱼糕今天困了喵",1764944248,"诺这个可爱"
"","","","","鱼糕今天困了喵",1764944191,"我还跟你招手的来着"
"","","","","鱼糕今天困了喵",1764944182,"当时你在电视大屏里面用摄像头看着我"
"","","","","鱼糕今天困了喵",1764944167,"诺 我线下见过你喵"
"","","","","鱼糕今天困了喵",1764944154,"[热][热][热]"
"","","","","鱼糕今天困了喵",1764944107,"起码1个小时"
"","","","","鱼糕今天困了喵",1764944103,"但是积分票必须打电话改"
"","","","","鱼糕今天困了喵",1764944092,"我1个月后和5个月后的机票"
"","","","","鱼糕今天困了喵",1764944080,"我去vaughan"
"","","","","鱼糕今天困了喵",1764944077,"不是"
"","","","","鱼糕今天困了喵",1764944023,"11段航程 我今天还得跟aeroplan干一架"
"","","","","鱼糕今天困了喵",1764944012,"我一共三张票 三张机票全部航变"
"","","","","鱼糕今天困了喵",1764943974,"你不是知道我要去哪里嘛（）"
"","","","","鱼糕今天困了喵",1764943964,"收到 下次给诺反完图就一直qq喊她"
"","","","","鱼糕今天困了喵",1764943924,"在寒风中等了20分钟gobus[热]"
"","","","","鱼糕今天困了喵",1764943911,"好冷"
"","","","","鱼糕今天困了喵",1764943848,"我不想学 树似了我也不管的"
"","","","","鱼糕今天困了喵",1764943832,"对的"
"","","","","鱼糕今天困了喵",1764943751,"立刻入眠 非常有效"
"","","","","鱼糕今天困了喵",1764943744,"购入鱼糕一拳"
"","","","","鱼糕今天困了喵",1764943623,"不动了喵 我的开发环境太脆弱了一碰就碎"
"","","","","鱼糕今天困了喵",1764943472,"自动花屏死机掉驱动一条龙"
"","","","","鱼糕今天困了喵",1764943459,"我的电脑 打开彩6"
"","","","","鱼糕今天困了喵",1764943435,"谢谢你 土豆服务器"
"","","","","鱼糕今天困了喵",1764943385,"他要纯利润"
"","","","","鱼糕今天困了喵",1764943378,"价格不可能便宜点"
"","","","","鱼糕今天困了喵",1764943355,"省钱"
"","","","","鱼糕今天困了喵",1764943347,"他不减重做不完啊"
"","","","","鱼糕今天困了喵",1764943311,"没区别喵"
"","","","","鱼糕今天困了喵",1764943305,"换包装减重量"
"","","","","鱼糕今天困了喵",1764943286,"罐头这一块"
"","","","","鱼糕今天困了喵",1764941946,"不得不去找别的妹妹了"
"","","","","鱼糕今天困了喵",1764941930,"传下去 萌喵殿下直播公开承认看一个爱一个？诺球球的大心碎！"
"","","","","鱼糕今天困了喵",1764941753,"往好处想 乳酪是vtb"
"","","","","鱼糕今天困了喵",1764941524,"鱼糕动漫版"
"","","","","鱼糕今天困了喵",1764941236,"不能出现诺？野榜！"
"","","","","鱼糕今天困了喵",1764940828,"没错 一直都是我自导自演的"
"","","","","鱼糕今天困了喵",1764940808,"背后皮下是鱼糕"
"","","","","鱼糕今天困了喵",1764940791,"然后你就会发现诺是被vtb"
"","","","","鱼糕今天困了喵",1764940765,"来加拿大吧"
"","","","","鱼糕今天困了喵",1764940382,"我离得近我先来"
"","","","","鱼糕今天困了喵",1764940375,"我也要"
"","","","","鱼糕今天困了喵",1764940371,"你小子不许吃独食"
"","","","","鱼糕今天困了喵",1764940363,"不行"
"","","","","鱼糕今天困了喵",1764940339,"那很羡慕了"
"","","","","鱼糕今天困了喵",1764940278,"喝完就关（）"
"","","","","鱼糕今天困了喵",1764940262,"最近看番和打游戏都像下酒菜"
"","","","","鱼糕今天困了喵",1764940252,"有点"
"","","","","鱼糕今天困了喵",1764940096,"这次图出来我要 试一下（）"
"","","","","鱼糕今天困了喵",1764940081,"讲道理 我感觉好像看懂你的后期思路了（）"
"","","","","鱼糕今天困了喵",1764940035,"白嫖免费拍照免费后期（）"
"","","","","鱼糕今天困了喵",1764939985,"租借鱼糕"
"","","","","鱼糕今天困了喵",1764939734,"会的 每次看完诺都会想看诺"
"","","","","鱼糕今天困了喵",1764863703,"我看难说"
"","","","","鱼糕今天困了喵",1764862944,"等他圣诞开始了我都在国内了"
"","","","","鱼糕今天困了喵",1764862932,"没错 活动是提前一个月到一个半月就开始有了"
"","","","","鱼糕今天困了喵",1764862908,"不是"
"","","","","鱼糕今天困了喵",1764862899,"今天有圣诞市集"
"","","","","鱼糕今天困了喵",1764862888,"然后回去去图书馆写论文"
"","","","","鱼糕今天困了喵",1764862882,"我在坐车出去 拍点照片"
"","","","","鱼糕今天困了喵",1764777107,"你醒啦油打鸡 你已经变成女孩子咯（）"
"","","","","鱼糕今天困了喵",1764776986,"？？？"
"","","","","鱼糕今天困了喵",1764776973,"aogumo一年前发的预览"
"","","","","鱼糕今天困了喵",1764776966,"有人憋了一年才发你知道吗"
"","","","","鱼糕今天困了喵",1764776920,"这首歌还没发几天"
"","","","","鱼糕今天困了喵",1764776915,"又新又好"
"","","","","鱼糕今天困了喵",1764776888,"发我看看"
"","","","","鱼糕今天困了喵",1764776776,"跟我一起去看别的妹妹吧喵"
"","","","","鱼糕今天困了喵",1764776766,"伤心了喵"
"","","","","鱼糕今天困了喵",1764776764,"大主包了喵 sc都不念了喵"
"","","","","鱼糕今天困了喵",1764776732,"我真求你了"
"","","","","鱼糕今天困了喵",1764776681,"我服了"
"","","","","鱼糕今天困了喵",1764776640,"邪修非法操作"
"","","","","鱼糕今天困了喵",1764776630,"我是不会说的（）"
"","","","","鱼糕今天困了喵",1764776623,"是我的魔法"
"","","","","鱼糕今天困了喵",1764776620,"这么亮 还背光"
"","","","","鱼糕今天困了喵",1764776544,"压力！"
"","","","","鱼糕今天困了喵",1764776542,"产能！"
"","","","","鱼糕今天困了喵",1764776501,"我每次都是给40张左右"
"","","","","鱼糕今天困了喵",1764776495,"好多"
"","","","","鱼糕今天困了喵",1764776464,"看看我的"
"","","","","鱼糕今天困了喵",1764776369,"我可以发吗诺酱"
"","","","","鱼糕今天困了喵",1764776312,"兜售诺图包 但是我不卖就馋你"
"","","","","鱼糕今天困了喵",1764776136,"坏了 她好像知道自己很可爱"
"","","","","鱼糕今天困了喵",1764775725,"我要让她跟我睡"
"","","","","鱼糕今天困了喵",1764775714,"想我家小猫了"
"","","","","鱼糕今天困了喵",1764775705,"在现场 这只喵是我"
"","","","","鱼糕今天困了喵",1764775693,"其实喵是诺给的项圈喵"
"","","","","鱼糕今天困了喵",1764775637,"罗姆鸡 你知道我id里面喵怎么来的吗"
"","","","","鱼糕今天困了喵",1764775611,"快看我家两只猫猫"
"","","","","鱼糕今天困了喵",1764775362,"趴你键盘上"
"","","","","鱼糕今天困了喵",1764775354,"这是什么 电脑 暖和 躺一下"
"","","","","鱼糕今天困了喵",1764775325,"依旧乱尿"
"","","","","鱼糕今天困了喵",1764775317,"不是主人的话不听"
"","","","","鱼糕今天困了喵",1764775311,"不行"
"","","","","鱼糕今天困了喵",1764775181,"snpsc"
"","","","","鱼糕今天困了喵",1764775106,"那个乖啊"
"","","","","鱼糕今天困了喵",1764775099,"上次用力拍了拍 她狠狠蹭我"
"","","","","鱼糕今天困了喵",1764775084,"我家猫嫌弃我打的太轻了"
"","","","","鱼糕今天困了喵",1764775003,"打小猫屁股真的不是奖励吗"
"","","","","鱼糕今天困了喵",1764774876,"？？？？huh？"
"","","","","鱼糕今天困了喵",1764774870,"？？？？"
"","","","","鱼糕今天困了喵",1764774719,"补药抓住我口牙"
"","","","","鱼糕今天困了喵",1764774709,"我很害怕 我的本体是橘猫"
"","","","","鱼糕今天困了喵",1764774632,"怎么还有嘎蛋环节"
"","","","","鱼糕今天困了喵",1764774617,"区"
"","","","","鱼糕今天困了喵",1764774615,"现在在床上扭动"
"","","","","鱼糕今天困了喵",1764774540,"金玉满堂…！"
"","","","","鱼糕今天困了喵",1764774506,"无敌了"
"","","","","鱼糕今天困了喵",1764774485,"但是那个蛋不是egg是balls啊"
"","","","","鱼糕今天困了喵",1764774462,"有的话 那我得想办法研究一下了"
"","","","","鱼糕今天困了喵",1764774443,"…？"
"","","","","鱼糕今天困了喵",1764774239,"大锦鲤…！"
"","","","","鱼糕今天困了喵",1764773953,"1234567"
"","","","","鱼糕今天困了喵",1764773621,"感觉打一拳可以哭半天"
"","","","","鱼糕今天困了喵",1764773605,"像小孩（）"
"","","","","鱼糕今天困了喵",1764773520,"草"
"","","","","鱼糕今天困了喵",1764773474,"[热][热][热][热][热]劲呐"
"","","","","鱼糕今天困了喵",1764773296,"是的 一整根玉米的"
"","","","","鱼糕今天困了喵",1764772972,"饿着吧你"
"","","","","鱼糕今天困了喵",1764772965,"想看yu的想吃yu的门外竖着（"
"","","","","鱼糕今天困了喵",1764772936,"这个不许吃"
"","","","","鱼糕今天困了喵",1764772750,"老板糊涂啊"
"","","","","鱼糕今天困了喵",1764772531,"说明什么 诺 该回国了"
"","","","","鱼糕今天困了喵",1764772311,"诺吃自助餐 我把诺炖了吃 四舍五入我吃了好多自助餐"
"","","","","鱼糕今天困了喵",1764772059,"给我留点"
"","","","","鱼糕今天困了喵",1764772055,"哪里有口嚼椰汁"
"","","","","鱼糕今天困了喵",1764771919,"请我吃两顿饭当喂小猫小狗就行"
"","","","","鱼糕今天困了喵",1764771824,"鸡肉丸子 嚼嚼嚼"
"","","","","鱼糕今天困了喵",1764771779,"我去多伦多跟苦难行军一样"
"","","","","鱼糕今天困了喵",1764771694,"没车就是没腿（"
"","","","","鱼糕今天困了喵",1764771666,"要是来北美可以安排久一点 然后租个车开开"
"","","","","鱼糕今天困了喵",1764771524,"火鸡干的一比 谁爱吃谁吃 我不吃（）"
"","","","","鱼糕今天困了喵",1764771411,"推了半天开个缝发现鱼糕躺在那边缩成一团"
"","","","","鱼糕今天困了喵",1764771389,"诺开个门早上起来发现门推不动"
"","","","","鱼糕今天困了喵",1764771233,"欢迎来到美丽的加拿大（）"
"","","","","鱼糕今天困了喵",1764771215,"诺…好可爱…"
"","","","","鱼糕今天困了喵",1764771121,"美女你谁"
"","","","","鱼糕今天困了喵",1764692440,"一步没有"
"","","","","鱼糕今天困了喵",1764692434,"后半步有"
"","","","","鱼糕今天困了喵",1764692400,"那肯定有啊"
"","","","","鱼糕今天困了喵",1764692322,"喊我干啥"
"","","","","鱼糕今天困了喵",1764691613,"这首歌有段时间了"
"","","","","鱼糕今天困了喵",1764689764,"没绷住 没见过这么黑的"
"","","","","鱼糕今天困了喵",1764689302,"补药桶我口牙"
"","","","","鱼糕今天困了喵",1764688859,"赶紧享受你的电驴吧"
"","","","","鱼糕今天困了喵",1764688843,"那你应该不是新国标"
"","","","","鱼糕今天困了喵",1764688800,"锁定25"
"","","","","鱼糕今天困了喵",1764688233,"你选吧"
"","","","","鱼糕今天困了喵",1764688179,"呆呆嗷呜"
"","","","","鱼糕今天困了喵",1764688128,"没事的喵"
"","","","","鱼糕今天困了喵",1764688120,"我下个月能还上"
"","","","","鱼糕今天困了喵",1764687807,"框框给你两拳"
"","","","","鱼糕今天困了喵",1764687779,"不是 等下 什么叫打下你"
"","","","","鱼糕今天困了喵",1764687265,"笑死了 就没有便宜的房子"
"","","","","鱼糕今天困了喵",1764687254,"就没米了"
"","","","","鱼糕今天困了喵",1764687251,"在外面吃两顿"
"","","","","鱼糕今天困了喵",1764687245,"然后我上课还全在饭点"
"","","","","鱼糕今天困了喵",1764687227,"自己租2000"
"","","","","鱼糕今天困了喵",1764687224,"1500就是合租了"
"","","","","鱼糕今天困了喵",1764687215,"上课的软件跟耗材也要自己交的"
"","","","","鱼糕今天困了喵",1764687197,"加币"
"","","","","鱼糕今天困了喵",1764687182,"就剩1000"
"","","","","鱼糕今天困了喵",1764687172,"我这个地方租个单人房1500一个月"
"","","","","鱼糕今天困了喵",1764686711,"我感觉 待哪里都行 能赚米就行"
"","","","","鱼糕今天困了喵",1764686644,"不知道（）没想法呢（）"
"","","","","鱼糕今天困了喵",1764686628,"光过的话不上课随便写写也过了"
"","","","","鱼糕今天困了喵",1764686615,"我肯定是要高分的"
"","","","","鱼糕今天困了喵",1764686600,"不认识喵"
"","","","","鱼糕今天困了喵",1764686594,"严倒是还好 但是练的少容易分低（）"
"","","","","鱼糕今天困了喵",1764686543,"前面连轴转忙疯了"
"","","","","鱼糕今天困了喵",1764686535,"[热]我才考完期末忙完"
"","","","","鱼糕今天困了喵",1764515568,"想起来了"
"","","","","鱼糕今天困了喵",1764515564,"对的对的就是这个"
"","","","","鱼糕今天困了喵",1764515411,"にゃんにゃくにゃらべてにゃがにゃがめ既视感"
"","","","","鱼糕今天困了喵",1764515382,"草"
"","","","","鱼糕今天困了喵",1764515318,"我觉得好得很啊"
"","","","","鱼糕今天困了喵",1764515314,"难听在哪里"
"","","","","鱼糕今天困了喵",1764515271,"在的喵 在干活喵"
"","","","","鱼糕今天困了喵",1764515039,"死盖哥哥要掉小珍珠了"
"","","","","鱼糕今天困了喵",1764514938,"其实野史回我剪了"
"","","","","鱼糕今天困了喵",1764514898,"为什么我没听过"
"","","","","鱼糕今天困了喵",1764514894,"这不是我们acane的声音吗"
"","","","","鱼糕今天困了喵",1764514778,"好活"
"","","","","鱼糕今天困了喵",1764514770,"草"
"","","","","鱼糕今天困了喵",1764514678,"我还在画图"
"","","","","鱼糕今天困了喵",1764514673,"不是我"
"","","","","鱼糕今天困了喵",1764514575,"我就顶号了"
"","","","","鱼糕今天困了喵",1764514569,"你不顶号等我学明白了"
"","","","","鱼糕今天困了喵",1764514481,"消失什么的不要啊"
"","","","","鱼糕今天困了喵",1764514345,"拍的不好有惩罚😈"
"","","","","鱼糕今天困了喵",1764514332,"这回 轮到我出cos诺给我拍了"
"","","","","鱼糕今天困了喵",1764514221,"？"
"","","","","鱼糕今天困了喵",1764513672,"诶诶诶诶"
"","","","","鱼糕今天困了喵",1764513665,"诶 你是谁"
"","","","","鱼糕今天困了喵",1764512920,"主播卖号嘛"
"","","","","鱼糕今天困了喵",1764512863,"自动续费是这个点吗（）"
"","","","","鱼糕今天困了喵",1764512729,"不来看雨诺akari 我会亲自线下真实你们[热]"
"","","","","鱼糕今天困了喵",1764512463,"不知道喵 绑定的不是身份证喵"
"","","","","鱼糕今天困了喵",1764512444,"魂穿小心被原意识捆住出不去喔"
"","","","","鱼糕今天困了喵",1764512405,"收到🫡"
"","","","","鱼糕今天困了喵",1764512398,"什么 诺说让我们一起上提督再退款？"
"","","","","鱼糕今天困了喵",1764512273,"（顺便帮我考试符合人设）"
"","","","","鱼糕今天困了喵",1764512253,"请狠狠扮演我"
"","","","","鱼糕今天困了喵",1764512247,"扮演鱼糕吧"
"","","","","鱼糕今天困了喵",1764512044,"娱乐向追着人要1998那很sb了我直言不讳啊"
"","","","","鱼糕今天困了喵",1764511971,"塌房什么的 那我直接线下真实就完事了"
"","","","","鱼糕今天困了喵",1764511924,"那我寻思你播啥呢"
"","","","","鱼糕今天困了喵",1764511919,"“你这是什么直播间” “也没有什么直播间就是随便播播”"
"","","","","鱼糕今天困了喵",1764511894,"还有什么新人主播什么都不懂 看到人就追着查户口要舰长提督的"
"","","","","鱼糕今天困了喵",1764511681,"他标准很神秘"
"","","","","鱼糕今天困了喵",1764511677,"还真就是在这边发的"
"","","","","鱼糕今天困了喵",1764511613,"那正常 我天天被色情低俗退回"
"","","","","鱼糕今天困了喵",1764511554,"🦵🏻👅[doge2]"
"","","","","鱼糕今天困了喵",1764426770,"你去哪里了诺[大哭][大哭][大哭][大哭][大哭][大哭]"
"","","","","鱼糕今天困了喵",1764426765,"诺[大哭][大哭][大哭][大哭][大哭][大哭][大哭][大哭]"
"","","","","鱼糕今天困了喵",1764426761,"人生有梦各自精彩"
"","","","","鱼糕今天困了喵",1764426676,"到时间了 可以关了喵"
"","","","","鱼糕今天困了喵",1764426521,"这个不行 要拳头👊"
"","","","","鱼糕今天困了喵",1764426471,"马上结束了喵"
"","","","","鱼糕今天困了喵",1764426467,"本来就是一个小时喵"
"","","","","鱼糕今天困了喵",1764426270,"没事的 我可以暂时去找找别的十几个妹妹聊天的"
"","","","","鱼糕今天困了喵",1764426220,"少看你两眼也是可以的[大哭]"
"","","","","鱼糕今天困了喵",1764426205,"诺 你可以多睡点 诺"
"","","","","鱼糕今天困了喵",1764426160,"我准备去谢拉格 不对 我就在谢拉格[大哭]"
"","","","","鱼糕今天困了喵",1764426038,"square one吗"
"","","","","鱼糕今天困了喵",1764425934,"[热][热][热]"
"","","","","鱼糕今天困了喵",1764425930,"我这边已经积雪到我小腿肚了"
"","","","","鱼糕今天困了喵",1764425917,"并非不多"
"","","","","鱼糕今天困了喵",1764425893,"我走路上跟滑冰一样差点给我掀翻过去"
"","","","","鱼糕今天困了喵",1764425871,"一直在滑"
"","","","","鱼糕今天困了喵",1764425850,"oui"
"","","","","鱼糕今天困了喵",1764425827,"有的"
"","","","","鱼糕今天困了喵",1764425786,"有咖喱鱼蛋和手打牛肉丸"
"","","","","鱼糕今天困了喵",1764425773,"有 我这边有家冰室"
"","","","","鱼糕今天困了喵",1764425420,"我看诺说的对"
"","","","","鱼糕今天困了喵",1764425415,"诺说的好啊"
"","","","","鱼糕今天困了喵",1764425337,"自觉进我的精灵球里面吧"
"","","","","鱼糕今天困了喵",1764425321,"此诺已有哈根"
"","","","","鱼糕今天困了喵",1764425307,"哈气了"
"","","","","鱼糕今天困了喵",1764425038,"？"
"","","","","鱼糕今天困了喵",1764425032,"权限不让我用好难受的喵"
"","","","","鱼糕今天困了喵",1764425022,"房管已经两个月没踢人了手痒了喵"
"","","","","鱼糕今天困了喵",1764424980,"直播间发广告的可能会被我扔出去喵"
"","","","","鱼糕今天困了喵",1764424794,"没事 诺同意我看别的妹妹的"
"","","","","鱼糕今天困了喵",1764424679,"咕咕嘎嘎！"
"","","","","鱼糕今天困了喵",1764424661,"对的对的对的对的"
"","","","","鱼糕今天困了喵",1764424638,"因为有人不认字"
"","","","","鱼糕今天困了喵",1764424555,"有没有想让我禁言一下的"
"","","","","鱼糕今天困了喵",1764424549,"诶 禁言家球也是禁言回"
"","","","","鱼糕今天困了喵",1764424529,"我要独占直播间[热]"
"","","","","鱼糕今天困了喵",1764424510,"现在暂时拿不着"
"","","","","鱼糕今天困了喵",1764424504,"去年结束之前批量发的房管"
"","","","","鱼糕今天困了喵",1764424444,"不仅是颜值还有线下欺负舰长"
"","","","","鱼糕今天困了喵",1764424415,"确实是颜值主播"
"","","","","鱼糕今天困了喵",1764424343,"没事 别的妹妹暂时用不到[dog][dog][dog]"
"","","","","鱼糕今天困了喵",1764424142,"我看还能再快点（暗示"
"","","","","鱼糕今天困了喵",1764424133,"升级得很快"
"","","","","鱼糕今天困了喵",1764424055,"没力度没感觉啊[热]"
"","","","","鱼糕今天困了喵",1764424015,"太少了喵 拳击不够喵"
"","","","","鱼糕今天困了喵",1764423992,"不许不打我"
"","","","","鱼糕今天困了喵",1764423906,"太可爱了这小动静"
"","","","","鱼糕今天困了喵",1764423897,"这小动静"
"","","","","鱼糕今天困了喵",1764423834,"她太喜欢鱼糕了"
"","","","","鱼糕今天困了喵",1764423705,"草"
"","","","","鱼糕今天困了喵",1764423673,"[热][热][热][热][热][热]"
"","","","","鱼糕今天困了喵",1764423587,"我要咬你"
"","","","","鱼糕今天困了喵",1764423515,"收到 诺说 人气票 还要"
"","","","","鱼糕今天困了喵",1764423243,"[大哭][大哭][大哭][大哭][大哭][大哭][大哭]"
"","","","","鱼糕今天困了喵",1764422926,"卡比也可以"
"","","","","鱼糕今天困了喵",1764422819,"哪里有原味帽子"
"","","","","鱼糕今天困了喵",1764422780,"我勒个 漫展啊"
"","","","","鱼糕今天困了喵",1764422694,"看一下绷一下"
"","","","","鱼糕今天困了喵",1764422684,"这个cos太生草了"
"","","","","鱼糕今天困了喵",1764422221,"早上好诺[热]"
"","","","","鱼糕今天困了喵",1764391617,"老师中午好喵"
"","","","","鱼糕今天困了喵",1764342385,"你要来看就抓到我了"
"","","","","鱼糕今天困了喵",1764342254,"对的对的 好看喵"
"","","","","鱼糕今天困了喵",1764342222,"99晚上好喵"
"","","","","鱼糕今天困了喵",1764341943,"准备写野史了喵"
"","","","","鱼糕今天困了喵",1764341915,"线下谁欺负鱼糕说鱼糕这么羞耻不敢说话的"
"","","","","鱼糕今天困了喵",1764341892,"羞耻什么"
"","","","","鱼糕今天困了喵",1764341799,"笑死了所以我开了张新卡薅开卡礼回点血"
"","","","","鱼糕今天困了喵",1764341780,"1-4月的"
"","","","","鱼糕今天困了喵",1764341777,"交下一个学期的"
"","","","","鱼糕今天困了喵",1764341737,"我要自己付7000cad"
"","","","","鱼糕今天困了喵",1764341722,"其实是交学费了"
"","","","","鱼糕今天困了喵",1764341675,"没得买了喵"
"","","","","鱼糕今天困了喵",1764341671,"没米了"
"","","","","鱼糕今天困了喵",1764341579,"咕咕嘎嘎"
"","","","","鱼糕今天困了喵",1764339937,"鱼糕怎么这么坏啊"
"","","","","鱼糕今天困了喵",1764339807,"我甚至防雨还是穿的高中校服外套（）"
"","","","","鱼糕今天困了喵",1764339793,"乐"
"","","","","鱼糕今天困了喵",1764339787,"衣柜一开就那么几件"
"","","","","鱼糕今天困了喵",1764339749,"cos服很多 但是cos服很少"
"","","","","鱼糕今天困了喵",1764339558,"你不许私藏诺衣服"
"","","","","鱼糕今天困了喵",1764339497,"111有哪些"
"","","","","鱼糕今天困了喵",1764339463,"诺有没有特别想出 买了cos服 但是没出的"
"","","","","鱼糕今天困了喵",1764339334,"懂了 直接运诺"
"","","","","鱼糕今天困了喵",1764338933,"有人早上被卡了5个小时没开出来"
"","","","","鱼糕今天困了喵",1764338911,"你知道吗 401上面有百吨王翻车了"
"","","","","鱼糕今天困了喵",1764338762,"这是人吗我服了"
"","","","","鱼糕今天困了喵",1764338660,"发生啥了"
"","","","","鱼糕今天困了喵",1764338654,"？"
"","","","","鱼糕今天困了喵",1764337532,"老板大气喵"
"","","","","鱼糕今天困了喵",1764337521,"有人上了个提督？"
"","","","","鱼糕今天困了喵",1764337510,"嗯？"
"","","","","鱼糕今天困了喵",1764337419,"好喝的很啊"
"","","","","鱼糕今天困了喵",1764337411,"对的 我昨天喝热巧克力往里面放了一张诺小卡"
"","","","","鱼糕今天困了喵",1764337337,"游戏人生好喵"
"","","","","鱼糕今天困了喵",1764258873,"收到 这就去举报死盖qaq（不是（没有"
"","","","","鱼糕今天困了喵",1764258795,"诺说鱼糕可以去看别的主包"
"","","","","鱼糕今天困了喵",1764258728,"晚上好喵"
"","","","","鱼糕今天困了喵",1764121827,"妈妈妈妈 我疼 妈妈"
"","","","","鱼糕今天困了喵",1764121789,"又一个喊妈妈的"
"","","","","鱼糕今天困了喵",1764121751,"被抽成科比了"
"","","","","鱼糕今天困了喵",1764121742,"神了"
"","","","","鱼糕今天困了喵",1764121641,"妈妈"
"","","","","鱼糕今天困了喵",1764121638,"妈妈妈妈"
"","","","","鱼糕今天困了喵",1763992872,"请务必誓剑我"
"","","","","鱼糕今天困了喵",1763992858,"那很好了啊"
"","","","","鱼糕今天困了喵",1763992629,"想她了"
"","","","","鱼糕今天困了喵",1763992481,"去看别的妹妹了"
"","","","","鱼糕今天困了喵",1763992465,"伤心了"
"","","","","鱼糕今天困了喵",1763992457,"原来诺还认识别的鱼糕吗"
"","","","","鱼糕今天困了喵",1763992417,"yes"
"","","","","鱼糕今天困了喵",1763992260,"气鼓鼓气鼓鼓气鼓鼓气鼓鼓"
"","","","","鱼糕今天困了喵",1763992254,"不许叫她阿姨"
"","","","","鱼糕今天困了喵",1763992250,"气鼓鼓气鼓鼓气鼓鼓"
"","","","","鱼糕今天困了喵",1763992168,"？bro"
"","","","","鱼糕今天困了喵",1763992153,"给我爆点"
"","","","","鱼糕今天困了喵",1763992088,"呜哇哇哇哇"
"","","","","鱼糕今天困了喵",1763992082,"欺负我"
"","","","","鱼糕今天困了喵",1763992079,"[可怜]"
"","","","","鱼糕今天困了喵",1763991971,"1"
"","","","","鱼糕今天困了喵",1763991950,"诺 你是我见过最美丽的加拿大女孩[花]"
"","","","","鱼糕今天困了喵",1763991908,"我要看死盖直播"
"","","","","鱼糕今天困了喵",1763991902,"死盖开播吧"
"","","","","鱼糕今天困了喵",1763991749,"死盖哥哥好厉害"
"","","","","鱼糕今天困了喵",1763991594,"我…会一直…偷偷看着…偷偷看着你…"
"","","","","鱼糕今天困了喵",1763991576,"在箱子里就可以偷偷藏诺家里了"
"","","","","鱼糕今天困了喵",1763991444,"马上我把自己塞大号箱子里寄多伦多"
"","","","","鱼糕今天困了喵",1763991222,"失忆了"
"","","","","鱼糕今天困了喵",1763991214,"我说了吗"
"","","","","鱼糕今天困了喵",1763991144,"草"
"","","","","鱼糕今天困了喵",1763991139,"？"
"","","","","鱼糕今天困了喵",1763990932,"挑战成功有什么奖励吗"
"","","","","鱼糕今天困了喵",1763990855,"这个好"
"","","","","鱼糕今天困了喵",1763990853,"可以可以"
"","","","","鱼糕今天困了喵",1763990846,"我去"
"","","","","鱼糕今天困了喵",1763990722,"0昏"
"","","","","鱼糕今天困了喵",1763990710,"上来就没绷住"
"","","","","鱼糕今天困了喵",1763990637,"你这个"
"","","","","鱼糕今天困了喵",1763990625,"曾经有个人十连6张票"
"","","","","鱼糕今天困了喵",1763990612,"你能出3个电影票就很离奇了"
"","","","","鱼糕今天困了喵",1763990530,"瑟四字素"
"","","","","鱼糕今天困了喵",1763990493,"并非"
"","","","","鱼糕今天困了喵",1763990454,"没那么准确"
"","","","","鱼糕今天困了喵",1763990412,"？wait wut"
"","","","","鱼糕今天困了喵",1763990367,"草"
"","","","","鱼糕今天困了喵",1763990275,"这对吗"
"","","","","鱼糕今天困了喵",1763990266,"我勒个大草"
"","","","","乳酪酪酪酪酪酪酪酪酪",1763872004,"求也是我先吃"
"","","","","乳酪酪酪酪酪酪酪酪酪",1763656209,"99晚上好[doge2]"
"","","","","乳酪酪酪酪酪酪酪酪酪",1763648871,"晚安喵 早点休息 一路平安汪"
"","","","","乳酪酪酪酪酪酪酪酪酪",1763648665,"wwwwwwww"
"","","","","乳酪酪酪酪酪酪酪酪酪",1763648586,"店员听到诺要出国喝不到想喝的奶茶默默的给了自己一巴掌"
"","","","","乳酪酪酪酪酪酪酪酪酪",1763648494,"拿积分换了一晚delta 直接住街对面"
"","","","","乳酪酪酪酪酪酪酪酪酪",1763648481,"我才发现anirevo在市中心"
"","","","","乳酪酪酪酪酪酪酪酪酪",1763648439,"没周表我包不可能8.起"
"","","","","乳酪酪酪酪酪酪酪酪酪",1763648398,"有啊"
"","","","","乳酪酪酪酪酪酪酪酪酪",1763648359,"心愿是想要克隆诺"
"","","","","乳酪酪酪酪酪酪酪酪酪",1763648217,"maa挂机刷等级一整夜 怎么给我通到水月n10了"
"","","","","乳酪酪酪酪酪酪酪酪酪",1763648120,"我把我自己卖了"
"","","","","乳酪酪酪酪酪酪酪酪酪",1763648077,"19998"
"","","","","乳酪酪酪酪酪酪酪酪酪",1763647950,"没有别的id可以绑了"
"","","","","乳酪酪酪酪酪酪酪酪酪",1763647935,"[热]"
"","","","","乳酪酪酪酪酪酪酪酪酪",1763647932,"我小号被关禁闭了"
"","","","","乳酪酪酪酪酪酪酪酪酪",1763647814,"拿的b站官方合同 给的推流 直播间短号 和高能认证"
"","","","","乳酪酪酪酪酪酪酪酪酪",1763647796,"她播的还挺早的"
"","","","","乳酪酪酪酪酪酪酪酪酪",1763647749,"所以现在是随机看心情播"
"","","","","乳酪酪酪酪酪酪酪酪酪",1763647733,"她合同到期了一直没续"
"","","","","乳酪酪酪酪酪酪酪酪酪",1763647647,"狐宝播了再说"
"","","","","乳酪酪酪酪酪酪酪酪酪",1763647587,"为雨诺献上心脏….！捧げよ...捧げよ..."
"","","","","乳酪酪酪酪酪酪酪酪酪",1763647555,"太弱小了 没有力量"
"","","","","乳酪酪酪酪酪酪酪酪酪",1763647545,"我要是能一年总督就好了"
"","","","","乳酪酪酪酪酪酪酪酪酪",1763647414,"yuzu粉饿着[热]"
"","","","","乳酪酪酪酪酪酪酪酪酪",1763647274,"诺 加我好友"
"","","","","乳酪酪酪酪酪酪酪酪酪",1763647183,"展示吗 我将以狐宝形态出击"
"","","","","乳酪酪酪酪酪酪酪酪酪",1763647096,"别的妹妹的照片被强制删光了[热][热]"
"","","","","乳酪酪酪酪酪酪酪酪酪",1763647078,"上次看别的妹妹被诺看见"
"","","","","乳酪酪酪酪酪酪酪酪酪",1763647061,"诺最多会不让你看别的妹妹"
"","","","","乳酪酪酪酪酪酪酪酪酪",1763647022,"我猜诺箱子还是开着的没收"
"","","","","乳酪酪酪酪酪酪酪酪酪",1763646898,"老板糊涂啊"
"","","","","乳酪酪酪酪酪酪酪酪酪",1763646841,"啃玉米啃累了（"
"","","","","乳酪酪酪酪酪酪酪酪酪",1763646831,"喜欢玉米粒+1"
"","","","","乳酪酪酪酪酪酪酪酪酪",1763646630,"你要飞ac好奇的话给你一张"
"","","","","乳酪酪酪酪酪酪酪酪酪",1763646621,"我有休息室票"
"","","","","乳酪酪酪酪酪酪酪酪酪",1763646609,"日本吃吃吃吃吃"
"","","","","乳酪酪酪酪酪酪酪酪酪",1763646570,"他甚至比ac北美休息室还难吃"
"","","","","乳酪酪酪酪酪酪酪酪酪",1763646552,"我不知道地面餐食怎么做到的"
"","","","","乳酪酪酪酪酪酪酪酪酪",1763646536,"南京机场国际休息室真的 比飞机餐还难吃"
"","","","","乳酪酪酪酪酪酪酪酪酪",1763646518,"麦麦是对的"
"","","","","乳酪酪酪酪酪酪酪酪酪",1763646408,"一般 平均线水平吧"
"","","","","乳酪酪酪酪酪酪酪酪酪",1763646389,"土豆泥水水的 然后肉饼反正就那个预制呗"
"","","","","乳酪酪酪酪酪酪酪酪酪",1763646330,"我本以为ac经济土豆泥肉饼已经是极限了"
"","","","","乳酪酪酪酪酪酪酪酪酪",1763646296,"比ac还难吃"
"","","","","乳酪酪酪酪酪酪酪酪酪",1763646266,"mu餐食确实那啥"
"","","","","乳酪酪酪酪酪酪酪酪酪",1763646199,"这么强"
"","","","","乳酪酪酪酪酪酪酪酪酪",1763646151,"没招啊"
"","","","","乳酪酪酪酪酪酪酪酪酪",1763646149,"23kg超了6kg"
"","","","","乳酪酪酪酪酪酪酪酪酪",1763646134,"再加一个也是500"
"","","","","乳酪酪酪酪酪酪酪酪酪",1763646096,"我经常是飞到国内段发现大箱子超重要补500"
"","","","","乳酪酪酪酪酪酪酪酪酪",1763646069,"廉航是这样的 就靠附加服务挣你钱"
"","","","","乳酪酪酪酪酪酪酪酪酪",1763645912,"机票并非早买享折扣啊（）"
"","","","","乳酪酪酪酪酪酪酪酪酪",1763645890,"明年里程制改消费制"
"","","","","乳酪酪酪酪酪酪酪酪酪",1763645865,"凑里程的"
"","","","","乳酪酪酪酪酪酪酪酪酪",1763645850,"yyz yeg yvr hkg nkg"
"","","","","乳酪酪酪酪酪酪酪酪酪",1763645735,"他要不降价我就换门国泰了"
"","","","","乳酪酪酪酪酪酪酪酪酪",1763645725,"加航明年改会员制度了"
"","","","","乳酪酪酪酪酪酪酪酪酪",1763645595,"好想打舞萌dx"
"","","","","乳酪酪酪酪酪酪酪酪酪",1763645586,"回去我就舞萌 正好楼上有萨利亚和寿司"
"","","","","乳酪酪酪酪酪酪酪酪酪",1763645539,"菠菜好吃"
"","","","","乳酪酪酪酪酪酪酪酪酪",1763645517,"饭饭"
"","","","","乳酪酪酪酪酪酪酪酪酪",1763561704,"…？"
"","","","","乳酪酪酪酪酪酪酪酪酪",1763561583,"草"
"","","","","乳酪酪酪酪酪酪酪酪酪",1763561551,"耐久秒了"
"","","","","乳酪酪酪酪酪酪酪酪酪",1763561434,"这是加拿大原住民形态（）"
"","","","","乳酪酪酪酪酪酪酪酪酪",1763561353,"那我到底穿不穿加绒卫衣"
"","","","","乳酪酪酪酪酪酪酪酪酪",1763561343,"什么叫 -2度 体感3度[热]"
"","","","","乳酪酪酪酪酪酪酪酪酪",1763561229,"[热][热][热]"
"","","","","乳酪酪酪酪酪酪酪酪酪",1763561226,"发现嘴唇干的裂开两道"
"","","","","乳酪酪酪酪酪酪酪酪酪",1763561213,"昨天早上起来"
"","","","","乳酪酪酪酪酪酪酪酪酪",1763478884,"没有诺我浑身难受"
"","","","","乳酪酪酪酪酪酪酪酪酪",1763478871,"坏啊"
"","","","","乳酪酪酪酪酪酪酪酪酪",1763478743,"没有yu回"
"","","","","乳酪酪酪酪酪酪酪酪酪",1763478670,"那保守估计你能吃三个 嗯嗯（咳咳"
"","","","","乳酪酪酪酪酪酪酪酪酪",1763478622,"你真的吃不完吗"
"","","","","乳酪酪酪酪酪酪酪酪酪",1763478614,"你吃不完吗"
"","","","","乳酪酪酪酪酪酪酪酪酪",1763478305,"加加加加加加加"
"","","","","乳酪酪酪酪酪酪酪酪酪",1763478277,"虽然我本意是减时长的（）"
"","","","","乳酪酪酪酪酪酪酪酪酪",1763478244,"诶对的"
"","","","","乳酪酪酪酪酪酪酪酪酪",1763478113,"吃鱼糕"
"","","","","乳酪酪酪酪酪酪酪酪酪",1763478068,"喜欢看《雨诺家今天的饭》"
"","","","","乳酪酪酪酪酪酪酪酪酪",1763477876,"对的 mikazuki"
"","","","","乳酪酪酪酪酪酪酪酪酪",1763477714,"酸欠[大哭]"
"","","","","乳酪酪酪酪酪酪酪酪酪",1763477664,"花之塔好简单 这题我会（）"
"","","","","乳酪酪酪酪酪酪酪酪酪",1763477654,"我尝尝"
"","","","","乳酪酪酪酪酪酪酪酪酪",1763477638,"我也没吃过粉面菜蛋"
"","","","","乳酪酪酪酪酪酪酪酪酪",1763477593,"字面意思"
"","","","","乳酪酪酪酪酪酪酪酪酪",1763477583,"的方便面"
"","","","","乳酪酪酪酪酪酪酪酪酪",1763477579,"粉面菜蛋就是 粉+面+菜+蛋"
"","","","","乳酪酪酪酪酪酪酪酪酪",1763477559,"这样我午饭看不到诺了"
"","","","","乳酪酪酪酪酪酪酪酪酪",1763477553,"不行不行不行"
"","","","","乳酪酪酪酪酪酪酪酪酪",1763477042,"去纽约劝你多带几个人"
"","","","","乳酪酪酪酪酪酪酪酪酪",1763476980,"我在尝试再一次忽悠我朋友从纽约飞来出去玩"
"","","","","乳酪酪酪酪酪酪酪酪酪",1763476872,"这边看到概率还是太低了"
"","","","","乳酪酪酪酪酪酪酪酪酪",1763476861,"好想去看极光"
"","","","","乳酪酪酪酪酪酪酪酪酪",1763476745,"诺 组团"
"","","","","乳酪酪酪酪酪酪酪酪酪",1763476739,"我是"
"","","","","乳酪酪酪酪酪酪酪酪酪",1763476605,"我是可以去拍的"
"","","","","乳酪酪酪酪酪酪酪酪酪",1763476598,"一个人不敢大晚上跑太远造啊"
"","","","","乳酪酪酪酪酪酪酪酪酪",1763476576,"想拍 还没这么干过"
"","","","","乳酪酪酪酪酪酪酪酪酪",1763476437,"[热]"
"","","","","乳酪酪酪酪酪酪酪酪酪",1763476396,"你播多久我蹲多久"
"","","","","乳酪酪酪酪酪酪酪酪酪",1763476383,"我会"
"","","","","乳酪酪酪酪酪酪酪酪酪",1763476282,"呱唧直播 举办了喵"
"","","","","乳酪酪酪酪酪酪酪酪酪",1763476124,"冷宫更是爆满啊"
"","","","","乳酪酪酪酪酪酪酪酪酪",1763476116,"我又要说出那句那后宫很拥挤了"
"","","","","乳酪酪酪酪酪酪酪酪酪",1763476072,"[热][热][热]"
"","","","","乳酪酪酪酪酪酪酪酪酪",1763476028,"一定是手滑了吧"
"","","","","乳酪酪酪酪酪酪酪酪酪",1763475947,"日语歌发原歌名就能点上了"
"","","","","乳酪酪酪酪酪酪酪酪酪",1763475931,"点歌不用加括号加翻译"
"","","","","乳酪酪酪酪酪酪酪酪酪",1763475857,"想让诺唱要爱爱也可以"
"","","","","乳酪酪酪酪酪酪酪酪酪",1763475824,"让诺给你手动"
"","","","","乳酪酪酪酪酪酪酪酪酪",1763475815,"点不上的可以打个30sc"
"","","","","乳酪酪酪酪酪酪酪酪酪",1763475797,"对的"
"","","","","乳酪酪酪酪酪酪酪酪酪",1763475762,"点歌机遇到相同的歌名会低智"
"","","","","乳酪酪酪酪酪酪酪酪酪",1763475728,"因为国内有版权了"
"","","","","乳酪酪酪酪酪酪酪酪酪",1763475601,"诺的味道[热][热][热]"
"","","","","乳酪酪酪酪酪酪酪酪酪",1763475592,"嗅嗅 毯子上 有… 有…"
"","","","","乳酪酪酪酪酪酪酪酪酪",1763475533,"不对不对不对不对不对"
"","","","","乳酪酪酪酪酪酪酪酪酪",1763475435,"好可爱………………的毯子 毯子送我"
"","","","","乳酪酪酪酪酪酪酪酪酪",1763475298,"感觉没有诺唱的好听"
"","","","","乳酪酪酪酪酪酪酪酪酪",1763475214,"？"
"","","","","乳酪酪酪酪酪酪酪酪酪",1763475128,"点歌 クズリ念"
"","","","","乳酪酪酪酪酪酪酪酪酪",1763475095,"点歌 残機"
"","","","","乳酪酪酪酪酪酪酪酪酪",1763475059,"空の观测者我喜欢你"
"","","","","乳酪酪酪酪酪酪酪酪酪",1763474993,"快给她加时长（"
"","","","","乳酪酪酪酪酪酪酪酪酪",1763474961,"点歌 若者のすべて"
"","","","","乳酪酪酪酪酪酪酪酪酪",1763474868,"提督下播那是24小时以上才有的事"
"","","","","乳酪酪酪酪酪酪酪酪酪",1763474858,"提督下播不可能的"
"","","","","乳酪酪酪酪酪酪酪酪酪",1763474757,"我必不可能再减"
"","","","","乳酪酪酪酪酪酪酪酪酪",1763474742,"上次减时长减多了当场下播了"
"","","","","乳酪酪酪酪酪酪酪酪酪",1763474724,"能的bro 能的"
"","","","","乳酪酪酪酪酪酪酪酪酪",1763474676,"剩下两个不认识喵（（（（））））"
"","","","","乳酪酪酪酪酪酪酪酪酪",1763474649,"喂一个诺多播半小时"
"","","","","乳酪酪酪酪酪酪酪酪酪",1763474641,"想多看诺 就来俩携手同行"
"","","","","乳酪酪酪酪酪酪酪酪酪",1763474631,"没事 我教你"
"","","","","乳酪酪酪酪酪酪酪酪酪",1763474553,"对的对的对对对对对对对对的"
"","","","","乳酪酪酪酪酪酪酪酪酪",1763474535,"我捏捏捏捏捏"
"","","","","乳酪酪酪酪酪酪酪酪酪",1763474523,"想捏小肚"
"","","","","乳酪酪酪酪酪酪酪酪酪",1763474513,"想捏小脸"
"","","","","乳酪酪酪酪酪酪酪酪酪",1763474173,"兑换码失效是什么意思"
"","","","","乳酪酪酪酪酪酪酪酪酪",1763473705,"评价一下乳酪吧[doge2]"
"","","","","乳酪酪酪酪酪酪酪酪酪",1763473595,"给电脑喂电脑配件+水（不是"
"","","","","乳酪酪酪酪酪酪酪酪酪",1763473531,"a面是正面 b面是底面"
"","","","","乳酪酪酪酪酪酪酪酪酪",1763473517,"c面是键盘面"
"","","","","乳酪酪酪酪酪酪酪酪酪",1763473511,"不知道为什么一点毛病没有 只是有一个键有点黏黏的"
"","","","","乳酪酪酪酪酪酪酪酪酪",1763473479,"你知道吗我上次喝雪碧 开个瓶子喷出来淹了一整个c面"
"","","","","乳酪酪酪酪酪酪酪酪酪",1763473432,"水 我命令你从电脑主板里面出来"
"","","","","乳酪酪酪酪酪酪酪酪酪",1763473365,"被看穿了[热][热][热]"
"","","","","乳酪酪酪酪酪酪酪酪酪",1763473151,"🙏🙏[doge2]"
"","","","","乳酪酪酪酪酪酪酪酪酪",1763473138,"让我形容我可要开始许愿了"
"","","","","乳酪酪酪酪酪酪酪酪酪",1763473106,"把诺还给1542225[热]"
"","","","","乳酪酪酪酪酪酪酪酪酪",1763473098,"这是…坏女人的味道…"
"","","","","乳酪酪酪酪酪酪酪酪酪",1763473089,"这不是诺的味道"
"","","","","乳酪酪酪酪酪酪酪酪酪",1763473081,"嗅嗅"
"","","","","乳酪酪酪酪酪酪酪酪酪",1763473073,"[热]"
"","","","","乳酪酪酪酪酪酪酪酪酪",1763473031,"你怎么知道我还有十几卷的库存"
"","","","","乳酪酪酪酪酪酪酪酪酪",1763473014,"我要拍诺要拍诺要拍诺要拍诺"
"","","","","乳酪酪酪酪酪酪酪酪酪",1763472719,"不对不对不对不对"
"","","","","乳酪酪酪酪酪酪酪酪酪",1763472641,"咬人也是鱼糕教的"
"","","","","乳酪酪酪酪酪酪酪酪酪",1763472622,"乳酪上次被鱼糕养了两天被带坏了"
"","","","","乳酪酪酪酪酪酪酪酪酪",1763472589,"好久没发野史了"
"","","","","乳酪酪酪酪酪酪酪酪酪",1763472533,"我来剪 诺看着我剪 然后我负责反复播放要爱爱"
"","","","","乳酪酪酪酪酪酪酪酪酪",1763472493,"这样吧 为了切片剪的开心"
"","","","","乳酪酪酪酪酪酪酪酪酪",1763472463,"我认可啊"
"","","","","乳酪酪酪酪酪酪酪酪酪",1763472456,"对的对的对的对的"
"","","","","乳酪酪酪酪酪酪酪酪酪",1763472415,"别的妹妹才不会这样说话呢"
"","","","","乳酪酪酪酪酪酪酪酪酪",1763472405,"什么动静"
"","","","","乳酪酪酪酪酪酪酪酪酪",1763472372,"包不可能减的"
"","","","","乳酪酪酪酪酪酪酪酪酪",1763472366,"上次一下就把时长剪没了"
"","","","","乳酪酪酪酪酪酪酪酪酪",1763472274,"诺诺再来一只——————"
"","","","","乳酪酪酪酪酪酪酪酪酪",1763472154,"晚上好诺诺"
"","","","","乳酪酪酪酪酪酪酪酪酪",1763392227,"晚安诺诺"
"","","","","乳酪酪酪酪酪酪酪酪酪",1763392218,"该走了"
"","","","","乳酪酪酪酪酪酪酪酪酪",1763392216,"要去上课了"
"","","","","乳酪酪酪酪酪酪酪酪酪",1763391978,"除了几个妹妹都记不住"
"","","","","乳酪酪酪酪酪酪酪酪酪",1763391968,"会（）"
"","","","","乳酪酪酪酪酪酪酪酪酪",1763391861,"求你了🥺🙏"
"","","","","乳酪酪酪酪酪酪酪酪酪",1763391853,"别让我起床看到下播了好吗"
"","","","","乳酪酪酪酪酪酪酪酪酪",1763391845,"坏"
"","","","","乳酪酪酪酪酪酪酪酪酪",1763391730,"开始了（）"
"","","","","乳酪酪酪酪酪酪酪酪酪",1763391418,"雨诺今天困了喵"
"","","","","乳酪酪酪酪酪酪酪酪酪",1763391404,"看一下吧"
"","","","","乳酪酪酪酪酪酪酪酪酪",1763391360,"那天的困困诺一个字一个字蹦可爱捏"
"","","","","乳酪酪酪酪酪酪酪酪酪",1763391335,"困困诺"
"","","","","乳酪酪酪酪酪酪酪酪酪",1763391277,"游泳第一次第一神了"
"","","","","乳酪酪酪酪酪酪酪酪酪",1763391071,"带饭卷一下就吃饱了"
"","","","","乳酪酪酪酪酪酪酪酪酪",1763390928,"诺：（叼着肉肉）唔唔唔咕噜咕噜（好像是在说可以）"
"","","","","乳酪酪酪酪酪酪酪酪酪",1763390903,"“诶请问你是1542225的雨诺akari吗我去喜欢你好久了可不可以跟我合个影”"
"","","","","乳酪酪酪酪酪酪酪酪酪",1763390788,"吃乳酪🧀"
"","","","","乳酪酪酪酪酪酪酪酪酪",1763390720,"我也有vrc（）"
"","","","","乳酪酪酪酪酪酪酪酪酪",1763390713,"你要试一下我的vr吗（）"
"","","","","乳酪酪酪酪酪酪酪酪酪",1763390673,"对的"
"","","","","乳酪酪酪酪酪酪酪酪酪",1763390661,"虚拟影院模式"
"","","","","乳酪酪酪酪酪酪酪酪酪",1763390654,"可以"
"","","","","乳酪酪酪酪酪酪酪酪酪",1763390641,"喜欢喜欢喜欢喜欢"
"","","","","乳酪酪酪酪酪酪酪酪酪",1763390637,"更大了"
"","","","","乳酪酪酪酪酪酪酪酪酪",1763390634,"我戴vr看"
"","","","","乳酪酪酪酪酪酪酪酪酪",1763390626,"大脸好啊"
"","","","","乳酪酪酪酪酪酪酪酪酪",1763390492,"披着乳酪皮叫主人很合理吧"
"","","","","乳酪酪酪酪酪酪酪酪酪",1763390456,"不玩恐怖游戏"
"","","","","乳酪酪酪酪酪酪酪酪酪",1763390393,"好可爱好可爱好可爱好美味"
"","","","","乳酪酪酪酪酪酪酪酪酪",1763389860,"我没有"
"","","","","乳酪酪酪酪酪酪酪酪酪",1763389686,"（露个破绽罢了）"
"","","","","乳酪酪酪酪酪酪酪酪酪",1763389679,"（牌子是故意的”"
"","","","","乳酪酪酪酪酪酪酪酪酪",1763389671,"（其实没有）"
"","","","","乳酪酪酪酪酪酪酪酪酪",1763389459,"剪下来的那节接我头发上吧"
"","","","","乳酪酪酪酪酪酪酪酪酪",1763389322,"？草"
"","","","","乳酪酪酪酪酪酪酪酪酪",1763389181,"太好了 这个多伦多有了诺终于又要热闹起来了"
"","","","","乳酪酪酪酪酪酪酪酪酪",1763389140,"（）"
"","","","","乳酪酪酪酪酪酪酪酪酪",1763389136,"爪子爪子"
"","","","","乳酪酪酪酪酪酪酪酪酪",1763389061,"？"
"","","","","乳酪酪酪酪酪酪酪酪酪",1763389039,"你听的四川话正经吗"
"","","","","乳酪酪酪酪酪酪酪酪酪",1763389029,"？"
"","","","","乳酪酪酪酪酪酪酪酪酪",1763388882,"（野史"
"","","","","乳酪酪酪酪酪酪酪酪酪",1763388875,"乳酪其实是在很多妹妹家里轮流养大的"
"","","","","乳酪酪酪酪酪酪酪酪酪",1763388806,"怒上一个提督求别的妹妹开播"
"","","","","乳酪酪酪酪酪酪酪酪酪",1763388775,"那我只能暂时 看别的妹妹了"
"","","","","乳酪酪酪酪酪酪酪酪酪",1763388765,"[大哭][大哭][大哭][大哭][大哭][大哭][大哭]"
"","","","","乳酪酪酪酪酪酪酪酪酪",1763388689,"不要啊"
"","","","","乳酪酪酪酪酪酪酪酪酪",1763388665,"总督 总督好啊"
"","","","","乳酪酪酪酪酪酪酪酪酪",1763388432,"我只能 周五+周末（）"
"","","","","乳酪酪酪酪酪酪酪酪酪",1763388331,"我也想拍（）"
"","","","","乳酪酪酪酪酪酪酪酪酪",1763388299,"我将以乳酪形态出击"
"","","","","乳酪酪酪酪酪酪酪酪酪",1763388250,"我看问题不大啊"
"","","","","乳酪酪酪酪酪酪酪酪酪",1763388245,"反正11:30才上课"
"","","","","乳酪酪酪酪酪酪酪酪酪",1763388234,"那就6:30的gotrain"
"","","","","乳酪酪酪酪酪酪酪酪酪",1763388208,"我只要凌晨赶hwy407的gobus 30就行"
"","","","","乳酪酪酪酪酪酪酪酪酪",1763388191,"没事 我早上起不来的"
"","","","","乳酪酪酪酪酪酪酪酪酪",1763388169,"周日是吗 收到喵"
"","","","","乳酪酪酪酪酪酪酪酪酪",1763387980,"哪个机场啊"
"","","","","乳酪酪酪酪酪酪酪酪酪",1763387951,"主人…主人…不要乳酪了吗…[大哭]"
"","","","","乳酪酪酪酪酪酪酪酪酪",1763387938,"不让我看诺 哭哭哭哭"
"","","","","乳酪酪酪酪酪酪酪酪酪",1763387925,"[热][热][热][热]"
"","","","","乳酪酪酪酪酪酪酪酪酪",1763387671,"早上定了一堆闹钟没给我叫醒（）"
"","","","","乳酪酪酪酪酪酪酪酪酪",1763387642,"昨天写到2."
"","","","","乳酪酪酪酪酪酪酪酪酪",1763387632,"写论文写的"
"","","","","乳酪酪酪酪酪酪酪酪酪",1763387623,"太困了"
"","","","","乳酪酪酪酪酪酪酪酪酪",1763387608,"晚上好诺"
"","","","","乳酪酪酪酪酪酪酪酪酪",1763134149,"晚安汪"
"","","","","乳酪酪酪酪酪酪酪酪酪",1763134142,"晚安乳酪是对的"
"","","","","乳酪酪酪酪酪酪酪酪酪",1763134044,"orangestar"
"","","","","乳酪酪酪酪酪酪酪酪酪",1763134040,"并非ztmy（）"
"","","","","乳酪酪酪酪酪酪酪酪酪",1763133775,"我们各自玩的可好了"
"","","","","乳酪酪酪酪酪酪酪酪酪",1763133766,"你还记得我吗 小时候你在你家我在我家"
"","","","","乳酪酪酪酪酪酪酪酪酪",1763133561,"明年会有吗会有吗"
"","","","","乳酪酪酪酪酪酪酪酪酪",1763133554,"当前进度1/3"
"","","","","乳酪酪酪酪酪酪酪酪酪",1763133548,"我也想要车车（）"
"","","","","乳酪酪酪酪酪酪酪酪酪",1763133347,"这个真可以"
"","","","","乳酪酪酪酪酪酪酪酪酪",1763133180,"一起拍拍也可以"
"","","","","乳酪酪酪酪酪酪酪酪酪",1763132169,"剩下的全是零花"
"","","","","乳酪酪酪酪酪酪酪酪酪",1763132164,"看在外面吃饭吃多少"
"","","","","乳酪酪酪酪酪酪酪酪酪",1763132088,"超过这个我就得想办法圈点了"
"","","","","乳酪酪酪酪酪酪酪酪酪",1763132079,"反正一个月1k cad"
"","","","","乳酪酪酪酪酪酪酪酪酪",1763132033,"看是啥吧"
"","","","","乳酪酪酪酪酪酪酪酪酪",1763131944,"来一个咬一个汪"
"","","","","乳酪酪酪酪酪酪酪酪酪",1763131938,"好爽汪"
"","","","","乳酪酪酪酪酪酪酪酪酪",1763131934,"好久没用这个权限了"
"","","","","乳酪酪酪酪酪酪酪酪酪",1763131678,"（批着乳酪皮就是为所欲为啊）"
"","","","","乳酪酪酪酪酪酪酪酪酪",1763131662,"我是诺的小狗"
"","","","","乳酪酪酪酪酪酪酪酪酪",1763131650,"是的"
"","","","","乳酪酪酪酪酪酪酪酪酪",1763131571,"哎 对了"
"","","","","乳酪酪酪酪酪酪酪酪酪",1763131537,"下次建议单体攻击"
"","","","","乳酪酪酪酪酪酪酪酪酪",1763131527,"劲呐"
"","","","","乳酪酪酪酪酪酪酪酪酪",1763131524,"诶 对味了"
"","","","","乳酪酪酪酪酪酪酪酪酪",1763131506,"那不行 不骂两句不会听话的"
"","","","","乳酪酪酪酪酪酪酪酪酪",1763131464,"汪汪汪汪汪汪"
"","","","","乳酪酪酪酪酪酪酪酪酪",1763131455,"我也要"
"","","","","乳酪酪酪酪酪酪酪酪酪",1763131453,"为什么骂他这么爽"
"","","","","乳酪酪酪酪酪酪酪酪酪",1763131444,"不行"
"","","","","乳酪酪酪酪酪酪酪酪酪",1763131440,"namaste🙏🫔"
"","","","","乳酪酪酪酪酪酪酪酪酪",1763131388,"vancouver那个bc怎么可能是晚上汪"
"","","","","乳酪酪酪酪酪酪酪酪酪",1763131371,"上午啊"
"","","","","乳酪酪酪酪酪酪酪酪酪",1763131326,"british columbia"
"","","","","乳酪酪酪酪酪酪酪酪酪",1763131314,"小狗管不住跟鱼糕没关系汪"
"","","","","乳酪酪酪酪酪酪酪酪酪",1763131302,"现在说话的是乳酪"
"","","","","乳酪酪酪酪酪酪酪酪酪",1763131291,"鱼糕挺正常的"
"","","","","乳酪酪酪酪酪酪酪酪酪",1763131234,"想跟乳酪玩吗汪"
"","","","","乳酪酪酪酪酪酪酪酪酪",1763131222,"乳酪不是在这边吗汪"
"","","","","乳酪酪酪酪酪酪酪酪酪",1763131216,"谁说乳酪出场少汪"
"","","","","乳酪酪酪酪酪酪酪酪酪",1763131052,"4个银灰2个初雪1个ew还有满潜5星雪猎"
"","","","","乳酪酪酪酪酪酪酪酪酪",1763131002,"为了300抽直接把火蓝之心多索雷斯密林旱将这种都清了"
"","","","","乳酪酪酪酪酪酪酪酪酪",1763130949,"解锁打打还能拿点满潜干员"
"","","","","乳酪酪酪酪酪酪酪酪酪",1763130934,"老活动打一打"
"","","","","乳酪酪酪酪酪酪酪酪酪",1763130867,"刚玩就ew容易删除大脑（）"
"","","","","乳酪酪酪酪酪酪酪酪酪",1763130790,"乐"
"","","","","乳酪酪酪酪酪酪酪酪酪",1763130788,"了"
"","","","","乳酪酪酪酪酪酪酪酪酪",1763130786,"感觉随机移速那个厉钱不拿应该就过了"
"","","","","乳酪酪酪酪酪酪酪酪酪",1763130659,"弄不好时间上次被大怪一个技能送走了"
"","","","","乳酪酪酪酪酪酪酪酪酪",1763130640,"能稳定进第五层"
"","","","","乳酪酪酪酪酪酪酪酪酪",1763130625,"[热]"
"","","","","乳酪酪酪酪酪酪酪酪酪",1763130622,"我还没过n0"
"","","","","乳酪酪酪酪酪酪酪酪酪",1763130553,"还真别说电弧的泡泡鱼挺好玩的（）"
"","","","","乳酪酪酪酪酪酪酪酪酪",1763130530,"笑死我了我昨天ew+初雪+电弧删除了50关主线"
"","","","","乳酪酪酪酪酪酪酪酪酪",1763130446,"年出过的吧（应该是吧"
"","","","","乳酪酪酪酪酪酪酪酪酪",1763130400,"[热][热][热][热]"
"","","","","鸡汤抄手今天困了喵",1763130067,"居然是这样吗"
"","","","","鸡汤抄手今天困了喵",1763130052,"那真没比我大多少"
"","","","","鸡汤抄手今天困了喵",1763129829,"真得给你看别的妹妹找下对比了"
"","","","","鸡汤抄手今天困了喵",1763129667,"也没有很大啊（"
"","","","","鸡汤抄手今天困了喵",1763129608,"减十公斤你想把我姐姐瘦成人干吗"
"","","","","鸡汤抄手今天困了喵",1763129577,"这个状态不是挺好（）"
"","","","","鸡汤抄手今天困了喵",1763129556,"真的需要减肥吗（）"
"","","","","鸡汤抄手今天困了喵",1763129535,"肉肉这个嫩滑软弹戳一下duangduang的"
"","","","","鸡汤抄手今天困了喵",1763129324,"可以把头发长度分我吗"
"","","","","鸡汤抄手今天困了喵",1763129234,"诺头发送我吧 我要守护最好的诺长发"
"","","","","鸡汤抄手今天困了喵",1763129186,"好像知道"
"","","","","鸡汤抄手今天困了喵",1763129087,"剪下来的送我"
"","","","","鸡汤抄手今天困了喵",1763128907,"对的 超级巨大的backordered了"
"","","","","鸡汤抄手今天困了喵",1763128852,"笑死我了"
"","","","","鸡汤抄手今天困了喵",1763128828,"我感觉拿不到"
"","","","","鸡汤抄手今天困了喵",1763128824,"说是1月12之前发货"
"","","","","鸡汤抄手今天困了喵",1763128816,"我也买了"
"","","","","鸡汤抄手今天困了喵",1763128814,"真的能到吗"
"","","","","鸡汤抄手今天困了喵",1763128732,"自己买了"
"","","","","鸡汤抄手今天困了喵",1763128726,"一拳打飞"
"","","","","鸡汤抄手今天困了喵",1763128707,"20多？"
"","","","","鸡汤抄手今天困了喵",1763128701,"多少？"
"","","","","鸡汤抄手今天困了喵",1763128676,"很难难吃啊"
"","","","","鸡汤抄手今天困了喵",1763128665,"这个组合"
"","","","","鸡汤抄手今天困了喵",1763128465,"要我是摄影我直接找到他家门口给两拳"
"","","","","鸡汤抄手今天困了喵",1763128451,"那不肯定吗"
"","","","","鸡汤抄手今天困了喵",1763128420,"也并非不行"
"","","","","鸡汤抄手今天困了喵",1763128414,"买给我们穿吗"
"","","","","鸡汤抄手今天困了喵",1763128334,"有🦵🏻我可以转投2号"
"","","","","鸡汤抄手今天困了喵",1763128278,"建议买来穿给我看我慢慢品鉴一下"
"","","","","鸡汤抄手今天困了喵",1763128212,"没办法了 假装这是诺🦵🏻吧"
"","","","","鸡汤抄手今天困了喵",1763128157,"草"
"","","","","鸡汤抄手今天困了喵",1763128034,"1"
"","","","","鸡汤抄手今天困了喵",1763127876,"121212121212"
"","","","","鸡汤抄手今天困了喵",1763127820,"小孩衣服"
"","","","","鸡汤抄手今天困了喵",1763127739,"可以托运咯"
"","","","","鸡汤抄手今天困了喵",1763127733,"装进箱子里"
"","","","","鸡汤抄手今天困了喵",1763127724,"所以给姐姐折叠起来"
"","","","","鸡汤抄手今天困了喵",1763127711,"半个人大吗"
"","","","","鸡汤抄手今天困了喵",1763127664,"这叫什么 得不到的就更加爱（）"
"","","","","鸡汤抄手今天困了喵",1763127607,"一拳打飞"
"","","","","鸡汤抄手今天困了喵",1763127589,"那你打回来吧"
"","","","","鸡汤抄手今天困了喵",1763127585,"打多了"
"","","","","鱼糕今天困了喵",1762872397,"补药啊[大哭][大哭][大哭]"
"","","","","鱼糕今天困了喵",1762872351,"呜呜呜哇 都怪鱼糕 鱼糕真的是太坏了"
"","","","","鱼糕今天困了喵",1762872290,"不是诺的话别的妹妹我也没意见"
"","","","","鱼糕今天困了喵",1762872281,"都喜欢 是诺就行"
"","","","","鱼糕今天困了喵",1762872179,"劲呐"
"","","","","鱼糕今天困了喵",1762872135,"能不能四川话骂我一下听听我看看对不对啊"
"","","","","鱼糕今天困了喵",1762871874,"传下去"
"","","","","鱼糕今天困了喵",1762871870,"巧了 我是学野史的"
"","","","","鱼糕今天困了喵",1762871759,"感觉 好远（）"
"","","","","鱼糕今天困了喵",1762871752,"还没滑过 不会（）"
"","","","","鱼糕今天困了喵",1762871699,"哼哼 回来吧你"
"","","","","鱼糕今天困了喵",1762871649,"所以很神秘了"
"","","","","鱼糕今天困了喵",1762871643,"并非润人"
"","","","","鱼糕今天困了喵",1762871566,"可以喵"
"","","","","鱼糕今天困了喵",1762871542,"不熟的不带"
"","","","","鱼糕今天困了喵",1762871538,"不可能的"
"","","","","鱼糕今天困了喵",1762871501,"加航银卡 32kg*3"
"","","","","鱼糕今天困了喵",1762871469,"111鱼糕货运人力搬运96kg"
"","","","","鱼糕今天困了喵",1762871294,"该拍照片了"
"","","","","鱼糕今天困了喵",1762871284,"下雪好啊"
"","","","","鱼糕今天困了喵",1762871243,"-5度"
"","","","","鱼糕今天困了喵",1762871236,"鱼糕从直播间出来 出来喵！哈！"
"","","","","鱼糕今天困了喵",1762871225,"我才是雨诺akari"
"","","","","鱼糕今天困了喵",1762871106,"羡慕小猫咪"
"","","","","鱼糕今天困了喵",1762871091,"乖乖 过来摸摸"
"","","","","鱼糕今天困了喵",1762871082,"诶哟小猫咪"
"","","","","鱼糕今天困了喵",1762870998,"起来干活咯"
"","","","","鱼糕今天困了喵",1762870986,"诺！！晚上好喵！！"
"","","","","鱼糕今天困了喵",1762669590,"诶哟我 这个点播"
"","","","","鱼糕今天困了喵",1762632507,"晚安"
"","","","","鱼糕今天困了喵",1762632449,"别给我诺折腾昏了"
"","","","","鱼糕今天困了喵",1762632432,"诺你眯吧 累的不行晚点发吧"
"","","","","鱼糕今天困了喵",1762632407,"呼————————"
"","","","","鱼糕今天困了喵",1762632321,"诺明天自己看回放吧（）"
"","","","","鱼糕今天困了喵",1762632298,"够日常不"
"","","","","鱼糕今天困了喵",1762632293,"提前写好的剧本"
"","","","","鱼糕今天困了喵",1762632287,"所有账号弹幕都是我在发"
"","","","","鱼糕今天困了喵",1762632281,"这是录播"
"","","","","鱼糕今天困了喵",1762632247,"一个字一个字蹦（乐"
"","","","","鱼糕今天困了喵",1762632097,"就有了"
"","","","","鱼糕今天困了喵",1762632093,"“你 我命令你 给我上个舰长”"
"","","","","鱼糕今天困了喵",1762632081,"你直接指着鱼糕"
"","","","","鱼糕今天困了喵",1762632054,"祝老板永远活着永远不死"
"","","","","鱼糕今天困了喵",1762632037,"老板大气谢谢老板的舰长"
"","","","","鱼糕今天困了喵",1762631934,"你看 这个鱼糕怎么这么好啊"
"","","","","鱼糕今天困了喵",1762631885,"aodudujipa（爽飞版"
"","","","","鱼糕今天困了喵",1762631865,"怎么还有"
"","","","","鱼糕今天困了喵",1762631841,"笑死了"
"","","","","鱼糕今天困了喵",1762631687,"aodudujipa"
"","","","","鱼糕今天困了喵",1762631666,"谁点的这个东西"
"","","","","鱼糕今天困了喵",1762631660,"？"
"","","","","鱼糕今天困了喵",1762631596,"快进到过了困的那个点"
"","","","","鱼糕今天困了喵",1762631434,"补兑"
"","","","","鱼糕今天困了喵",1762631426,"这个啤酒喝的我头晕晕的"
"","","","","鱼糕今天困了喵",1762631366,"最终鬼畜妹S"
"","","","","鱼糕今天困了喵",1762631350,"永远…永远…永远…"
"","","","","鱼糕今天困了喵",1762631318,"我突发奇想啊"
"","","","","鱼糕今天困了喵",1762631269,"鱼糕定制版挂历诺"
"","","","","鱼糕今天困了喵",1762631225,"你怎么知道我的举牌250+了"
"","","","","鱼糕今天困了喵",1762631095,"好熟悉的歌"
"","","","","鱼糕今天困了喵",1762631027,"怎么还有女室友"
"","","","","鱼糕今天困了喵",1762630962,"这个困困诺莫名有点乖巧 怎么回事"
"","","","","鱼糕今天困了喵",1762630928,"这样就不怕湿了"
"","","","","鱼糕今天困了喵",1762630921,"那你变身鲨鱼形态吧"
"","","","","鱼糕今天困了喵",1762630701,"（明明说要看书学习的又喝上了）"
"","","","","鱼糕今天困了喵",1762630686,"为什么yul aspire的现打啤酒没有沫"
"","","","","鱼糕今天困了喵",1762630630,"并非刚刚才有点痴呆"
"","","","","鱼糕今天困了喵",1762630494,"就有理由出门了"
"","","","","鱼糕今天困了喵",1762630490,"这样"
"","","","","鱼糕今天困了喵",1762630488,"你预约个餐厅"
"","","","","鱼糕今天困了喵",1762630478,"这样"
"","","","","鱼糕今天困了喵",1762630416,"我… 我做了错犯… 错误的示范…"
"","","","","鱼糕今天困了喵",1762630369,"对不起对不起对不起对不起[大哭][大哭][大哭][大哭]"
"","","","","鱼糕今天困了喵",1762630360,"十字架可爱捏 我要忏悔"
"","","","","鱼糕今天困了喵",1762630269,"是这样的 我虽然是老登 但是才50级"
"","","","","鱼糕今天困了喵",1762630198,"练度不够就给怪烫死"
"","","","","鱼糕今天困了喵",1762630183,"当时给我玩笑了"
"","","","","鱼糕今天困了喵",1762630159,"致敬传奇4-4不要恐慌0干员调箱师可代理指挥"
"","","","","鱼糕今天困了喵",1762630001,"容易丢失大脑"
"","","","","鱼糕今天困了喵",1762629996,"一上来用超大杯打前面的主线"
"","","","","鱼糕今天困了喵",1762629981,"我想想"
"","","","","鱼糕今天困了喵",1762629975,"蒙特利尔有啥土特产"
"","","","","鱼糕今天困了喵",1762629917,"点歌成功好耶"
"","","","","鱼糕今天困了喵",1762629899,"点歌 少女A"
"","","","","鱼糕今天困了喵",1762621186,"草"
"","","","","鱼糕今天困了喵",1762621165,"没播播就别的妹妹咯"
"","","","","鱼糕今天困了喵",1762621027,"好 我又中了"
"","","","","鱼糕今天困了喵",1762620992,"小贵"
"","","","","鱼糕今天困了喵",1762620914,"好耶"
"","","","","鱼糕今天困了喵",1762620829,"不是芝士就是重盐"
"","","","","鱼糕今天困了喵",1762620812,"芝士调味这一块"
"","","","","鱼糕今天困了喵",1762620777,"我觉得起码是亚洲料理"
"","","","","鱼糕今天困了喵",1762620761,"那有点神秘了"
"","","","","鱼糕今天困了喵",1762620758,"加拿大比你吃得好的话"
"","","","","鱼糕今天困了喵",1762620486,"她拆完拍了两张"
"","","","","鱼糕今天困了喵",1762620478,"不是"
"","","","","鱼糕今天困了喵",1762620438,"那你让她把照片发你看看"
"","","","","鱼糕今天困了喵",1762620419,"毛绒绒的诺🤤"
"","","","","鱼糕今天困了喵",1762620174,"你们都睡 我吃独食"
"","","","","鱼糕今天困了喵",1762620168,"播吧 挺好"
"","","","","鱼糕今天困了喵",1762620070,"二周年快乐！"
"","","","","鱼糕今天困了喵",1762619992,"yu粉只能先饿着了"
"","","","","鱼糕今天困了喵",1762619986,"难"
"","","","","鱼糕今天困了喵",1762619902,"下雪泳装户外😋"
"","","","","鱼糕今天困了喵",1762619850,"莱莎泳装不可能严实的（"
"","","","","鱼糕今天困了喵",1762619808,"天才"
"","","","","鱼糕今天困了喵",1762619794,"诺当如何呢"
"","","","","鱼糕今天困了喵",1762619791,"诶对啊 如果我指定泳装"
"","","","","鱼糕今天困了喵",1762619598,"那我是可爱妹妹……….？"
"","","","","鱼糕今天困了喵",1762619585,"诺是男孩子吗"
"","","","","鱼糕今天困了喵",1762619509,"一秒猜出谁投的"
"","","","","鱼糕今天困了喵",1762619404,"包不吃的"
"","","","","鱼糕今天困了喵",1762619401,"哦对的 还有糖霜蛋糕"
"","","","","鱼糕今天困了喵",1762619389,"反正 我在外面吃饭 沙拉100%一口不动"
"","","","","鱼糕今天困了喵",1762619319,"我天天面包夹面包"
"","","","","鱼糕今天困了喵",1762619302,"我觉得是salad"
"","","","","鱼糕今天困了喵",1762619285,"白人饭"
"","","","","鱼糕今天困了喵",1762619173,"二周年快乐！"
"","","","","鱼糕今天困了喵",1762619013,"huh"
"","","","","鱼糕今天困了喵",1762618893,"我错了"
"","","","","鱼糕今天困了喵",1762618889,"诶不对 我牌子忘换了"
"","","","","鱼糕今天困了喵",1762618851,"补药抢我的后勤位呜呜呜呜哇[大哭]"
"","","","","鱼糕今天困了喵",1762618788,"二周年快乐！"
"","","","","鱼糕今天困了喵",1762618750,"这样sc"
"","","","","鱼糕今天困了喵",1762618746,"好好好好好"
"","","","","鱼糕今天困了喵",1762618652,"zhuzhu"
"","","","","鱼糕今天困了喵",1762618492,"不吃喵 马上去yul了喵"
"","","","","鱼糕今天困了喵",1762618453,"c！早！"
"","","","","鱼糕今天困了喵",1762618232,"心灵伤害只能等cd了 元素伤害可以派蜜莓"
"","","","","鱼糕今天困了喵",1762618178,"好 我中了"
"","","","","鱼糕今天困了喵",1762618039,"报过了"
"","","","","鱼糕今天困了喵",1762617983,"好"
"","","","","鱼糕今天困了喵",1762617982,"99吗"
"","","","","鱼糕今天困了喵",1762617977,"跟谁"
"","","","","鱼糕今天困了喵",1762617548,"二周年快乐！"
"","","","","鱼糕今天困了喵",1762617424,"那我吃"
"","","","","鱼糕今天困了喵",1762617227,"你怎么知道我有年舰"
"","","","","鱼糕今天困了喵",1762616937,"想必没有"
"","","","","鱼糕今天困了喵",1762616879,"帮大忙了😋😋"
"","","","","鱼糕今天困了喵",1762616639,"😨😨😨神了 又爽到你了"
"","","","","鱼糕今天困了喵",1762616599,"🦵🏻！！！"
"","","","","鱼糕今天困了喵",1762616453,"感觉诺需要一个拍立得助手（）"
"","","","","鱼糕今天困了喵",1762616394,"葡萄酒 炫我嘴里"
"","","","","鱼糕今天困了喵",1762616333,"[热][热][热]"
"","","","","鱼糕今天困了喵",1762616328,"是我ginger ale喝多了吗 怎么感觉刚开的这瓶味道不重呢"
"","","","","鱼糕今天困了喵",1762616073,"诶不对 我吗"
"","","","","鱼糕今天困了喵",1762616055,"笑飞了"
"","","","","鱼糕今天困了喵",1762616025,"死盖66号 上钟了"
"","","","","鱼糕今天困了喵",1762614867,"好乖"
"","","","","鱼糕今天困了喵",1762613619,"还要等一个小时"
"","","","","鱼糕今天困了喵",1762613440,"我也羡慕"
"","","","","鱼糕今天困了喵",1762613264,"送我"
"","","","","鱼糕今天困了喵",1762613261,"我去 一盒"
"","","","","鱼糕今天困了喵",1762613012,"最近掉头发好多啊 又掉一爪子"
"","","","","鱼糕今天困了喵",1762610518,"诺之前 安静吗 也没有吧"
"","","","","鱼糕今天困了喵",1762442867,"😨😨😨😨又让你爽到了"
"","","","","鱼糕今天困了喵",1762442308,"人生有梦"
"","","","","鱼糕今天困了喵",1762442252,"诺吸血鬼下次希望嘴下也可以留情一下[大哭][大哭][大哭]"
"","","","","鱼糕今天困了喵",1762442125,"吃点吧诺 再吃一口吧"
"","","","","鱼糕今天困了喵",1762442036,"良性自虐（）"
"","","","","鱼糕今天困了喵",1762441988,"给你一拳哦鲨鱼"
"","","","","鱼糕今天困了喵",1762441919,"所以我也是麦当劳"
"","","","","鱼糕今天困了喵",1762441911,"没有 今天21:30开的"
"","","","","鱼糕今天困了喵",1762441890,"虽然我也喜欢吃辣喵"
"","","","","鱼糕今天困了喵",1762441883,"既然这么说了 那我也可以勉为其难说这是麦当劳的"
"","","","","鱼糕今天困了喵",1762441785,"痛得不行 不要不要"
"","","","","鱼糕今天困了喵",1762441771,"[doge2]non"
"","","","","鱼糕今天困了喵",1762441733,"哇还有麦当劳"
"","","","","鱼糕今天困了喵",1762441718,"[doge2][doge2][doge2]"
"","","","","鱼糕今天困了喵",1762441710,"你怎么知道我看过诺画涂鸦"
"","","","","鱼糕今天困了喵",1762441696,"诺涂鸦好看"
"","","","","鱼糕今天困了喵",1762441524,"没看到喵 建议多发两次喵"
"","","","","鱼糕今天困了喵",1762441449,"这对吗"
"","","","","鱼糕今天困了喵",1762441443,"😨😨😨😨😨😨😨😨😨😨补药啊"
"","","","","鱼糕今天困了喵",1762441373,"鱼糕：痛痛 错了 给你"
"","","","","鱼糕今天困了喵",1762441365,"砍鱼糕一刀"
"","","","","鱼糕今天困了喵",1762441316,"剩下0.1要砍一刀"
"","","","","鱼糕今天困了喵",1762441308,"一张只能给0.9原石"
"","","","","鱼糕今天困了喵",1762441299,"那不行 源头工厂是要被中间商欺负的"
"","","","","鱼糕今天困了喵",1762441250,"停车桩子真神了"
"","","","","鱼糕今天困了喵",1762441211,"兜售诺小卡诺海报诺亲签999999999原石一张"
"","","","","鱼糕今天困了喵",1762441143,"会看到的"
"","","","","鱼糕今天困了喵",1762441140,"没事 诺有图"
"","","","","鱼糕今天困了喵",1762441120,"ztmy我都是 私藏的"
"","","","","鱼糕今天困了喵",1762441115,"那不对喵"
"","","","","鱼糕今天困了喵",1762441107,"真知道了吗"
"","","","","鱼糕今天困了喵",1762440929,"剩下的全1级"
"","","","","鱼糕今天困了喵",1762440920,"我现在的阵容属于 主线归主线 xp归xp"
"","","","","鱼糕今天困了喵",1762440831,"连盾奶都不带了"
"","","","","鱼糕今天困了喵",1762440819,"无敌了 他在那边直接开喷"
"","","","","鱼糕今天困了喵",1762440745,"同学把维什戴尔借我了 主线打的我大脑褶皱都抚平了"
"","","","","鱼糕今天困了喵",1762440725,"回归礼这一块"
"","","","","鱼糕今天困了喵",1762440715,"我现在抽了 140抽了"
"","","","","鱼糕今天困了喵",1762440561,"有的 顺过来 然后再丢回去"
"","","","","鱼糕今天困了喵",1762440413,"烤罗姆鸡腿（）"
"","","","","鱼糕今天困了喵",1762440293,"后来考到前20才还我"
"","","","","鱼糕今天困了喵",1762440279,"给我换成了诺基亚"
"","","","","鱼糕今天困了喵",1762440273,"小学的时候 我手机被收过"
"","","","","鱼糕今天困了喵",1762440192,"妈妈！！！！！你看她！！！！！！"
"","","","","鱼糕今天困了喵",1762440106,"因为我花的自己的米"
"","","","","鱼糕今天困了喵",1762440093,"只不过后面变成懒得剪了"
"","","","","鱼糕今天困了喵",1762440078,"我当时确实在学剪视频"
"","","","","鱼糕今天困了喵",1762440034,"现在游戏市时长6000+了"
"","","","","鱼糕今天困了喵",1762440021,"我当时买显卡理由是我要剪视频"
"","","","","鱼糕今天困了喵",1762440010,"哇这也是好古老的理由"
"","","","","鱼糕今天困了喵",1762439828,"+853续费太麻烦 只让我用点卡 好古老的东西"
"","","","","鱼糕今天困了喵",1762439659,"我有个同学号被封了 一年之后变成别人的了"
"","","","","鱼糕今天困了喵",1762439647,"会的"
"","","","","鱼糕今天困了喵",1762439585,"现在是第三个号（）"
"","","","","鱼糕今天困了喵",1762439569,"没活动收回了吧"
"","","","","鱼糕今天困了喵",1762439126,"还真有比我小的啊"
"","","","","鱼糕今天困了喵",1762438298,"《妈！！！！！！！！妈妈妈妈！！！！！！！！！》"
"","","","","鱼糕今天困了喵",1762437980,"不敢笑 我真是打舞萌开始听东方的"
"","","","","鱼糕今天困了喵",1762437956,"舞萌dx"
"","","","","鱼糕今天困了喵",1762437935,"往好处想 印度tr同比少了很多"
"","","","","鱼糕今天困了喵",1762358816,"早喵cc"
"","","","","鱼糕今天困了喵",1762352733,"润了 考试"
"","","","","鱼糕今天困了喵",1762352605,"我想拿她过剿灭"
"","","","","鱼糕今天困了喵",1762352303,"？？"
"","","","","鱼糕今天困了喵",1762352299,"？"
"","","","","鱼糕今天困了喵",1762352157,"明年趁着没下雪考个M牌去"
"","","","","鱼糕今天困了喵",1762352141,"下雪坏 不能骑车了"
"","","","","鱼糕今天困了喵",1762352134,"下雪好 拍照片"
"","","","","鱼糕今天困了喵",1762352025,"对的 我桌面有个航班倒计时"
"","","","","鱼糕今天困了喵",1762351986,"感觉回去主要是拿相机镜头的"
"","","","","鱼糕今天困了喵",1762351955,"现在手上有二十多张"
"","","","","鱼糕今天困了喵",1762351947,"我把一直到明年8月的票都买了"
"","","","","鱼糕今天困了喵",1762351923,"111我也想拍雪景"
"","","","","鱼糕今天困了喵",1762351911,"草"
"","","","","鱼糕今天困了喵",1762351852,"没事 诺 往好处想 我十二月只能回去两周"
"","","","","鱼糕今天困了喵",1762351815,"影响我看你直播了"
"","","","","鱼糕今天困了喵",1762351809,"你前面那个人类是谁"
"","","","","鱼糕今天困了喵",1762351426,"你怎么知道我抽过收藏集"
"","","","","鱼糕今天困了喵",1762351275,"直播开眯"
"","","","","鱼糕今天困了喵",1762351259,"困就睡觉"
"","","","","鱼糕今天困了喵",1762351189,"哈欠🥱"
"","","","","鱼糕今天困了喵",1762351116,"巧了嘛这不 我也喜欢"
"","","","","鱼糕今天困了喵",1762351056,"我直播game game"
"","","","","鱼糕今天困了喵",1762351047,"睡吧 我代播"
"","","","","鱼糕今天困了喵",1762350993,"给我拔一撮头发也行"
"","","","","鱼糕今天困了喵",1762350892,"我7.起的"
"","","","","鱼糕今天困了喵",1762350885,"10."
"","","","","鱼糕今天困了喵",1762350850,"忍不住喵"
"","","","","鱼糕今天困了喵",1762350847,"本来说黑听的"
"","","","","鱼糕今天困了喵",1762350843,"没办法 诺直播太好看了"
"","","","","鱼糕今天困了喵",1762350734,"所以这次要24小时了吗"
"","","","","鱼糕今天困了喵",1762350673,"上次我就看到1点"
"","","","","鱼糕今天困了喵",1762350663,"可恶 又被比下去了"
"","","","","鱼糕今天困了喵",1762350621,"鲤鱼活动不少的"
"","","","","鱼糕今天困了喵",1762350560,"哦？还有鲤鱼"
"","","","","鱼糕今天困了喵",1762350490,"我吃个早饭午饭晚饭"
"","","","","鱼糕今天困了喵",1762350482,"播到第二天吧"
"","","","","鱼糕今天困了喵",1762350364,"妈妈妈妈妈妈！！！！！！！！！"
"","","","","鱼糕今天困了喵",1762350349,"妈妈！"
"","","","","鱼糕今天困了喵",1762350346,"妈！"
"","","","","鱼糕今天困了喵",1762350287,"对的 这是鱼糕小时候"
"","","","","鱼糕今天困了喵",1762350031,"甚至可以凑九图"
"","","","","鱼糕今天困了喵",1762350024,"就比123456789"
"","","","","鱼糕今天困了喵",1762350017,"这样 你下次不知道比什么"
"","","","","鱼糕今天困了喵",1762349922,"✌️😃✌️"
"","","","","鱼糕今天困了喵",1762349904,"✌️😗✌️"
"","","","","鱼糕今天困了喵",1762349870,"确实小孩（）"
"","","","","鱼糕今天困了喵",1762349813,"我回去大家看我的反应都是这个发型很神秘"
"","","","","鱼糕今天困了喵",1762349797,"我这个剧本怎么不一样"
"","","","","鱼糕今天困了喵",1762349700,"这是同一个人吗（）"
"","","","","鱼糕今天困了喵",1762349661,"给我一个复习的干醒了"
"","","","","鱼糕今天困了喵",1762349636,"我真求你了"
"","","","","鱼糕今天困了喵",1762349625,"bro wut"
"","","","","鱼糕今天困了喵",1762349616,"？"
"","","","","鱼糕今天困了喵",1762349540,"骗你的 线下也给你两拳"
"","","","","鱼糕今天困了喵",1762349319,"我相信诺会有招的"
"","","","","鱼糕今天困了喵",1762349309,"没事"
"","","","","鱼糕今天困了喵",1762271726,"晚上好喵"
"","","","","鱼糕今天困了喵",1762268123,"骗你的 现在日本也好多印度人"
"","","","","鱼糕今天困了喵",1762268004,"太正确了"
"","","","","鱼糕今天困了喵",1762267998,"笑死了那集我刷到了"
"","","","","鱼糕今天困了喵",1762267988,"？我求你了（）"
"","","","","鱼糕今天困了喵",1762267976,"然后把诺抓住炖了"
"","","","","鱼糕今天困了喵",1762267968,"回到我们美丽的加拿大"
"","","","","鱼糕今天困了喵",1762267963,"回来吧"
"","","","","鱼糕今天困了喵",1762267927,"我不是很想动"
"","","","","鱼糕今天困了喵",1762267920,"主要 每次去来回都得5个小时"
"","","","","鱼糕今天困了喵",1762267911,"我标记了"
"","","","","鱼糕今天困了喵",1762267906,"还没有"
"","","","","鱼糕今天困了喵",1762267894,"诺这个会吃"
"","","","","鱼糕今天困了喵",1762267882,"好吃"
"","","","","鱼糕今天困了喵",1762267769,"下播发我吧 我再刷两关"
"","","","","鱼糕今天困了喵",1762267619,"我把回坑任务全做了"
"","","","","鱼糕今天困了喵",1762267611,"对"
"","","","","鱼糕今天困了喵",1762267580,"甚至雪猎满潜了"
"","","","","鱼糕今天困了喵",1762267508,"我初雪呢"
"","","","","鱼糕今天困了喵",1762267503,"我的初雪呢"
"","","","","鱼糕今天困了喵",1762267498,"60抽出了第二个银灰"
"","","","","鱼糕今天困了喵",1762267490,"我服了"
"","","","","鱼糕今天困了喵",1762267413,"你的提督鱼糕给了你一拳 快去打回去吧"
"","","","","鱼糕今天困了喵",1762267222,"看看诺猫"
"","","","","鱼糕今天困了喵",1762267123,"你知道的 我一直是🦵🏻酱粉"
"","","","","鱼糕今天困了喵",1762266454,"把我变成82级诺球球就可以提取了"
"","","","","鱼糕今天困了喵",1762266245,"懂了 再去刷几关把另一个也抽了"
"","","","","鱼糕今天困了喵",1762266174,"不排除是保底了"
"","","","","鱼糕今天困了喵",1762266164,"30抽出的"
"","","","","鱼糕今天困了喵",1762266048,"（虽然我想要另一个六星"
"","","","","鱼糕今天困了喵",1762266026,"你怎么知道我昨天出了银灰"
"","","","","鱼糕今天困了喵",1762265609,"你怎么知道我那天去银记吃了两碟肠粉一碗猪杂粥一份豉汁排骨一份干蒸牛肉外带一杯饮料"
"","","","","鱼糕今天困了喵",1762265518,"老板糊涂啊"
"","","","","鱼糕今天困了喵",1762265350,"长大之后有小肚可以多吃两碟（）"
"","","","","鱼糕今天困了喵",1762264602,"就是我聊天背景那一套"
"","","","","鱼糕今天困了喵",1762264557,"111原皮那一套"
"","","","","鱼糕今天困了喵",1762263600,"呼——————"
"","","","","鱼糕今天困了喵",1762263523,"满足你"
"","","","","鱼糕今天困了喵",1762263521,"诶 狐宝牌牌"
"","","","","鱼糕今天困了喵",1762263431,"诺香柠檬蛋糕可以吗"
"","","","","鱼糕今天困了喵",1762263102,"AAA提取诺淀粉酶余量预购"
"","","","","鱼糕今天困了喵",1762263015,"[大哭][大哭][大哭][大哭][大哭]"
"","","","","鱼糕今天困了喵",1762262932,"小批量定制限时限量快来加入吧"
"","","","","鱼糕今天困了喵",1762262919,"AAA团购提前预定诺牌口嚼酒"
"","","","","鱼糕今天困了喵",1762262879,"你别管 好喝就行"
"","","","","鱼糕今天困了喵",1762262852,"AAA兜售诺牌葡萄酒"
"","","","","鱼糕今天困了喵",1762262582,"要不是我用的eduroam 哼哼"
"","","","","鱼糕今天困了喵",1762262533,"想必有这么几个一直在购物车蹲着（）"
"","","","","鱼糕今天困了喵",1762262516,"意外在哪里（）"
"","","","","鱼糕今天困了喵",1762229594,"五星好评喵"
"","","","","鱼糕今天困了喵",1762229587,"诶哟 好吃喵"
"","","","","鱼糕今天困了喵",1762144191,"中午好喵"
"","","","","鱼糕今天困了喵",1762106107,"差不多吧"
"","","","","鱼糕今天困了喵",1762106090,"反正80分拿A"
"","","","","鱼糕今天困了喵",1762106063,"5号"
"","","","","鱼糕今天困了喵",1762105864,"辅修"
"","","","","鱼糕今天困了喵",1762105843,"我主修是不考试的"
"","","","","鱼糕今天困了喵",1762105833,"经济屁事多"
"","","","","鱼糕今天困了喵",1762105829,"包正式的"
"","","","","鱼糕今天困了喵",1762105818,"第二个期中"
"","","","","鱼糕今天困了喵",1762105473,"午睡大概率是没有的"
"","","","","鱼糕今天困了喵",1762105454,"考完再说吧"
"","","","","鱼糕今天困了喵",1762105449,"周三考试了（）"
"","","","","鱼糕今天困了喵",1762105429,"我中午12:43 复习呢"
"","","","","鱼糕今天困了喵",1762105373,"晚上好喵"
"","","","","鱼糕今天困了喵",1762102276,"28或者29吧"
"","","","","鱼糕今天困了喵",1762102251,"我也走了 干活去了"
"","","","","鱼糕今天困了喵",1762101932,"所以算了"
"","","","","鱼糕今天困了喵",1762101925,"关键它都是香肠华夫饼"
"","","","","鱼糕今天困了喵",1762101890,"不想吃"
"","","","","鱼糕今天困了喵",1762101888,"周末学校食堂午饭和早饭内容是一样的"
"","","","","鱼糕今天困了喵",1762101862,"下次多灌一杯热水再加面饼吧"
"","","","","鱼糕今天困了喵",1762101826,"水加少了 泡面成干脆面了"
"","","","","鱼糕今天困了喵",1762101033,"神了"
"","","","","鱼糕今天困了喵",1762100960,"超管给我封了一天"
"","","","","鱼糕今天困了喵",1762100943,"bro 我上次说自己是未成年"
"","","","","鱼糕今天困了喵",1762100463,"饿了 午饭"
"","","","","鱼糕今天困了喵",1762100340,"没招了"
"","","","","鱼糕今天困了喵",1762100277,"？"
"","","","","鱼糕今天困了喵",1762100144,"概率这个东西 要多验证验证"
"","","","","鱼糕今天困了喵",1762100136,"那多刷点试试"
"","","","","鱼糕今天困了喵",1762100124,"乐"
"","","","","鱼糕今天困了喵",1762100086,"400"
"","","","","鱼糕今天困了喵",1762100050,"爆率这么高吗"
"","","","","鱼糕今天困了喵",1762089131,"对的 催更"
"","","","","鱼糕今天困了喵",1762089093,"明天没有"
"","","","","鱼糕今天困了喵",1762089069,"休息好了再回来看[热]"
"","","","","鱼糕今天困了喵",1762089048,"看别的妹妹去咯"
"","","","","鱼糕今天困了喵",1762088970,"坏了 让lmj爽到了"
"","","","","鱼糕今天困了喵",1762088885,"西瓜霜 喷两下"
"","","","","鱼糕今天困了喵",1762088861,"这个肯定比口腔溃疡痛"
"","","","","鱼糕今天困了喵",1762088848,"（到底在奖励谁"
"","","","","鱼糕今天困了喵",1762088842,"想聊天吗 奖励跟我q打字聊"
"","","","","鱼糕今天困了喵",1762088797,"我之前拔智齿的时候也是不想说话不想动"
"","","","","鱼糕今天困了喵",1762088783,"播完早点休息吧"
"","","","","鱼糕今天困了喵",1762088735,"行"
"","","","","鱼糕今天困了喵",1762088724,"bur我寻思不是8.吗"
"","","","","鱼糕今天困了喵",1762088698,"怎么就播了40分钟了"
"","","","","鱼糕今天困了喵",1762088658,"晚上好小诺"
"","","","","鱼糕今天困了喵",1762043385,"妈妈妈妈妈妈"
"","","","","鱼糕今天困了喵",1761977024,"没绷住"
"","","","","鱼糕今天困了喵",1761976994,"诺脸无奈.jpg"
"","","","","鱼糕今天困了喵",1761976983,"草 这个表情"
"","","","","鱼糕今天困了喵",1761976927,"我挂着看会儿 困了就直接眯了"
"","","","","鱼糕今天困了喵",1761976887,"我刚到宿舍 坐的末班车"
"","","","","鱼糕今天困了喵",1761976866,"下午好喵"
"","","","","鱼糕今天困了喵",1761976863,"诺"
"","","","","鱼糕今天困了喵",1761921840,"当初只是看到了可爱妹妹打黑猴"
"","","","","鱼糕今天困了喵",1761921826,"我就是点了个bilibili链接一个月偷偷扣费好多好多加币[热]"
"","","","","鱼糕今天困了喵",1761921763,"妈妈妈妈妈妈妈妈"
"","","","","鱼糕今天困了喵",1761921730,"没意思"
"","","","","鱼糕今天困了喵",1761921725,"鬼图太烂了"
"","","","","鱼糕今天困了喵",1761921100,"摸到union了 网络稳定了好耶"
"","","","","鱼糕今天困了喵",1761920943,"好吃喵"
"","","","","鱼糕今天困了喵",1761920937,"新相机是赚的钱买的喵"
"","","","","鱼糕今天困了喵",1761920923,"会的喵 卖二手相机赚米喵"
"","","","","鱼糕今天困了喵",1761920842,"我是学生 送我"
"","","","","鱼糕今天困了喵",1761920746,"要掏我的酒柜被我狠狠拦下了"
"","","","","鱼糕今天困了喵",1761920724,"她饿不行了 给我饭都吃了"
"","","","","鱼糕今天困了喵",1761920660,"我家猫粮都被乳酪吃完了"
"","","","","鱼糕今天困了喵",1761920653,"速速来人领走"
"","","","","鱼糕今天困了喵",1761920546,"羡慕椅子独享交流机会喵"
"","","","","鱼糕今天困了喵",1761920500,"羡慕椅子"
"","","","","鱼糕今天困了喵",1761920368,"椅子小姐！！！"
"","","","","鱼糕今天困了喵",1761920310,"bgm好耶"
"","","","","鱼糕今天困了喵",1761920050,"盖 你知道吗 我真有合照[dog]"
"","","","","鱼糕今天困了喵",1761920012,"其实我被诺塞行李箱里面了"
"","","","","鱼糕今天困了喵",1761919958,"知道为什么没有下半身吗 因为要把我截掉"
"","","","","鱼糕今天困了喵",1761919922,"xswl"
"","","","","鱼糕今天困了喵",1761919918,"草"
"","","","","鱼糕今天困了喵",1761919827,"棚拍光还是太好了"
"","","","","鱼糕今天困了喵",1761919763,"诺我可以预约图包吗（）"
"","","","","鱼糕今天困了喵",1761919744,"送我"
"","","","","鱼糕今天困了喵",1761919741,"诶哟我 好看好看好看"
"","","","","鱼糕今天困了喵",1761919614,"我服了"
"","","","","鱼糕今天困了喵",1761919557,"哎哎哎这不兴碾碎啊"
"","","","","鱼糕今天困了喵",1761919540,"那不一样 提督是自愿上班的"
"","","","","鱼糕今天困了喵",1761919357,"小时候吃诺米长大的"
"","","","","鱼糕今天困了喵",1761919296,"右眼用来看播播间"
"","","","","鱼糕今天困了喵",1761919177,"看别的妹妹去咯"
"","","","","鱼糕今天困了喵",1761919008,"我是anti"
"","","","","鱼糕今天困了喵",1761919002,"诺喊我起立我就坐下 诺喊我坐下我就站着"
"","","","","鱼糕今天困了喵",1761918950,"我给自己开了两回了"
"","","","","鱼糕今天困了喵",1761918943,"诺不是有我地址嘛[热][热]"
"","","","","鱼糕今天困了喵",1761918891,"快 诺躲到我家来 我家安全"
"","","","","鱼糕今天困了喵",1761918824,"[热]"
"","","","","鱼糕今天困了喵",1761918818,"并非软趴趴 可以是脆的"
"","","","","鱼糕今天困了喵",1761918784,"我们是一个 包容的城市 人捧人糕啊（）"
"","","","","鱼糕今天困了喵",1761918768,"就是 油条裹上诺米饭 然后可以做闲的可以做甜的 也可以小油条也可以老油条"
"","","","","鱼糕今天困了喵",1761918694,"那我只能守护最好的诺了"
"","","","","鱼糕今天困了喵",1761918688,"诺血这种事情不要啊"
"","","","","鱼糕今天困了喵",1761918662,"蒸饭包油条 烤鸭盐水鸭板鸭"
"","","","","鱼糕今天困了喵",1761918599,"难说 我已经可以想象到全直播间喊妈妈了"
"","","","","鱼糕今天困了喵",1761918580,"南京好啊 南京有鱼糕（（（"
"","","","","鱼糕今天困了喵",1761918525,"趁机了解诺小学黑历史（）"
"","","","","鱼糕今天困了喵",1761918506,"对的"
"","","","","鱼糕今天困了喵",1761918502,"妈妈回就是诺喊妈妈来播播"
"","","","","鱼糕今天困了喵",1761918386,"那很瘦了"
"","","","","鱼糕今天困了喵",1761918246,"也没有特别小一只 大概是有一点点小只（）"
"","","","","鱼糕今天困了喵",1761918109,"诺好小一只感觉可以一只手抓起来（）"
"","","","","鱼糕今天困了喵",1761918064,"八尺大人吗 那我要超绝不经意路过小巷子了"
"","","","","鱼糕今天困了喵",1761917990,"麦当劳吗（）"
"","","","","鱼糕今天困了喵",1761917979,"好涩吗 涩在哪里"
"","","","","鱼糕今天困了喵",1761917940,"下次继续哈气"
"","","","","鱼糕今天困了喵",1761917935,"还敢"
"","","","","鱼糕今天困了喵",1761917509,"播播间online cos也是cos"
"","","","","鱼糕今天困了喵",1761917496,"鱼糕南瓜太符合人设了"
"","","","","鱼糕今天困了喵",1761917397,"啧啧 我要想个办法留在这边几个月"
"","","","","鱼糕今天困了喵",1761917379,"圣诞我又不在加拿大"
"","","","","鱼糕今天困了喵",1761917366,"圣诞吗"
"","","","","鱼糕今天困了喵",1761917328,"（）"
"","","","","鱼糕今天困了喵",1761917324,"太ooc了 坏大米洗澡"
"","","","","鱼糕今天困了喵",1761917318,"大米洗澡怎么不说日语啊"
"","","","","鱼糕今天困了喵",1761917285,"初音未来不说日语ooc了"
"","","","","鱼糕今天困了喵",1761917245,"诺说要蓝色的麻袋"
"","","","","鱼糕今天困了喵",1761917239,"不能买 可以绑 可以捆 收到"
"","","","","鱼糕今天困了喵",1761917196,"😨😨😨666存钱罐"
"","","","","鱼糕今天困了喵",1761917105,"等下 这边有没有比我小的（）"
"","","","","鱼糕今天困了喵",1761917077,"挂的好 我看这个诺直播就得看啊[花]"
"","","","","鱼糕今天困了喵",1761917009,"b站这个广告跟瞬发地雷一样我动一下就启动京东了"
"","","","","鱼糕今天困了喵",1761916991,"软件开屏广告（）"
"","","","","鱼糕今天困了喵",1761916935,"你知道的我一直都是99p"
"","","","","鱼糕今天困了喵",1761916847,"晚上好1866"
"","","","","鱼糕今天困了喵",1761575220,"好的喵"
"","","","","鱼糕今天困了喵",1761575194,"走了喵 上课去了喵"
"","","","","鱼糕今天困了喵",1761575082,"对吗这"
"","","","","鱼糕今天困了喵",1761574742,"据说难到平均分40"
"","","","","鱼糕今天困了喵",1761574657,"这个真有用"
"","","","","鱼糕今天困了喵",1761574645,"那你带一本现代汉语走"
"","","","","鱼糕今天困了喵",1761574584,"好难猜啊"
"","","","","鱼糕今天困了喵",1761574549,"很难评 那我还得再留点"
"","","","","鱼糕今天困了喵",1761574483,"求头发服贴教程"
"","","","","鱼糕今天困了喵",1761574354,"あけくりほやほべん"
"","","","","鱼糕今天困了喵",1761573975,"单核这一块"
"","","","","鱼糕今天困了喵",1761573855,"然后q敲我"
"","","","","鱼糕今天困了喵",1761573849,"没事 你慢慢算"
"","","","","鱼糕今天困了喵",1761573805,"你要不确定 我可以等你回来"
"","","","","鱼糕今天困了喵",1761573696,"c 困困 眯眯"
"","","","","鱼糕今天困了喵",1761573634,"至于为什么0元 纯瘾大"
"","","","","鱼糕今天困了喵",1761573567,"111摄影0元拍照片包修图后期"
"","","","","鱼糕今天困了喵",1761573533,"不坐国内线飞机解决100%问题（）"
"","","","","鱼糕今天困了喵",1761573508,"歌单品味这个好"
"","","","","鱼糕今天困了喵",1761573496,"豪听"
"","","","","鱼糕今天困了喵",1761573434,"要24小时诺"
"","","","","鱼糕今天困了喵",1761573352,"我可以校服cos学生"
"","","","","鱼糕今天困了喵",1761573345,"鸭志田吗"
"","","","","鱼糕今天困了喵",1761573289,"催更泳装"
"","","","","鱼糕今天困了喵",1761573181,"那不知道 建议线下多让我看看我确认一下"
"","","","","鱼糕今天困了喵",1761573146,"那很痛了"
"","","","","鱼糕今天困了喵",1761573144,"一拳锤到了拔牙的那边"
"","","","","鱼糕今天困了喵",1761573135,"马上快进到诺锤错脸了"
"","","","","鱼糕今天困了喵",1761573059,"周日的诺：guruguru呜噜呜噜呜"
"","","","","鱼糕今天困了喵",1761572979,"坏在哪里"
"","","","","鱼糕今天困了喵",1761572908,"催更festm vlog"
"","","","","鱼糕今天困了喵",1761572712,"我服了"
"","","","","鱼糕今天困了喵",1761572623,"那多播播[傲娇]"
"","","","","鱼糕今天困了喵",1761572248,"粤语歌好耶"
"","","","","鱼糕今天困了喵",1761571999,"好可爱wwwwww"
"","","","","鱼糕今天困了喵",1761571993,"诺瞬间变小孩了wwwww"
"","","","","鱼糕今天困了喵",1761571962,"洗香香[doge2]"
"","","","","鱼糕今天困了喵",1761571953,"在现场 我是那只螃蟹"
"","","","","鱼糕今天困了喵",1761400747,"建议偷偷跟我讲"
"","","","","鱼糕今天困了喵",1761400738,"哎呀我好急"
"","","","","鱼糕今天困了喵",1761400725,"坏盖👿"
"","","","","鱼糕今天困了喵",1761400643,"那我看回放"
"","","","","鱼糕今天困了喵",1761400635,"[热][热][热][热][热]？"
"","","","","鱼糕今天困了喵",1761399532,"😡😡😡😡😡😡😡😡😡😡急急急急"
"","","","","鱼糕今天困了喵",1761399427,"我求你9.[可怜]"
"","","","","鱼糕今天困了喵",1761399388,"那冷宫很拥挤了"
"","","","","鱼糕今天困了喵",1761399368,"[热][热][热][热][热]是这个hp啊"
"","","","","鱼糕今天困了喵",1761398839,"66666那真没招了"
"","","","","鱼糕今天困了喵",1761398692,"反正超了"
"","","","","鱼糕今天困了喵",1761398687,"他年度限额好像是2w还是多少"
"","","","","鱼糕今天困了喵",1761398642,"知道喵 只是付不出去喵"
"","","","","鱼糕今天困了喵",1761398602,"这个是 hk fps剩下的一毛两毛"
"","","","","鱼糕今天困了喵",1761397906,"呜呜呜呜呜哇[大哭]"
"","","","","鱼糕今天困了喵",1761397837,"我当时就 哇 那必须得买一下"
"","","","","鱼糕今天困了喵",1761397826,"然后他很便宜 还是翻译过的"
"","","","","鱼糕今天困了喵",1761397817,"那个天桥下面 就 有人卖漫画书你知道吗"
"","","","","鱼糕今天困了喵",1761397769,"买漫画书（警觉"
"","","","","鱼糕今天困了喵",1761397237,"不认识"
"","","","","鱼糕今天困了喵",1761396298,"广东双马尾咯"
"","","","","鱼糕今天困了喵",1761396244,"*打开来 鲨鱼跳了出来"
"","","","","鱼糕今天困了喵",1761396235,"呀 好大的快递 猜猜是哪位舰长"
"","","","","鱼糕今天困了喵",1761396198,"可以回的 怎么回的你别问（）"
"","","","","鱼糕今天困了喵",1761396178,"加拿大没有再入国"
"","","","","鱼糕今天困了喵",1761396172,"不用"
"","","","","鱼糕今天困了喵",1761396138,"不是 有正餐就没有鸡肉包了应该是"
"","","","","鱼糕今天困了喵",1761396107,"cbsa效率没这么高"
"","","","","鱼糕今天困了喵",1761396086,"港航非正餐有个鸡肉包挺好吃的"
"","","","","鱼糕今天困了喵",1761396062,"猜到了"
"","","","","鱼糕今天困了喵",1761396023,"这是哪个航司的饭"
"","","","","鱼糕今天困了喵",1761395443,"我举报 诺欺负我"
"","","","","鱼糕今天困了喵",1761395301,"太尬了 我甚至想让他们去掉航前问候环节"
"","","","","鱼糕今天困了喵",1761395274,"我没有"
"","","","","鱼糕今天困了喵",1761395231,"然后就会被1对多单独照顾[dog]"
"","","","","鱼糕今天困了喵",1761395217,"小朋友一个人坐飞机可以买无陪儿童服务"
"","","","","鱼糕今天困了喵",1761394867,"🦵🏻…….."
"","","","","鱼糕今天困了喵",1761394833,"不认识了喵"
"","","","","鱼糕今天困了喵",1761394824,"怎么这么可爱"
"","","","","鱼糕今天困了喵",1761394387,"没那么好抢"
"","","","","鱼糕今天困了喵",1761394253,"🦵🏻！！！！！！！！！"
"","","","","鱼糕今天困了喵",1761394164,"bur我总不能emt吧"
"","","","","鱼糕今天困了喵",1761394151,"俩软件外卡支付上限都满了"
"","","","","鱼糕今天困了喵",1761394135,"我没招了 但我提要到期了"
"","","","","鱼糕今天困了喵",1761394106,"我拿ios充你不会打我吧[热]"
"","","","","鱼糕今天困了喵",1761393950,"卡住了[大哭][大哭][大哭]"
"","","","","鱼糕今天困了喵",1761393933,"我服了 年度外卡支付上限满了"
"","","","","鱼糕今天困了喵",1761358557,"弹幕都不念了喵"
"","","","","鱼糕今天困了喵",1761358549,"哎 大主包了喵"
"","","","","鱼糕今天困了喵",1761358511,"妈妈妈妈"
"","","","","鱼糕今天困了喵",1761326854,"那你有这个时长 玩什么都会成功的"
"","","","","鱼糕今天困了喵",1761326841,"？？？😨"
"","","","","鱼糕今天困了喵",1761326779,"那如果我说我总游戏时长6000+小时了呢（"
"","","","","鱼糕今天困了喵",1761326669,"想不菜那也是 多打打出来的（）"
"","","","","鱼糕今天困了喵",1761326591,"毕业早呢 28/29吧"
"","","","","鱼糕今天困了喵",1761326577,"1月头又走了"
"","","","","鱼糕今天困了喵",1761326571,"我12月中下才回"
"","","","","鱼糕今天困了喵",1761326466,"晚上好"
"","","","","鱼糕今天困了喵",1761189112,"恭迎太奶奶回到家族"
"","","","","鱼糕今天困了喵",1761189106,"恭迎太奶奶回到家族"
"","","","","鱼糕今天困了喵",1761189083,"奶奶奶奶"
"","","","","鱼糕今天困了喵",1761189080,"奶奶"
"","","","","鱼糕今天困了喵",1761189038,"妈妈妈妈"
"","","","","鱼糕今天困了喵",1761189033,"妈妈"
"","","","","鱼糕今天困了喵",1761055927,"我家小猫也胖胖的 走路duangduang的"
"","","","","鱼糕今天困了喵",1761008731,"哇还有练枪"
"","","","","鱼糕今天困了喵",1760896768,"前两次我从浏览器进的开的小号看不到我（）"
"","","","","鱼糕今天困了喵",1760896733,"我有的时候会偷偷进来"
"","","","","鱼糕今天困了喵",1760882742,"诺小只一路平安喵"
"","","","","鱼糕今天困了喵",1760882619,"国航深航经典炖牛肉也还行"
"","","","","鱼糕今天困了喵",1760882544,"可以 有多的会给"
"","","","","鱼糕今天困了喵",1760882265,"我已经可以15个小时控制喝水量完全不离开座位了[热]"
"","","","","鱼糕今天困了喵",1760882223,"有的时候小孩太小了你还没脾气"
"","","","","鱼糕今天困了喵",1760882201,"最没辙的是小孩开始哭 然后禁忌的多重奏"
"","","","","鱼糕今天困了喵",1760882169,"凑个整"
"","","","","鱼糕今天困了喵",1760882093,"草 回家"
"","","","","鱼糕今天困了喵",1760881982,"老bug了"
"","","","","鱼糕今天困了喵",1760881978,"你网卡了就会发两条"
"","","","","鱼糕今天困了喵",1760881967,"n哥印度哥还好 小孩哥我是真受不了"
"","","","","鱼糕今天困了喵",1760881952,"我也支持"
"","","","","鱼糕今天困了喵",1760881904,"机站 飞机站"
"","","","","鱼糕今天困了喵",1760881762,"不太可能认不出来"
"","","","","鱼糕今天困了喵",1760881724,"两台相机你都见过了（）"
"","","","","鱼糕今天困了喵",1760881686,"我上次包里面 电脑ipad 两台相机"
"","","","","鱼糕今天困了喵",1760881555,"20-30"
"","","","","鱼糕今天困了喵",1760881338,"🍬[大哭]"
"","","","","鱼糕今天困了喵",1760881157,"不喜欢吗[大哭][大哭][大哭][大哭] 那只能看别的妹妹去了[大哭][大哭]"
"","","","","鱼糕今天困了喵",1760880934,"哎哟我"
"","","","","鱼糕今天困了喵",1760880862,"腼腆是不可能的"
"","","","","鱼糕今天困了喵",1760880854,"骗你的 线下也直接拳击舰长"
"","","","","鱼糕今天困了喵",1760880748,"感觉能解决大部分问题"
"","","","","鱼糕今天困了喵",1760880738,"刷卡 微信 转数快"
"","","","","鱼糕今天困了喵",1760718169,"你眼睛没花"
"","","","","鱼糕今天困了喵",1760717671,"我这边现在 0-10度"
"","","","","鱼糕今天困了喵",1760717293,"后面198是我的"
"","","","","鱼糕今天困了喵",1760717226,"今天可以有to签吗（）"
"","","","","鱼糕今天困了喵",1760712013,"很神秘了 我去看一会儿"
"","","","","鱼糕今天困了喵",1760712001,"诶对啊今天99在播"
"","","","","鱼糕今天困了喵",1760711958,"99好像要播的"
"","","","","鱼糕今天困了喵",1760711912,"（）"
"","","","","鱼糕今天困了喵",1760711909,"今天看一下别的妹妹"
"","","","","鱼糕今天困了喵",1760711840,"蓝毛可爱"
"","","","","鱼糕今天困了喵",1760711784,"11月再飞"
"","","","","鱼糕今天困了喵",1760711778,"未知 总归先回去了"
"","","","","鱼糕今天困了喵",1760711695,"本来要飞的取消拿钱走人了（）"
"","","","","鱼糕今天困了喵",1760711668,"蓝毛诺🤤🤤"
"","","","","鱼糕今天困了喵",1760627928,"切片比正经视频还累"
"","","","","鱼糕今天困了喵",1760627915,"切片那就只有二刀流野史回了"
"","","","","鱼糕今天困了喵",1760627859,"111拼好摄可代剪"
"","","","","鱼糕今天困了喵",1760627814,"催更（）"
"","","","","鱼糕今天困了喵",1760627808,"鞭策诺速速30w"
"","","","","鱼糕今天困了喵",1760627592,"转诺脑"
"","","","","鱼糕今天困了喵",1760627433,"就刚刚卡了一阵子"
"","","","","鱼糕今天困了喵",1760627428,"前面不卡"
"","","","","鱼糕今天困了喵",1760627388,"我觉得得怪阿b啊"
"","","","","鱼糕今天困了喵",1760627237,"我也卡"
"","","","","鱼糕今天困了喵",1760627192,"q"
"","","","","鱼糕今天困了喵",1760627174,"我截个屏吧"
"","","","","鱼糕今天困了喵",1760626463,"666这个sc换我就不让发"
"","","","","鱼糕今天困了喵",1760626438,"他一问 我不知 三字经"
"","","","","鱼糕今天困了喵",1760626132,"拿来吧你（"
"","","","","鱼糕今天困了喵",1760626121,"哟 捡到瓶子啦"
"","","","","鱼糕今天困了喵",1760625683,"小孩[热]"
"","","","","鱼糕今天困了喵",1760625159,"再捏一下c吧（"
"","","","","鱼糕今天困了喵",1760625145,"是给诺的（）"
"","","","","鱼糕今天困了喵",1760625121,"哈气了（）"
"","","","","鱼糕今天困了喵",1760488533,"帅啊"
"","","","","鱼糕今天困了喵",1760488522,"我靠 猎"
"","","","","鱼糕今天困了喵",1760468292,"走了喵 画图去了喵"
"","","","","鱼糕今天困了喵",1760467392,"好耶"
"","","","","鱼糕今天困了喵",1760467353,"这个好活"
"","","","","鱼糕今天困了喵",1760467332,"草 怎么还有下播感谢名单"
"","","","","鱼糕今天困了喵",1760466378,"一次"
"","","","","鱼糕今天困了喵",1760466376,"最大送过烟花"
"","","","","鱼糕今天困了喵",1760466347,"提督不能算礼物吧（）"
"","","","","鱼糕今天困了喵",1760466341,"没有"
"","","","","鱼糕今天困了喵",1760466316,"万以下的都见过了"
"","","","","鱼糕今天困了喵",1760466309,"几万的我一个都没见过"
"","","","","鱼糕今天困了喵",1760466282,"我也没见过"
"","","","","鱼糕今天困了喵",1760466193,"他会放个猫在你头上"
"","","","","鱼糕今天困了喵",1760466187,"你要有个摄像头检测人脸"
"","","","","鱼糕今天困了喵",1760466180,"这是互动礼物"
"","","","","鱼糕今天困了喵",1760466165,"所以阿姨坏啊"
"","","","","鱼糕今天困了喵",1760466158,"知道"
"","","","","鱼糕今天困了喵",1760466137,"少女祈祷不好看吗（"
"","","","","鱼糕今天困了喵",1760465454,"没想法呢"
"","","","","鱼糕今天困了喵",1760465273,"你啥时候下了我再走"
"","","","","鱼糕今天困了喵",1760465267,"就 我不用马上就走"
"","","","","鱼糕今天困了喵",1760465238,"你要播我可以蹲着干活"
"","","","","鱼糕今天困了喵",1760465227,"没有 我这周休假哦"
"","","","","鱼糕今天困了喵",1760465177,"正经刷两下视频的话两三天一回"
"","","","","鱼糕今天困了喵",1760465153,"那很强大了"
"","","","","鱼糕今天困了喵",1760465011,"好听喵"
"","","","","鱼糕今天困了喵",1760464618,"好啊 你选吧"
"","","","","鱼糕今天困了喵",1760464566,"也紧 多做多在教室蹲着学就还好"
"","","","","鱼糕今天困了喵",1760464517,"倒没有牢"
"","","","","鱼糕今天困了喵",1760464512,"我只是忙"
"","","","","鱼糕今天困了喵",1760464464,"游戏都打的少太多了（）"
"","","","","鱼糕今天困了喵",1760464453,"开学可不就失踪吗"
"","","","","鱼糕今天困了喵",1760451923,"有点天然了"
"","","","","鱼糕今天困了喵",1760451517,"不知道 没拍过 也没怎么看过（）"
"","","","","鱼糕今天困了喵",1760451465,"教我拍cos视频[doge2]"
"","","","","鱼糕今天困了喵",1760450516,"人生有梦各自精彩[大哭][大哭][大哭][大哭][大哭][大哭]"
"","","","","鱼糕今天困了喵",1760450509,"诺[大哭][大哭][大哭][大哭][大哭][大哭]"
"","","","","鱼糕今天困了喵",1760450441,"盲猜1/1"
"","","","","鱼糕今天困了喵",1760450396,"无（wu）垠"
"","","","","鱼糕今天困了喵",1760450248,"夹着腿中间给我腿夹麻了"
"","","","","鱼糕今天困了喵",1760450233,"我上次带whisky回去慌死我了"
"","","","","鱼糕今天困了喵",1760450214,"要一直看着"
"","","","","鱼糕今天困了喵",1760450201,"ice wine可以带"
"","","","","鱼糕今天困了喵",1760450159,"诺会把鱼糕塞进托运行李"
"","","","","鱼糕今天困了喵",1760450054,"一直游啊游啊 直到护照变蓝（指丢了换成了旅行证回国"
"","","","","鱼糕今天困了喵",1760449998,"领馆不管身份证"
"","","","","鱼糕今天困了喵",1760449976,"没得补 回去补"
"","","","","鱼糕今天困了喵",1760449790,"拾走了"
"","","","","鱼糕今天困了喵",1760449780,"哎 我寻思这个id也没人要啊"
"","","","","鱼糕今天困了喵",1760449095,"自己小嘴不是很严啊"
"","","","","鱼糕今天困了喵",1760449082,"乐"
"","","","","鱼糕今天困了喵",1760449048,"烤诺 诺诺生滚粥 卤诺饭[热]"
"","","","","鱼糕今天困了喵",1760448965,"阿米娅火烧吗"
"","","","","鱼糕今天困了喵",1760448863,"兔兔这么可爱 怎么可以吃兔…吃！吃的就是兔兔"
"","","","","鱼糕今天困了喵",1760448646,"我证明诺本人也是小球球"
"","","","","鱼糕今天困了喵",1760448621,"圆圆诺"
"","","","","鱼糕今天困了喵",1760448596,"求签 求出好的 说明运气好 求出凶 说明坏运气用掉了 马上都是好运气😋"
"","","","","鱼糕今天困了喵",1760448557,"[热]"
"","","","","鱼糕今天困了喵",1760448509,"我的🦵🏻酱吗 那口味很独特了"
"","","","","鱼糕今天困了喵",1760448494,"[热][热][热]"
"","","","","鱼糕今天困了喵",1760448410,"转发给5个诺球球召唤🦵🏻酱见面会（1/1）"
"","","","","鱼糕今天困了喵",1760448253,"所以我不做人啦 诺球球！"
"","","","","鱼糕今天困了喵",1760448149,"9527草"
"","","","","鱼糕今天困了喵",1760448102,"111哪里可以购买这样的诺二号"
"","","","","鱼糕今天困了喵",1760447993,"收到了😋"
"","","","","鱼糕今天困了喵",1760447936,"笑嘻了"
"","","","","鱼糕今天困了喵",1760447839,"诺！"
"","","","","鱼糕今天困了喵",1760366532,"发我个地址呗（）"
"","","","","鱼糕今天困了喵",1760366516,"我先标记 下次来吃"
"","","","","鱼糕今天困了喵",1760366455,"没有 今天晚上回去"
"","","","","鱼糕今天困了喵",1760364603,"那不是很符合我的理解"
"","","","","鱼糕今天困了喵",1760364587,"怎么还有妹子啊"
"","","","","鱼糕今天困了喵",1760363999,"12月再拿"
"","","","","鱼糕今天困了喵",1760363994,"我直接寄回家"
"","","","","鱼糕今天困了喵",1760363987,"尼康zr预购这边3400cad 国行才13999"
"","","","","鱼糕今天困了喵",1760363852,"老板糊涂啊"
"","","","","鱼糕今天困了喵",1760363847,"我都直接丢空sc"
"","","","","鱼糕今天困了喵",1760363827,"你发q呗"
"","","","","鱼糕今天困了喵",1760363776,"我一半sc都打不出来"
"","","","","鱼糕今天困了喵",1760363769,"确实是有审核的"
"","","","","鱼糕今天困了喵",1760363732,"666还有转转海外版"
"","","","","鱼糕今天困了喵",1760363650,"有点大（）"
"","","","","鱼糕今天困了喵",1760363644,"啊对诺别忘了下载day1"
"","","","","鱼糕今天困了喵",1760363594,"诺看胶片那组了吗（）"
"","","","","鱼糕今天困了喵",1760363570,"笑死了我昨天晚上才修完图"
"","","","","鱼糕今天困了喵",1760363552,"显示器[大哭]"
"","","","","鱼糕今天困了喵",1760363510,"20年还在看别的妹妹[dog]"
"","","","","鱼糕今天困了喵",1760363329,"[热][热][热][热][热]"
"","","","","鱼糕今天困了喵",1760363041,"酒酿诺米"
"","","","","鱼糕今天困了喵",1760362828,"卷我嘴里就行 我不在意煎饼的外形"
"","","","","鱼糕今天困了喵",1760362782,"好点"
"","","","","鱼糕今天困了喵",1760362710,"我有意见啊"
"","","","","鱼糕今天困了喵",1760362701,"我这边怎么没有优惠"
"","","","","鱼糕今天困了喵",1760362686,"？有点便宜了"
"","","","","鱼糕今天困了喵",1760362591,"这种事情不要啊[热]"
"","","","","鱼糕今天困了喵",1760362576,"变成黄诺吗（）"
"","","","","鱼糕今天困了喵",1760362535,"平常的声音也好吃喵"
"","","","","鱼糕今天困了喵",1760362501,"*橘子皮丢地上"
"","","","","鱼糕今天困了喵",1760362488,"偷偷摸走一个"
"","","","","鱼糕今天困了喵",1760362330,"其实我也不信"
"","","","","鱼糕今天困了喵",1760362228,"主包又在展示后背"
"","","","","鱼糕今天困了喵",1760362220,"[热]"
"","","","","鱼糕今天困了喵",1760362156,"诺 求求你让我吃一口欧润吉吧"
"","","","","鱼糕今天困了喵",1760362055,"那很合适了"
"","","","","鱼糕今天困了喵",1760361988,"光明正大狱卒回"
"","","","","鱼糕今天困了喵",1760361943,"其实是我不想多分两份出去[dog]"
"","","","","鱼糕今天困了喵",1760361892,"拆分doro进度（1/10）"
"","","","","鱼糕今天困了喵",1760361858,"oi doro"
"","","","","鱼糕今天困了喵",1760283717,"老了"
"","","","","鱼糕今天困了喵",1760193585,"好看喵"
"","","","","鱼糕今天困了喵",1760193580,"我已经把牌牌挂墙上了"
"","","","","鱼糕今天困了喵",1760193554,"之前都是我一个人独占车厢的"
"","","","","鱼糕今天困了喵",1760193543,"gotrain好多人 社恐了"
"","","","","鱼糕今天困了喵",1760193491,"（还是比不了hk的（（"
"","","","","鱼糕今天困了喵",1760193464,"不知道离你们近不近"
"","","","","鱼糕今天困了喵",1760193454,"有家银记肠粉好吃[dog]"
"","","","","鱼糕今天困了喵",1760191665,"静音回吗"
"","","","","鱼糕今天困了喵",1760191600,"对的 太对了"
"","","","","鱼糕今天困了喵",1760191553,"来来我给接着"
"","","","","鱼糕今天困了喵",1760191494,"没有医保"
"","","","","鱼糕今天困了喵",1760191466,"捂脸小诺（不是鱼糕👊的"
"","","","","鱼糕今天困了喵",1760191442,"挂号900$什么的已经输了"
"","","","","鱼糕今天困了喵",1760191413,"还有超高起步挂号费"
"","","","","鱼糕今天困了喵",1760191404,"不止 还没算检查费和开药呢"
"","","","","鱼糕今天困了喵",1760191351,"高税率+高人工这块"
"","","","","鱼糕今天困了喵",1760191339,"我相机都是国内买了或者日本买了带过来"
"","","","","鱼糕今天困了喵",1760191329,"这边反正 啥都贵"
"","","","","鱼糕今天困了喵",1760191290,"这什么视角"
"","","","","鱼糕今天困了喵",1760191206,"含泪看别的妹妹去了喵"
"","","","","鱼糕今天困了喵",1760191191,"人生有梦各自精彩….😭😭😭😭"
"","","","","鱼糕今天困了喵",1760191188,"诺😭😭😭😭😭😭😭😭"
"","","","","鱼糕今天困了喵",1760191100,"挺久的"
"","","","","鱼糕今天困了喵",1760191095,"后来打舞萌是扎头发打的"
"","","","","鱼糕今天困了喵",1760191081,"之前最长的时候到我肩膀了"
"","","","","鱼糕今天困了喵",1760191072,"能长长的"
"","","","","鱼糕今天困了喵",1760191001,"小鱼糕吗"
"","","","","鱼糕今天困了喵",1760190997,"有点 我都是直接随便梳一下顺其自然的"
"","","","","鱼糕今天困了喵",1760190951,"可能下次诺能看到神秘头发糕"
"","","","","鱼糕今天困了喵",1760190933,"我直接准备8个月不修了"
"","","","","鱼糕今天困了喵",1760190922,"我这边怎么没有有这种手艺的"
"","","","","鱼糕今天困了喵",1760190867,"不知道 看吧"
"","","","","鱼糕今天困了喵",1760190770,"那蹲吧 我买加急了希望今天能出"
"","","","","鱼糕今天困了喵",1760190689,"你要洗啥"
"","","","","鱼糕今天困了喵",1760190644,"底片不给喵 给你丢个扫描件"
"","","","","鱼糕今天困了喵",1760190465,"好的喵"
"","","","","鱼糕今天困了喵",1760190463,"蹲到1点去ytz接朋友"
"","","","","鱼糕今天困了喵",1760190456,"还没到 11点到了之后在graination蹲着"
"","","","","鱼糕今天困了喵",1760190431,"今天或者明天发"
"","","","","鱼糕今天困了喵",1760190426,"我顺带去一下graination把上次胶卷洗了"
"","","","","鱼糕今天困了喵",1760190415,"spadina那家yume arcade对的"
"","","","","鱼糕今天困了喵",1760190237,"没吃过"
"","","","","鱼糕今天困了喵",1760190161,"不是沙了原住民导致的？"
"","","","","鱼糕今天困了喵",1760190026,"然后跟老板说 你这怎么是预制的"
"","","","","鱼糕今天困了喵",1760190006,"这样 你飞去广东点只白切鸡"
"","","","","鱼糕今天困了喵",1760189832,"给我消消毒"
"","","","","鱼糕今天困了喵",1760189740,"（）"
"","","","","鱼糕今天困了喵",1760189734,"口水鸡好吃喵"
"","","","","鱼糕今天困了喵",1760189720,"哇还有口水"
"","","","","鱼糕今天困了喵",1760189702,"…？"
"","","","","鱼糕今天困了喵",1760189541,"乳酪也是黄色的🧀"
"","","","","鱼糕今天困了喵",1760189530,"黄色"
"","","","","鱼糕今天困了喵",1760189462,"那个确实好吃"
"","","","","鱼糕今天困了喵",1760189337,"那放我吧 加点鲜味"
"","","","","鱼糕今天困了喵",1760189317,"10月下旬"
"","","","","鱼糕今天困了喵",1760189240,"bgm好听 又偷看我列表了"
"","","","","鱼糕今天困了喵",1760188837,"本次的加班回由罗姆鸡老板买单"
"","","","","鱼糕今天困了喵",1760188818,"sc最有用的一集"
"","","","","鱼糕今天困了喵",1760188794,"那到sc结束吧"
"","","","","鱼糕今天困了喵",1760188756,"[热]"
"","","","","鱼糕今天困了喵",1760188727,"[热]"
"","","","","鱼糕今天困了喵",1760188651,"jacket potato了"
"","","","","鱼糕今天困了喵",1760188621,"[热][热][热][热]我刚想说你可以上个提"
"","","","","鱼糕今天困了喵",1760188492,"事已至此 计时器暂停到sc结束吧"
"","","","","鱼糕今天困了喵",1760188386,"我哭死他甚至是打了个sc"
"","","","","鱼糕今天困了喵",1760188376,"老板大气"
"","","","","鱼糕今天困了喵",1760188331,"感觉在小巷子里被神秘黑衣人欺负了这个动作"
"","","","","鱼糕今天困了喵",1760188258,"我是学生 ______"
"","","","","鱼糕今天困了喵",1760188197,"早啊罗姆鸡"
"","","","","鱼糕今天困了喵",1760188106,"美女你谁"
"","","","","鱼糕今天困了喵",1760184665,"捕捉洋芋饭卷"
"","","","","鱼糕今天困了喵",1760018917,"走了喵[热] 复习去了喵[热]"
"","","","","鱼糕今天困了喵",1760018890,"温柔声线也有种 阴暗神秘地下任务的美感"
"","","","","鱼糕今天困了喵",1760018786,"纯诺小只"
"","","","","鱼糕今天困了喵",1760018777,"并不胖胖肉肉"
"","","","","鱼糕今天困了喵",1760018571,"想看诺今天吃几个"
"","","","","鱼糕今天困了喵",1760018556,"111今天能录完就出吗"
"","","","","鱼糕今天困了喵",1760018530,"对味了 这才是诺啊"
"","","","","鱼糕今天困了喵",1760018501,"那确实大于饭盒了"
"","","","","鱼糕今天困了喵",1760018463,"那很会算了"
"","","","","鱼糕今天困了喵",1760018448,"[热]666还有踩一脚"
"","","","","鱼糕今天困了喵",1760018393,"50块自助配菜是诺吗"
"","","","","鱼糕今天困了喵",1760018343,"还是骂我两句吧"
"","","","","鱼糕今天困了喵",1760018332,"有点不习惯"
"","","","","鱼糕今天困了喵",1760018298,"现在坐这个直播间里的是披着诺皮的糕"
"","","","","鱼糕今天困了喵",1760018224,"满脑子都是诺了喵"
"","","","","鱼糕今天困了喵",1760018218,"声音大好喵"
"","","","","鱼糕今天困了喵",1760018108,"懂了 下次带迪拉熊头套cos舞萌dx"
"","","","","鱼糕今天困了喵",1760018057,"[花]"
"","","","","鱼糕今天困了喵",1760018045,"那飞来加拿大真实我"
"","","","","鱼糕今天困了喵",1760018002,"没什么必要吧 歌好听就行"
"","","","","鱼糕今天困了喵",1760017992,"一点"
"","","","","鱼糕今天困了喵",1760017988,"但是你在前排难以避免的能看见"
"","","","","鱼糕今天困了喵",1760017977,"刻意的"
"","","","","鱼糕今天困了喵",1760017937,"ztmy也是不露脸（虽然疑似最近视频里面有点）"
"","","","","鱼糕今天困了喵",1760017579,"诶我服了"
"","","","","鱼糕今天困了喵",1760017517,"草"
"","","","","鱼糕今天困了喵",1760017384,"当然是上转转"
"","","","","鱼糕今天困了喵",1760017378,"诺的手机要换了怎么办"
"","","","","鱼糕今天困了喵",1760017360,"打钱！"
"","","","","鱼糕今天困了喵",1760017336,"当然是上转转"
"","","","","鱼糕今天困了喵",1760017253,"我也是卷卷 你看 证据有了"
"","","","","鱼糕今天困了喵",1760017172,"痛痛 *抱头"
"","","","","鱼糕今天困了喵",1760017162,"其实这是诺把鱼糕的毛揪了拼的毛"
"","","","","鱼糕今天困了喵",1760017113,"没事 我可以吃饭"
"","","","","鱼糕今天困了喵",1760017083,"看看饭盒"
"","","","","鱼糕今天困了喵",1760017015,"拼不回来了"
"","","","","鱼糕今天困了喵",1760017010,"碎成一地了"
"","","","","鱼糕今天困了喵",1760016981,"[大哭][大哭][大哭][大哭][大哭][大哭][大哭]没爱了"
"","","","","鱼糕今天困了喵",1760016974,"还是我打sc求回来的"
"","","","","鱼糕今天困了喵",1760016966,"上次有人把展示其他牌子关了"
"","","","","鱼糕今天困了喵",1760016951,"并非第一次嗷"
"","","","","鱼糕今天困了喵",1760016939,"那争抢主播的cos服和午饭也可以"
"","","","","鱼糕今天困了喵",1760016816,"换回来我可要争夺家产了"
"","","","","鱼糕今天困了喵",1760016678,"猜你在找：没有冬季的加拿大"
"","","","","鱼糕今天困了喵",1760016524,"是的 我冻成路边一条"
"","","","","鱼糕今天困了喵",1760016497,"[热]"
"","","","","鱼糕今天困了喵",1760016488,"3度"
"","","","","鱼糕今天困了喵",1760016485,"今天冷麻了"
"","","","","鱼糕今天困了喵",1760016201,"包是真钱的"
"","","","","鱼糕今天困了喵",1760016119,"什么意思[热]"
"","","","","鱼糕今天困了喵",1760016112,"怎么xhs现在还从apple账户拉我年龄数据"
"","","","","鱼糕今天困了喵",1760016067,"好出"
"","","","","鱼糕今天困了喵",1760016035,"111这个不要（）"
"","","","","鱼糕今天困了喵",1760016004,"我是学生[dog]"
"","","","","鱼糕今天困了喵",1760015957,"基本上0.0x%"
"","","","","鱼糕今天困了喵",1760015951,"0.2%里面还有各种刀型"
"","","","","鱼糕今天困了喵",1760015917,"基本上没概率"
"","","","","鱼糕今天困了喵",1760015880,"不只有点（）"
"","","","","鱼糕今天困了喵",1760015871,"运气有点好"
"","","","","鱼糕今天困了喵",1760015866,"666还有开箱出蝴蝶刀"
"","","","","鱼糕今天困了喵",1760015704,"基本上你拿抽出来的东西打前几章都没毛病的"
"","","","","鱼糕今天困了喵",1760015683,"你先抽了再看吧 新手有个高罕池子免费送"
"","","","","鱼糕今天困了喵",1760015573,"Mousse 是对的"
"","","","","鱼糕今天困了喵",1759849350,"草"
"","","","","鱼糕今天困了喵",1759849225,"（顺便看别的妹妹"
"","","","","鱼糕今天困了喵",1759849221,"我也要修图 开工！"
"","","","","鱼糕今天困了喵",1759849117,"太变态了带个大屏"
"","","","","鱼糕今天困了喵",1759849110,"草 想起来了"
"","","","","鱼糕今天困了喵",1759848763,"死盖满足一下洋芋饭卷上个总督配合一下吧"
"","","","","鱼糕今天困了喵",1759848672,"欸现在银瓜子还有用吗 我还要20w"
"","","","","鱼糕今天困了喵",1759848590,"那我...默默消失了...()"
"","","","","鱼糕今天困了喵",1759848571,"原来...单推...是只有一个人推吗"
"","","","","鱼糕今天困了喵",1759848537,"盖[热][热]"
"","","","","鱼糕今天困了喵",1759848530,"[热][热][热][热][热][热][热]"
"","","","","鱼糕今天困了喵",1759848524,"那打工就打工吧 哼 这可是唯一一个打工的地方哦"
"","","","","鱼糕今天困了喵",1759848410,"不对 那我成打工的了"
"","","","","鱼糕今天困了喵",1759848403,"可以让诺当二台 诶嘿嘿嘿嘿 爽吃"
"","","","","鱼糕今天困了喵",1759848378,"未必"
"","","","","鱼糕今天困了喵",1759848309,"好吃好吃好吃"
"","","","","鱼糕今天困了喵",1759848297,"从此1542225主包是鱼糕"
"","","","","鱼糕今天困了喵",1759848284,"我要 把诺的直播间 拿下"
"","","","","鱼糕今天困了喵",1759848172,"诺今天有点聪明"
"","","","","鱼糕今天困了喵",1759848167,"坏了 那我的无限吃两拳没了[大哭]"
"","","","","鱼糕今天困了喵",1759847747,"别的妹妹也得有提督…🤤🤤"
"","","","","鱼糕今天困了喵",1759847720,"看别的妹妹去咯"
"","","","","鱼糕今天困了喵",1759847716,"原来在这个直播间看别的妹妹是被主包支持的吗"
"","","","","鱼糕今天困了喵",1759847539,"可是如果要住桥洞就不好了哦"
"","","","","鱼糕今天困了喵",1759847529,"鱼糕还能吃面包夹三明治"
"","","","","鱼糕今天困了喵",1759847516,"大家不要没米也打哦"
"","","","","鱼糕今天困了喵",1759847371,"[doge2][doge2][doge2]"
"","","","","鱼糕今天困了喵",1759847366,"多的400我偷吃"
"","","","","鱼糕今天困了喵",1759847360,"v我1998我上个提"
"","","","","鱼糕今天困了喵",1759847349,"盖[热]"
"","","","","鱼糕今天困了喵",1759847310,"…？美女你谁"
"","","","","鱼糕今天困了喵",1759847152,"不看诺的话周二周四我就睡到11点半直接午饭"
"","","","","鱼糕今天困了喵",1759847129,"一般我会早半小时起"
"","","","","鱼糕今天困了喵",1759847097,"反正也是淘宝来的"
"","","","","鱼糕今天困了喵",1759847092,"那还不如aliexpress了"
"","","","","鱼糕今天困了喵",1759847039,"对的我早起看的"
"","","","","鱼糕今天困了喵",1759847035,"魔力赏抢钱的"
"","","","","鱼糕今天困了喵",1759846993,"111真去南京吗要摸到我家了"
"","","","","鱼糕今天困了喵",1759846670,"可以是[热]"
"","","","","鱼糕今天困了喵",1759846617,"把舰长骗去拴起来[热]"
"","","","","鱼糕今天困了喵",1759846535,"好巧啊 我后天考试[dog]"
"","","","","鱼糕今天困了喵",1759846512,"跨天长时间了一般都不给直接送到目的地的"
"","","","","鱼糕今天困了喵",1759846481,"满人了吗 那把鲨鱼丢下去让鲨鱼游回去吧[热]"
"","","","","鱼糕今天困了喵",1759846427,"我会偷偷登机把诺藏行李箱里"
"","","","","鱼糕今天困了喵",1759846375,"传下去 主播连续几天起飞不停不开直播…！"
"","","","","鱼糕今天困了喵",1759846256,"大神啊"
"","","","","鱼糕今天困了喵",1759845951,"国外的诺还是可爱的样子"
"","","","","鱼糕今天困了喵",1759845847,"并非[dog]"
"","","","","鱼糕今天困了喵",1759845828,"死盖"
"","","","","鱼糕今天困了喵",1759845795,"音游只排了一个人你们知道吗"
"","","","","鱼糕今天困了喵",1759845720,"才7天"
"","","","","鱼糕今天困了喵",1759845716,"主播有点太友好了"
"","","","","鱼糕今天困了喵",1759845680,"人多直接私信抓"
"","","","","鱼糕今天困了喵",1759845664,"我都是 认识人才去"
"","","","","鱼糕今天困了喵",1759845631,"哇 摄影区全是人（"
"","","","","鱼糕今天困了喵",1759845617,"对的 萤火虫喵"
"","","","","鱼糕今天困了喵",1759845609,"xsl有人分享照片觉得自己拍的很好也有人说要关注他咸鱼"
"","","","","鱼糕今天困了喵",1759845514,"在现场 骷髅是我"
"","","","","鱼糕今天困了喵",1759845407,"一看我平时就不是拍人的"
"","","","","鱼糕今天困了喵",1759845398,"那几位还是太强了"
"","","","","鱼糕今天困了喵",1759845335,"开口也不傻吧"
"","","","","鱼糕今天困了喵",1759845330,"诺：persona…！"
"","","","","鱼糕今天困了喵",1759845250,"()"
"","","","","鱼糕今天困了喵",1759845245,"咬屏幕一口一个洞洞"
"","","","","鱼糕今天困了喵",1759845230,"可爱捏"
"","","","","鱼糕今天困了喵",1759845079,"我也是尼康😋"
"","","","","鱼糕今天困了喵",1759845072,"我已经快变成神秘journaling了"
"","","","","鱼糕今天困了喵",1759845001,"逗我呢 我买相机这么多年了我也没见npy在哪里呢[热]"
"","","","","鱼糕今天困了喵",1759844980,"这个我是真想要"
"","","","","鱼糕今天困了喵",1759844965,"尼康出了个24-70 f2.8s ii"
"","","","","鱼糕今天困了喵",1759844909,"真传那个清晰度看的人也卡完了"
"","","","","鱼糕今天困了喵",1759844857,"港版会便宜"
"","","","","鱼糕今天困了喵",1759844827,"我准备啥时候去日本免税买了"
"","","","","鱼糕今天困了喵",1759844807,"我们加拿大是这样的"
"","","","","鱼糕今天困了喵",1759844788,"带的话我没意见的"
"","","","","鱼糕今天困了喵",1759844780,"不带 裸机"
"","","","","鱼糕今天困了喵",1759844748,"zr加拿大这边要3390刀"
"","","","","鱼糕今天困了喵",1759844730,"（）"
"","","","","鱼糕今天困了喵",1759844701,"r6还挺好用的"
"","","","","鱼糕今天困了喵",1759844671,"诺早———"
"","","","","鱼糕今天困了喵",1759763280,"上课去咯"
"","","","","鱼糕今天困了喵",1759763243,"听ztmy真的会莫名开始唱 然后生产效率0"
"","","","","鱼糕今天困了喵",1759763174,"生产效率100%"
"","","","","鱼糕今天困了喵",1759763101,"爽吃"
"","","","","鱼糕今天困了喵",1759763098,"太好了 又边看诺边把作业做完了"
"","","","","鱼糕今天困了喵",1759761230,"诺可以喊我带（）"
"","","","","鱼糕今天困了喵",1759760752,"捕捉99p"
"","","","","鱼糕今天困了喵",1759760552,"不催更 纯好奇 这次漫展vlog什么时候有"
"","","","","鱼糕今天困了喵",1759760490,"instacart送点"
"","","","","鱼糕今天困了喵",1759760381,"好吃的太多了"
"","","","","鱼糕今天困了喵",1759760377,"在广东不好吃的店真的是活不下去的"
"","","","","鱼糕今天困了喵",1759759899,"这种起码承认自己不知道"
"","","","","鱼糕今天困了喵",1759759851,"我说他爹换三四种语言骂你你都不带听得懂的"
"","","","","鱼糕今天困了喵",1759759835,"跟看我学日语说我罕见的一样成分"
"","","","","鱼糕今天困了喵",1759759598,"奶凶吗 我只看到了奶 凶在哪里"
"","","","","鱼糕今天困了喵",1759759437,"换我过来我直接一个色相饱和度把头发拉成绿的主打一个谁都不乐意"
"","","","","鱼糕今天困了喵",1759759418,"诺脾气算很好的了"
"","","","","鱼糕今天困了喵",1759759277,"红白歌会也是红白"
"","","","","鱼糕今天困了喵",1759759235,"对的 死灵法师这一块"
"","","","","鱼糕今天困了喵",1759759200,"666字母区直播间上舰加交流群"
"","","","","鱼糕今天困了喵",1759759151,"伤心了 掉小珍珠了"
"","","","","鱼糕今天困了喵",1759759143,"帮诺接一拳也字母是吧啊喂"
"","","","","鱼糕今天困了喵",1759759101,"那…那打到我身上吧…"
"","","","","鱼糕今天困了喵",1759758949,"什么 下播？人生有梦各自精彩…！"
"","","","","鱼糕今天困了喵",1759758923,"那啥 主包什么时候去hk 我躲一下（）"
"","","","","鱼糕今天困了喵",1759758914,"[热][热][热][热][热]"
"","","","","鱼糕今天困了喵",1759758838,"主包吃月饼 我把主包炖了吃 四舍五入我吃了月饼"
"","","","","鱼糕今天困了喵",1759758810,"学到精髓了"
"","","","","鱼糕今天困了喵",1759758803,"罗姆鸡是对的"
"","","","","鱼糕今天困了喵",1759758693,"诺说的对"
"","","","","鱼糕今天困了喵",1759758606,"[热][热][热][热]"
"","","","","鱼糕今天困了喵",1759758597,"那蛋黄留给我吧"
"","","","","鱼糕今天困了喵",1759758548,"好月👍"
"","","","","鱼糕今天困了喵",1759758486,"草"
"","","","","鱼糕今天困了喵",1759758434,"好小巧的早餐"
"","","","","鱼糕今天困了喵",1759758322,"那战斗力不行[dog]"
"","","","","鱼糕今天困了喵",1759758316,"才73"
"","","","","鱼糕今天困了喵",1759758131,"挨打了就好好进化（）"
"","","","","鱼糕今天困了喵",1759758119,"没事 其实摄影也是一样的"
"","","","","鱼糕今天困了喵",1759757992,"还是被加航养太好了"
"","","","","鱼糕今天困了喵",1759757978,"笑死了现在想想都不知道当时7kg行李怎么装得下的"
"","","","","鱼糕今天困了喵",1759757864,"诶 诺不在 那我把c抓住了"
"","","","","鱼糕今天困了喵",1759757689,"111拼好摄全球可飞"
"","","","","鱼糕今天困了喵",1759757623,"我也想去 没去过"
"","","","","鱼糕今天困了喵",1759757486,"哈！"
"","","","","鱼糕今天困了喵",1759757371,"一顿饱和顿顿饱我还是知道的[热]"
"","","","","鱼糕今天困了喵",1759757354,"总之诺要是累了就多休息一下 晚点发我也没意见的"
"","","","","鱼糕今天困了喵",1759757270,"（咳咳好像我最远（（（（"
"","","","","鱼糕今天困了喵",1759757263,"（感觉大家都住的好远（"
"","","","","鱼糕今天困了喵",1759757253,"诺有点太超人了"
"","","","","鱼糕今天困了喵",1759757125,"不许醒[大哭] *敲一棍子"
"","","","","鱼糕今天困了喵",1759757109,"死盖被我敲晕了"
"","","","","鱼糕今天困了喵",1759757065,"并非啊 并非"
"","","","","鱼糕今天困了喵",1759757044,"那很辛苦了"
"","","","","鱼糕今天困了喵",1759756941,"我直接买的学生套票也得5k"
"","","","","鱼糕今天困了喵",1759674947,"确实能打 不知道啥时候能寄到[dog]"
"","","","","鱼糕今天困了喵",1759674902,"诺什么时候回加拿大我打印个横幅恭迎_______"
"","","","","鱼糕今天困了喵",1759674848,"😨夺少？"
"","","","","鱼糕今天困了喵",1759674752,"那不行[热]"
"","","","","鱼糕今天困了喵",1759674714,"传下去 诺回国是为了游海里捞cos服"
"","","","","鱼糕今天困了喵",1759674674,"我已经在想象诺要带多少行李了"
"","","","","鱼糕今天困了喵",1759674566,"好耶…！"
"","","","","鱼糕今天困了喵",1759674557,"速听…！"
"","","","","鱼糕今天困了喵",1759674548,"大事…！"
"","","","","鱼糕今天困了喵",1759674497,"那我发咯"
"","","","","鱼糕今天困了喵",1759674472,"我还在选片"
"","","","","鱼糕今天困了喵",1759674460,"罗姆鸡好速度的剪"
"","","","","鱼糕今天困了喵",1759674034,"2/3熊哥雨诺akari"
"","","","","鱼糕今天困了喵",1759673625,"帅[热] 劲呐[热][热]"
"","","","","鱼糕今天困了喵",1759673580,"后面打的"
"","","","","鱼糕今天困了喵",1759673570,"昨天打了"
"","","","","鱼糕今天困了喵",1759673499,"我也给的18"
"","","","","鱼糕今天困了喵",1759673479,"原来没拿吗"
"","","","","鱼糕今天困了喵",1759673470,"草"
"","","","","鱼糕今天困了喵",1759673373,"新鲜的诺小肚🤤"
"","","","","鱼糕今天困了喵",1759673330,"看人吧 我在舞萌机厅楼下那家吃了二十几回…？"
"","","","","鱼糕今天困了喵",1759673279,"也有蓝莓酱和红酒酱的"
"","","","","鱼糕今天困了喵",1759673266,"跟经理熟悉甚至可以从上一个季度的菜单点（）"
"","","","","鱼糕今天困了喵",1759673179,"不腻"
"","","","","鱼糕今天困了喵",1759673175,"就是 肉 鹅肝 果酱"
"","","","","鱼糕今天困了喵",1759673144,"蓝蛙是对的 鹅肝汉堡好吃😋"
"","","","","鱼糕今天困了喵",1759673060,"想看小肚了"
"","","","","鱼糕今天困了喵",1759673053,"肚肚小姐呢"
"","","","","鱼糕今天困了喵",1759672943,"怎么想出来堡皮的[热]"
"","","","","鱼糕今天困了喵",1759672892,"那个叫 面包胚"
"","","","","鱼糕今天困了喵",1759590327,"去漫展了喵 来了敲我喵"
"","","","","鱼糕今天困了喵",1759590067,"[热]"
"","","","","鱼糕今天困了喵",1759590061,"我上学期被打了5个电话"
"","","","","鱼糕今天困了喵",1759590051,"我劝你别假装入会倾向"
"","","","","鱼糕今天困了喵",1759589889,"[热][热][热]"
"","","","","鱼糕今天困了喵",1759589876,"6666那很舒服了"
"","","","","鱼糕今天困了喵",1759589805,"鱼糕=2c"
"","","","","鱼糕今天困了喵",1759589792,"有点太瘦了"
"","","","","鱼糕今天困了喵",1759589682,"666这就爽到了"
"","","","","鱼糕今天困了喵",1759589501,"找ubi没找到 只看到了一栋土豆建的大楼"
"","","","","鱼糕今天困了喵",1759589392,"是鱼糕"
"","","","","鱼糕今天困了喵",1759589366,"Kajun Chicken + Seafood还行 略有点咸"
"","","","","鱼糕今天困了喵",1759589348,"我也想吃 多汁炸鸡🤤"
"","","","","鱼糕今天困了喵",1759589262,"馋了 我也想吃炸鸡了"
"","","","","鱼糕今天困了喵",1759589209,"任性c坏 诺好"
"","","","","鱼糕今天困了喵",1759588889,"抓！"
"","","","","鱼糕今天困了喵",1759588886,"99！"
"","","","","鱼糕今天困了喵",1759588845,"可爱捏 把c捞走 诺自己播吧[dog]"
"","","","","鱼糕今天困了喵",1759588823,"人生有梦….诶怎么回来了"
"","","","","鱼糕今天困了喵",1759588787,"经典"
"","","","","鱼糕今天困了喵",1759588773,"我现在在一个跟基础房型配置没区别的 大号的 《套房》里面"
"","","","","鱼糕今天困了喵",1759588730,"但你怎么知道我被免费升级了😋"
"","","","","鱼糕今天困了喵",1759588692,"北美酒店普遍比亚太老"
"","","","","鱼糕今天困了喵",1759588659,"换成5g看了"
"","","","","鱼糕今天困了喵",1759588649,"卡得很 虽然叫做高速昨天打个游戏一直丢包"
"","","","","鱼糕今天困了喵",1759588127,"《杂鱼》adj. "
"","","","","鱼糕今天困了喵",1759588106,"熬夜的小孩会被鱼糕抓走"
"","","","","鱼糕今天困了喵",1759503866,"bw我都找到组织了"
"","","","","鱼糕今天困了喵",1759503858,"没事 能找到都行"
"","","","","鱼糕今天困了喵",1759503824,"111诺在哪里请戳我"
"","","","","鱼糕今天困了喵",1759503439,"[dog]"
"","","","","鱼糕今天困了喵",1759503436,"话说我再去日本可以租车了 下次找个小地方开车跑跑"
"","","","","鱼糕今天困了喵",1759503410,"草"
"","","","","鱼糕今天困了喵",1759503329,"还有人力车"
"","","","","鱼糕今天困了喵",1759503324,"涩谷常驻项目了"
"","","","","鱼糕今天困了喵",1759503178,"冬瓜茶好喝"
"","","","","鱼糕今天困了喵",1759503006,"400g $14"
"","","","","鱼糕今天困了喵",1759502995,"我学校旁边就有张亮"
"","","","","鱼糕今天困了喵",1759502919,"小诺脑[热]"
"","","","","鱼糕今天困了喵",1759502909,"怎么就读成hoteru了"
"","","","","鱼糕今天困了喵",1759502846,"我之前想一个人去他们不让"
"","","","","鱼糕今天困了喵",1759502824,"鸟贵族放题有最低人数限制吧"
"","","","","鱼糕今天困了喵",1759502812,"true"
"","","","","鱼糕今天困了喵",1759502743,"这下看懂了"
"","","","","鱼糕今天困了喵",1759502449,"池袋西口北"
"","","","","鱼糕今天困了喵",1759502193,"印度咖喱确实好吃"
"","","","","鱼糕今天困了喵",1759502072,"请看"
"","","","","鱼糕今天困了喵",1759502020,"青森站附近吧"
"","","","","鱼糕今天困了喵",1759502011,"A-factory好吃 你可以去去"
"","","","","鱼糕今天困了喵",1759501998,"青森在北海道下面"
"","","","","鱼糕今天困了喵",1759501938,"不知道有没有米再去看ztmy"
"","","","","鱼糕今天困了喵",1759501930,"其实又想去了"
"","","","","鱼糕今天困了喵",1759501923,"会的"
"","","","","鱼糕今天困了喵",1759501894,"每次签一下材料多得很"
"","","","","鱼糕今天困了喵",1759501876,"[热][热][热]"
"","","","","鱼糕今天困了喵",1759501873,"我有意见"
"","","","","鱼糕今天困了喵",1759501855,"诺你可以去gyubee（）"
"","","","","鱼糕今天困了喵",1759501848,"我三年"
"","","","","鱼糕今天困了喵",1759501785,"（笑"
"","","","","鱼糕今天困了喵",1759501767,"其实是因为演唱会散场那几班jr都取消了专用车厢限制 但疑似只有我和另外一个哥们真"
"","","","","鱼糕今天困了喵",1759501699,"那不得不宣传乘坐过女性专用车厢的故事了"
"","","","","鱼糕今天困了喵",1759501297,"盒…！"
"","","","","鱼糕今天困了喵",1759501225,"造纸很高了"
"","","","","鱼糕今天困了喵",1759501171,"又想去玩了"
"","","","","鱼糕今天困了喵",1759501162,"还没去过"
"","","","","鱼糕今天困了喵",1759500901,"哇 地铁（）"
"","","","","鱼糕今天困了喵",1759500730,"传下去 雨诺akari直播公布下海计划[热][热][热]已使用一次免费观影次数[热][热]"
"","","","","鱼糕今天困了喵",1759500701,"[热][热][热][热][热][热]"
"","","","","鱼糕今天困了喵",1759500685,"鲨鱼家🏠"
"","","","","鱼糕今天困了喵",1759500660,"不好说"
"","","","","鱼糕今天困了喵",1759500595,"地址栏别清空"
"","","","","鱼糕今天困了喵",1759500458,"我每次禁用他都给我把整个滑铁卢显示出来"
"","","","","鱼糕今天困了喵",1759500440,"网页版你关gps还是有ip辅助定位的"
"","","","","鱼糕今天困了喵",1759500399,"破案了 批发的诺茶包是偷摸顺的"
"","","","","鱼糕今天困了喵",1759500340,"请问是加拿大的xxx吗"
"","","","","鱼糕今天困了喵",1759500314,"答应我 别盒好吗"
"","","","","鱼糕今天困了喵",1759500027,"我觉得是能走路的都走路[热]"
"","","","","鱼糕今天困了喵",1759500003,"不完全是 还有一半是滴滴的大手"
"","","","","鱼糕今天困了喵",1759499922,"uber在这边能抽到60+"
"","","","","鱼糕今天困了喵",1759499914,"速度倒是挺快 经常给我派一分钟到我面前的单子"
"","","","","鱼糕今天困了喵",1759499880,"uber最坏的是他抽成太高"
"","","","","鱼糕今天困了喵",1759499788,"价格确实比uber好点"
"","","","","鱼糕今天困了喵",1759499778,"我unsubscribe都关不掉 太经典了"
"","","","","鱼糕今天困了喵",1759499762,"饭团全是广告邮件 吵死我了"
"","","","","鱼糕今天困了喵",1759499659,"我办的大陆区的卡"
"","","","","鱼糕今天困了喵",1759499649,"披萨 大虾 烤鸡都不错"
"","","","","鱼糕今天困了喵",1759499631,"他家即食价格都还可以"
"","","","","鱼糕今天困了喵",1759499590,"想想算了"
"","","","","鱼糕今天困了喵",1759499586,"坐完公交还得步行 我还得拎东西"
"","","","","鱼糕今天困了喵",1759499529,"我连我们这边costco都去不了 虽然有卡"
"","","","","鱼糕今天困了喵",1759499517,"没有呢 没有交通工具是这样的"
"","","","","鱼糕今天困了喵",1759499506,"吃过的 算好吃的"
"","","","","鱼糕今天困了喵",1759499457,"烟熏三文鱼第一 直接吃第二 tartare第三"
"","","","","鱼糕今天困了喵",1759499342,"鱼排不太喜欢"
"","","","","鱼糕今天困了喵",1759499254,"三文鱼好吃 我一个人狂炫三大板"
"","","","","鱼糕今天困了喵",1759499187,"0秒猜到"
"","","","","鱼糕今天困了喵",1759499178,"腌海雀"
"","","","","鱼糕今天困了喵",1759498941,"野完了 你看你阴不阴"
"","","","","鱼糕今天困了喵",1759498801,"耶咦 鲨鱼不好吃的"
"","","","","鱼糕今天困了喵",1759498693,"他也不吃 攻击了一下扔了"
"","","","","鱼糕今天困了喵",1759498682,"[热][热]"
"","","","","鱼糕今天困了喵",1759498671,"给我午饭chicken wrap卷走了"
"","","","","鱼糕今天困了喵",1759498659,"一队几只鹅盘旋着飞下来"
"","","","","鱼糕今天困了喵",1759498648,"感觉不如我在楼下吃午饭"
"","","","","鱼糕今天困了喵",1759498555,"那你有点太敢了"
"","","","","鱼糕今天困了喵",1759498448,"我有学长经历过"
"","","","","鱼糕今天困了喵",1759498384,"能忍住不去医院排队五小时看诊的都是神人了"
"","","","","鱼糕今天困了喵",1759498372,"那是夹住 然后拧那块肉"
"","","","","鱼糕今天困了喵",1759498362,"那都不是啄的"
"","","","","鱼糕今天困了喵",1759498355,"我劝你没事别接近加拿大鹅"
"","","","","鱼糕今天困了喵",1759419090,"快饭饭"
"","","","","鱼糕今天困了喵",1759419058,"一半一半吧 一半小孩"
"","","","","鱼糕今天困了喵",1759418943,"老板糊涂啊"
"","","","","鱼糕今天困了喵",1759418891,"草 这首歌"
"","","","","鱼糕今天困了喵",1759418834,"111不懂就问你这个抢车位是人先站进去吗（"
"","","","","鱼糕今天困了喵",1759418792,"副驾有人嗷"
"","","","","鱼糕今天困了喵",1759418778,"实习期我直接开车送自己去机场的"
"","","","","鱼糕今天困了喵",1759418633,"111驾驶教练不收钱时长不限"
"","","","","鱼糕今天困了喵",1759418595,"共享家园吗 我申请入住"
"","","","","鱼糕今天困了喵",1759418461,"坏盖"
"","","","","鱼糕今天困了喵",1759418458,"盖怎么一天喜欢一个"
"","","","","鱼糕今天困了喵",1759418406,"草"
"","","","","鱼糕今天困了喵",1759418365,"凑整….！"
"","","","","鱼糕今天困了喵",1759418305,"bw下大雨5分钟路程 收我50"
"","","","","鱼糕今天困了喵",1759418171,"每次坐我都觉得他怎么骑那么快"
"","","","","鱼糕今天困了喵",1759418159,"感觉自己骑和做别人的车感觉完全不一样"
"","","","","鱼糕今天困了喵",1759418056,"嘴皮[热][热][热]"
"","","","","鱼糕今天困了喵",1759418010,"我也不骑快 就出去玩玩拍拍照"
"","","","","鱼糕今天困了喵",1759418001,"我有装备的 之前考m2的时候强制的"
"","","","","鱼糕今天困了喵",1759417970,"看看二次元车牌"
"","","","","鱼糕今天困了喵",1759417895,"等有车了挂上去"
"","","","","鱼糕今天困了喵",1759417890,"没有 车牌可以先买"
"","","","","鱼糕今天困了喵",1759417868,"我车牌就是ztmy"
"","","","","鱼糕今天困了喵",1759417863,"我想贴ztmy"
"","","","","鱼糕今天困了喵",1759417831,"必须可以"
"","","","","鱼糕今天困了喵",1759417819,"可以"
"","","","","鱼糕今天困了喵",1759417747,"总余额没这么极限"
"","","","","鱼糕今天困了喵",1759417735,"所以我自己扣了不少在账户里不动"
"","","","","鱼糕今天困了喵",1759417714,"其实还有个原因是我想多存点明年买个摩托车骑一下"
"","","","","鱼糕今天困了喵",1759417693,"或者学个修摩托车 我也很符合资格了[dog]"
"","","","","鱼糕今天困了喵",1759417663,"我很符合资格了"
"","","","","鱼糕今天困了喵",1759417659,"那我不如当靶场安全员好了"
"","","","","鱼糕今天困了喵",1759417633,"滑铁卢怎么你了[热][热]"
"","","","","鱼糕今天困了喵",1759417623,"极限挑战1500三个月启动"
"","","","","鱼糕今天困了喵",1759417608,"算上后面出去玩我加起来刷了3500这个月"
"","","","","鱼糕今天困了喵",1759417577,"对的 刀"
"","","","","鱼糕今天困了喵",1759417500,"本月给学校爆米材料费1500啊"
"","","","","鱼糕今天困了喵",1759417436,"给学校爆米买上课的材料欠不少我评价是"
"","","","","鱼糕今天困了喵",1759417403,"你先别急 那我欠的更多"
"","","","","鱼糕今天困了喵",1759417363,"你想要也没有"
"","","","","鱼糕今天困了喵",1759417353,"我的花呗额度高达500块"
"","","","","鱼糕今天困了喵",1759417248,"我同意了"
"","","","","鱼糕今天困了喵",1759417239,"上个总吧"
"","","","","鱼糕今天困了喵",1759417171,"我就说未保存的数据将会丢失这个提示有用"
"","","","","鱼糕今天困了喵",1759417116,"是个交互"
"","","","","鱼糕今天困了喵",1759417107,"应该在你房间的某个桌子上"
"","","","","鱼糕今天困了喵",1759417054,"睡觉 日记本"
"","","","","鱼糕今天困了喵",1759417034,"礼物更不行 购入那一步就送不出去"
"","","","","鱼糕今天困了喵",1759416999,"有定价限制"
"","","","","鱼糕今天困了喵",1759416993,"主要外区经常用不了国区cdk"
"","","","","鱼糕今天困了喵",1759416981,"我觉得没差多少"
"","","","","鱼糕今天困了喵",1759416914,"让你打开cmd打开什么玩意输入一长串代码的 都是假入库"
"","","","","鱼糕今天困了喵",1759416896,"才是真入库"
"","","","","鱼糕今天困了喵",1759416893,"只有 直接在客户端 输入cdk激活的"
"","","","","鱼糕今天困了喵",1759416873,"但是你的电脑相当于被人家服务器抓了"
"","","","","鱼糕今天困了喵",1759416854,"假入库是给你电脑装个插件 假装有这个游戏了"
"","","","","鱼糕今天困了喵",1759416839,"不是哦"
"","","","","鱼糕今天困了喵",1759416829,"多了塞不进去"
"","","","","鱼糕今天困了喵",1759416825,"捡一堆海胆不如一个高品质"
"","","","","鱼糕今天困了喵",1759416806,"他材料有数量限制的"
"","","","","鱼糕今天困了喵",1759416756,"那我不禁想要问了 你买的真入库还是假入库[dog]"
"","","","","鱼糕今天困了喵",1759416715,"经典高定价"
"","","","","鱼糕今天困了喵",1759416707,"万恶的日厂"
"","","","","鱼糕今天困了喵",1759416701,"话说莱莎居然没有秋促"
"","","","","鱼糕今天困了喵",1759416615,"111我是学生 送我"
"","","","","鱼糕今天困了喵",1759416472,"已经是最高的了"
"","","","","鱼糕今天困了喵",1759416439,"这位吧"
"","","","","鱼糕今天困了喵",1759416416,"有的 兄弟 有的"
"","","","","鱼糕今天困了喵",1759416372,"（正版鱼糕认证"
"","","","","鱼糕今天困了喵",1759416365,"（别的妹妹的牌子也不是第一天戴了（"
"","","","","鱼糕今天困了喵",1759416349,"我只能说 很无敌了"
"","","","","鱼糕今天困了喵",1759416295,"看完你也绷不住"
"","","","","鱼糕今天困了喵",1759416283,"速报 q"
"","","","","鱼糕今天困了喵",1759416022,"新的atelier yumia好像还是这么叫的"
"","","","","鱼糕今天困了喵",1759416004,"还真是"
"","","","","鱼糕今天困了喵",1759415962,"是的 莱莎的炼金工房1"
"","","","","鱼糕今天困了喵",1759415933,"大号诺可爱捏"
"","","","","鱼糕今天困了喵",1759415917,"乐了"
"","","","","鱼糕今天困了喵",1759415880,"后面几代甚至还有海胆长石头上 长箱子上 长草丛里面的"
"","","","","鱼糕今天困了喵",1759415855,"是这样的"
"","","","","鱼糕今天困了喵",1759415713,"肉蛋葱鸡…！"
"","","","","鱼糕今天困了喵",1759415689,"*刺啦刺啦"
"","","","","鱼糕今天困了喵",1759415679,"ok 那诺把我丢锅里面过任务吧"
"","","","","鱼糕今天困了喵",1759415660,"可能后来改的 确实没玩过1代"
"","","","","鱼糕今天困了喵",1759415650,"不是 路边就有"
"","","","","鱼糕今天困了喵",1759415612,"不知道喵 二代三代路上就有好多海胆"
"","","","","鱼糕今天困了喵",1759415585,"收到电话的诺：给我切三斤鱼糕 细细的切成臊子"
"","","","","鱼糕今天困了喵",1759415432,"我有一个想法"
"","","","","鱼糕今天困了喵",1759415368,"原来摄像头是这样实现的吗"
"","","","","鱼糕今天困了喵",1759415358,"草"
"","","","","鱼糕今天困了喵",1759415337,"我之前约了一顿1k5"
"","","","","鱼糕今天困了喵",1759415317,"确实贵啊"
"","","","","鱼糕今天困了喵",1759415267,"哪个寿司店敢给我上冻的我上去两拳"
"","","","","鱼糕今天困了喵",1759415223,"等我钱包回个血"
"","","","","鱼糕今天困了喵",1759415217,"没有 加拿大这边日料还没怎么探索过"
"","","","","鱼糕今天困了喵",1759415187,"感觉鱿鱼不管是软软糯糯还是脆脆都很好吃"
"","","","","鱼糕今天困了喵",1759415161,"喜欢吃鱿鱼和鲷鱼"
"","","","","鱼糕今天困了喵",1759415065,"可以跟别的刺身一起 也可以海鲜饭"
"","","","","鱼糕今天困了喵",1759415018,"我可以狂炫一整盒"
"","","","","鱼糕今天困了喵",1759415000,"我喜欢吃🤤"
"","","","","鱼糕今天困了喵",1759414343,"一张小诺照片+一个粘土人 哐叽一下合成个诺出来"
"","","","","鱼糕今天困了喵",1759414218,"采我"
"","","","","鱼糕今天困了喵",1759414215,"啊对的对的"
"","","","","鱼糕今天困了喵",1759414207,"真采集到碎片人怎么办[热][热]"
"","","","","鱼糕今天困了喵",1759414188,"还采人 你要干什么呀"
"","","","","鱼糕今天困了喵",1759414077,"诺小时候跟诺现在挺像的"
"","","","","鱼糕今天困了喵",1759413988,"差评[傲娇]"
"","","","","鱼糕今天困了喵",1759413742,"有锅了就能进炼金教程了"
"","","","","鱼糕今天困了喵",1759413204,"你要这么说 那其实服饰也没有很像"
"","","","","鱼糕今天困了喵",1759413165,"并非"
"","","","","鱼糕今天困了喵",1759413050,"馒头还不行 不如买俩水球"
"","","","","鱼糕今天困了喵",1759412921,"大礼物 指大圆"
"","","","","鱼糕今天困了喵",1759412817,"诶哟我 你看看 人家就正对观众"
"","","","","鱼糕今天困了喵",1759412736,"怎么被一脚踢似了"
"","","","","鱼糕今天困了喵",1759412583,"会的 会的 会的"
"","","","","鱼糕今天困了喵",1759412550,"我感觉我的sc又要消失两天了"
"","","","","鱼糕今天困了喵",1759412478,"我服了 sc每个都进审核"
"","","","","鱼糕今天困了喵",1759412229,"突然发出了痴汉的动静怎么回事"
"","","","","鱼糕今天困了喵",1759412202,"太美味了"
"","","","","鱼糕今天困了喵",1759412122,"[热][热][热][热][热][热][热][热][热][热]"
"","","","","鱼糕今天困了喵",1759412118,"诶哟我"
"","","","","鱼糕今天困了喵",1759411931,"[热][热][热][热][热][热]劲呐"
"","","","","鱼糕今天困了喵",1759411895,"打不到我 嘻嘻"
"","","","","鱼糕今天困了喵",1759411890,"太好了 还好我是紫色诺球球"
"","","","","鱼糕今天困了喵",1759411779,"不怎么能"
"","","","","鱼糕今天困了喵",1759411721,"上次喷三打到一半对面一个大招砸我脸上给我整卡了没绷住"
"","","","","鱼糕今天困了喵",1759411681,"是这样的 王泪余料建造的时候也卡"
"","","","","鱼糕今天困了喵",1759411606,"ns也有 对的"
"","","","","鱼糕今天困了喵",1759411590,"我觉得大概率b站小水管堵住了传不上去"
"","","","","鱼糕今天困了喵",1759411575,"低清这件事还不能怪pc性能"
"","","","","鱼糕今天困了喵",1759411380,"懂了 vr借你玩生化危机[dog][dog]"
"","","","","鱼糕今天困了喵",1759411342,"喜欢前往犯罪现场的 往往是______…？（）"
"","","","","鱼糕今天困了喵",1759411251,"我帮你存点也可以[dog]"
"","","","","鱼糕今天困了喵",1759411237,"鸡蛋多放几个篮子"
"","","","","鱼糕今天困了喵",1759411231,"太吓人了 雾雨薰那边这么危险 把电池给诺保管点吧"
"","","","","鱼糕今天困了喵",1759411076,"不用血书 我预定了"
"","","","","鱼糕今天困了喵",1759411058,"跟符文工房还不太一样…？"
"","","","","鱼糕今天困了喵",1759411042,"就是打怪砍树拿材料炼金升级"
"","","","","鱼糕今天困了喵",1759410960,"莱莎是个 炼金工房 系列的游戏（这是什么解释啊喂"
"","","","","鱼糕今天困了喵",1759410885,"偷偷看了一下别的妹妹回来了（"
"","","","","鱼糕今天困了喵",1759410791,"先看完吧 等能动了就能调了"
"","","","","鱼糕今天困了喵",1759325080,"[花]"
"","","","","鱼糕今天困了喵",1759325076,"好的喵 跑了喵"
"","","","","鱼糕今天困了喵",1759294309,"拜拜———"
"","","","","鱼糕今天困了喵",1759294272,"乐"
"","","","","鱼糕今天困了喵",1759294248,"就16+16了"
"","","","","鱼糕今天困了喵",1759294243,"你这个可能是多加了一条16"
"","","","","鱼糕今天困了喵",1759294208,"慢慢折腾吧 多折腾折腾就都会了"
"","","","","鱼糕今天困了喵",1759294191,"很好了"
"","","","","鱼糕今天困了喵",1759294182,"那很爽了"
"","","","","鱼糕今天困了喵",1759294173,"诶哟我 可以啊"
"","","","","鱼糕今天困了喵",1759294016,"哦那很合理了"
"","","","","鱼糕今天困了喵",1759293998,"你们有没有说什么软件一定要下的也可以现在装一下"
"","","","","鱼糕今天困了喵",1759293978,"先下个qq微信？"
"","","","","鱼糕今天困了喵",1759293934,"那是十年之前的老历史记录了我的评价是"
"","","","","鱼糕今天困了喵",1759293911,"现在电脑没那么需要自己动手"
"","","","","鱼糕今天困了喵",1759293902,"有问题再说"
"","","","","鱼糕今天困了喵",1759293896,"驱动不管 应该也自带的"
"","","","","鱼糕今天困了喵",1759293883,"如果自带office登陆的时候自动就绑上去了"
"","","","","鱼糕今天困了喵",1759293863,"现在都没有激活码了"
"","","","","鱼糕今天困了喵",1759293839,"好耶"
"","","","","鱼糕今天困了喵",1759293837,"对的对的"
"","","","","鱼糕今天困了喵",1759293799,"听 电表的声音（）"
"","","","","鱼糕今天困了喵",1759293648,"反正最后让你输哪个能记住就好了"
"","","","","鱼糕今天困了喵",1759293630,"密码要完整点的"
"","","","","鱼糕今天困了喵",1759293617,"pin和密码是两个东西 但都是密码"
"","","","","鱼糕今天困了喵",1759293590,"是"
"","","","","鱼糕今天困了喵",1759293466,"谷歌跟这个没关系"
"","","","","鱼糕今天困了喵",1759293441,"或者你玩过mc这种要登录的也会有账户"
"","","","","鱼糕今天困了喵",1759293384,"那就是你之前用这个邮箱登过别的电脑"
"","","","","鱼糕今天困了喵",1759293298,"受不了这个吞"
"","","","","鱼糕今天困了喵",1759293288,"我直接群打字了"
"","","","","鱼糕今天困了喵",1759293248,"吞了 没看见"
"","","","","鱼糕今天困了喵",1759293216,"填邮箱"
"","","","","鱼糕今天困了喵",1759293168,"点立刻创建一个"
"","","","","鱼糕今天困了喵",1759293128,"好耶"
"","","","","鱼糕今天困了喵",1759292957,"答应我 别装360腾讯管家之类的 好吗"
"","","","","鱼糕今天困了喵",1759292916,"一般会的话可以捣鼓捣鼓设置啥的"
"","","","","鱼糕今天困了喵",1759292901,"更新好了反正能先用"
"","","","","鱼糕今天困了喵",1759292600,"我那个鼠标900"
"","","","","鱼糕今天困了喵",1759292591,"功能多反应快就贵一点"
"","","","","鱼糕今天困了喵",1759292573,"鼠标可以买个稍微好点的 后面不容易出问题"
"","","","","鱼糕今天困了喵",1759292521,"没啥说法 想买啥买啥"
"","","","","鱼糕今天困了喵",1759292385,"建模后面没鼠标很难受的"
"","","","","鱼糕今天困了喵",1759292372,"再买个鼠标吧"
"","","","","鱼糕今天困了喵",1759292280,"这会儿扔床上可以"
"","","","","鱼糕今天困了喵",1759292272,"用起来了放桌上就行"
"","","","","鱼糕今天困了喵",1759292204,"马上专业课学什么呀"
"","","","","鱼糕今天困了喵",1759292197,"加油喵"
"","","","","鱼糕今天困了喵",1759292095,"111电池能不能自己把自己喂饱"
"","","","","鱼糕今天困了喵",1759241598,"诶哟我打错字了喵"
"","","","","鱼糕今天困了喵",1759241463,"该学习了 跑了喵"
"","","","","鱼糕今天困了喵",1759241211,"这个看过"
"","","","","鱼糕今天困了喵",1759241203,"草"
"","","","","鱼糕今天困了喵",1759240925,"坏了 今天这个举牌券 好多动作我都想要"
"","","","","鱼糕今天困了喵",1759240745,"也没有很科普 你猜猜为什么"
"","","","","鱼糕今天困了喵",1759240733,"《物理尖锐性》"
"","","","","鱼糕今天困了喵",1759240563,"有点bt了"
"","","","","鱼糕今天困了喵",1759240558,"？"
"","","","","鱼糕今天困了喵",1759240516,"这位顾客大人 要上三楼吗"
"","","","","鱼糕今天困了喵",1759240480,"无敌了"
"","","","","鱼糕今天困了喵",1759240477,"诶哟我发不出来"
"","","","","鱼糕今天困了喵",1759240459,"？并非"
"","","","","鱼糕今天困了喵",1759240403,"那我也要"
"","","","","鱼糕今天困了喵",1759240314,"哈气了"
"","","","","鱼糕今天困了喵",1759240290,"不会吧诶哟我这啥问题"
"","","","","鱼糕今天困了喵",1759240271,"好听 好瓜"
"","","","","鱼糕今天困了喵",1759240047,"鱼糕怎么这么坏"
"","","","","鱼糕今天困了喵",1759240043,"鱼糕是这样的啊"
"","","","","鱼糕今天困了喵",1759239976,"能不能安排一下死盖qaq（）"
"","","","","鱼糕今天困了喵",1759239966,"111就想听这些的"
"","","","","鱼糕今天困了喵",1759239920,"我也有照片"
"","","","","鱼糕今天困了喵",1759239903,"还不少"
"","","","","鱼糕今天困了喵",1759239896,"真的有的"
"","","","","鱼糕今天困了喵",1759239844,"那…那请抓[热] 劲呐"
"","","","","鱼糕今天困了喵",1759239768,"c！抓！*拉过来摸摸"
"","","","","鱼糕今天困了喵",1759239735,"太好认了喵"
"","","","","鱼糕今天困了喵",1759239725,"一眼认出来了喵"
"","","","","鱼糕今天困了喵",1759239630,"诺怎么骗别的小孩不骗鱼糕"
"","","","","鱼糕今天困了喵",1759239576,"你要是说了成功了那也不用找对象[dog]"
"","","","","鱼糕今天困了喵",1759239485,"你这样说 洋芋饭卷会伤心哭哭原地打转的"
"","","","","鱼糕今天困了喵",1759239460,"1542225留给我吧"
"","","","","鱼糕今天困了喵",1759239397,"666还有川剧"
"","","","","鱼糕今天困了喵",1759239325,"吓哭了 这个诺怎么这么坏啊"
"","","","","鱼糕今天困了喵",1759239204,"那很失望了"
"","","","","鱼糕今天困了喵",1759239161,"不为了什么 纯好奇"
"","","","","鱼糕今天困了喵",1759239157,"我劝你 让我看看怎么互摸的嗷"
"","","","","鱼糕今天困了喵",1759239140,"？"
"","","","","鱼糕今天困了喵",1759239099,"诺小只还在装大人"
"","","","","鱼糕今天困了喵",1759239084,"确实小孩"
"","","","","鱼糕今天困了喵",1759239069,"诶哟 小哈基诺怎么哈气了"
"","","","","鱼糕今天困了喵",1759239047,"那就只能发信息聊天了"
"","","","","鱼糕今天困了喵",1759239040,"后面限速 不收钱"
"","","","","鱼糕今天困了喵",1759239016,"不听不听不听我也要"
"","","","","鱼糕今天困了喵",1759238973,"差不多能用到100 天天边走路边刷视频用的快"
"","","","","鱼糕今天困了喵",1759238918,"那鱼糕呢"
"","","","","鱼糕今天困了喵",1759238912,"为什么只有死盖有两巴掌"
"","","","","鱼糕今天困了喵",1759238877,"我一个月有120g 用吧 我要看流畅诺"
"","","","","鱼糕今天困了喵",1759238758,"所以我现在正在流量看诺"
"","","","","鱼糕今天困了喵",1759238720,"理论上是学费里面带了 但天天卡 传图片传一万年"
"","","","","鱼糕今天困了喵",1759238701,"0刀 eduroam"
"","","","","鱼糕今天困了喵",1759122364,"[热]"
"","","","","鱼糕今天困了喵",1759122278,"我默认质疑自己校园网"
"","","","","鱼糕今天困了喵",1759122266,"笑死了我这边纯属信号满格网速随缘"
"","","","","鱼糕今天困了喵",1759122244,"哦 ok"
"","","","","鱼糕今天困了喵",1759122239,"是我卡了吗"
"","","","","鱼糕今天困了喵",1759122162,"啧啧啧 你怎么知道我还加了俩卤蛋"
"","","","","鱼糕今天困了喵",1759122098,"你怎么知道我今天晚饭是加量隆江猪脚饭"
"","","","","鱼糕今天困了喵",1759121862,"我要什么时候掉舰了请狠狠踢我两脚喊我过来"
"","","","","鱼糕今天困了喵",1759121524,"那很神奇了 兄弟我研究研究"
"","","","","鱼糕今天困了喵",1759121471,"你醒啦 你已经变成女孩子咯"
"","","","","鱼糕今天困了喵",1759073711,"可能是b站的问题吧 我也卡卡的"
"","","","","鱼糕今天困了喵",1759073700,"常服可爱喵"
"","","","","鱼糕今天困了喵",1759073378,"这里是鱼糕的直播间"
"","","","","鱼糕今天困了喵",1759073330,"想她"
"","","","","鱼糕今天困了喵",1759070970,"我求求你了"
"","","","","鱼糕今天困了喵",1759070958,"？？？？？？"
"","","","","鱼糕今天困了喵",1759070574,"收了也是统一送到行政楼 等于没送"
"","","","","鱼糕今天困了喵",1759070559,"我们跟那几个老师很熟了 玩电脑玩手机都没事的（"
"","","","","鱼糕今天困了喵",1759070517,"高中学校开分校区的时候调走了一部分行政楼的老师 我直接抢占空座位当办公位（（"
"","","","","鱼糕今天困了喵",1759067969,"那给诺变个别的吧 11111先变猫娘"
"","","","","鱼糕今天困了喵",1759067841,"前面忘了 后面忘了 总之送我一只"
"","","","","鱼糕今天困了喵",1759067779,"来来来那只不听话的发来"
"","","","","鱼糕今天困了喵",1759067646,"找别人去了"
"","","","","鱼糕今天困了喵",1759067626,"2号小诺：唉哟我这个本体怎么这么坏"
"","","","","鱼糕今天困了喵",1759067568,"不工作的时候我也可以抢走了"
"","","","","鱼糕今天困了喵",1759067562,"这样小诺复制人就可以工作了"
"","","","","鱼糕今天困了喵",1759067554,"诺复制一只小诺吧"
"","","","","鱼糕今天困了喵",1759067161,"不习惯"
"","","","","鱼糕今天困了喵",1759067152,"不睡"
"","","","","鱼糕今天困了喵",1759067101,"没有（（（我还是2点睡的（（"
"","","","","鱼糕今天困了喵",1759067079,"想她"
"","","","","鱼糕今天困了喵",1759067072,"当然是为了看播播"
"","","","","鱼糕今天困了喵",1759067042,"想玩了 舞萌dx启动一下"
"","","","","鱼糕今天困了喵",1759065918,"其实是诺小只 可以一只手举起来两只"
"","","","","鱼糕今天困了喵",1759065891,"太强大了"
"","","","","鱼糕今天困了喵",1759065824,"可爱喵 出图好快喵"
"","","","","鱼糕今天困了喵",1759065750,"怎么我都加过喵"
"","","","","鱼糕今天困了喵",1759065743,"是不是偷看我播放列表喵"
"","","","","鱼糕今天困了喵",1759034825,"诶呀这个seren怎么这么坏啊"
"","","","","腿酱单推人",1758986618,"午安喵"
"","","","","腿酱单推人",1758986390,"椅子小姐：谢谢老板喵"
"","","","","腿酱单推人",1758986295,"ok 那就火星人"
"","","","","腿酱单推人",1758986278,"yorushika的"
"","","","","腿酱单推人",1758986271,"火星人放过没"
"","","","","腿酱单推人",1758986249,"我找一下"
"","","","","腿酱单推人",1758986194,"诺什么时候能出莱莎了也 通知我就行"
"","","","","腿酱单推人",1758986080,"你挑吧 挑完通知我就行"
"","","","","腿酱单推人",1758986069,"我都行"
"","","","","腿酱单推人",1758986053,"周二呢"
"","","","","腿酱单推人",1758986045,"能周四周五吗"
"","","","","腿酱单推人",1758986028,"对的"
"","","","","腿酱单推人",1758985932,"鱼糕会默默的等着的（催更"
"","","","","腿酱单推人",1758985920,"诺慢慢忙"
"","","","","腿酱单推人",1758985869,"让鱼糕免费打工"
"","","","","腿酱单推人",1758985859,"照片不够用可以给鱼糕一脚"
"","","","","腿酱单推人",1758985824,"oui"
"","","","","腿酱单推人",1758985736,"我信"
"","","","","腿酱单推人",1758985717,"哈————————"
"","","","","腿酱单推人",1758985681,"柔情猫娘喵"
"","","","","腿酱单推人",1758985674,"那不如变猫娘了喵"
"","","","","腿酱单推人",1758985630,"怎么标记不是标记"
"","","","","腿酱单推人",1758985624,"都是标记主权"
"","","","","腿酱单推人",1758985598,"本质上是一样的好吧"
"","","","","腿酱单推人",1758985570,"诺脑在想什么啊喂"
"","","","","腿酱单推人",1758985556,"标记了一处地点"
"","","","","腿酱单推人",1758985524,"可以 诺过来给我咬一口"
"","","","","腿酱单推人",1758985451,"诺米饭...斯哈斯哈"
"","","","","腿酱单推人",1758985444,"好吃喵好吃喵就要吃掉喵"
"","","","","腿酱单推人",1758985275,"感觉肉不够我吃的"
"","","","","腿酱单推人",1758985160,"我吃不到"
"","","","","腿酱单推人",1758985158,"那诺喂我"
"","","","","腿酱单推人",1758985104,"鱼糕吃太好了 建议给诺吃"
"","","","","腿酱单推人",1758985097,"我还以为诺要说"
"","","","","腿酱单推人",1758985063,"不太常见"
"","","","","腿酱单推人",1758985043,"诶哟我这小动静"
"","","","","腿酱单推人",1758985016,"我这边没有"
"","","","","腿酱单推人",1758985007,"今天想点猪脚饭 明天想点炸鸡"
"","","","","腿酱单推人",1758984918,"喂我"
"","","","","腿酱单推人",1758984911,"给我说饿了"
"","","","","腿酱单推人",1758984888,"我要开始野史了"
"","","","","腿酱单推人",1758984875,"《我的脸就是我的腿》"
"","","","","腿酱单推人",1758984848,"“捏捏____——”"
"","","","","腿酱单推人",1758984738,"不行 哪个好看哪个不好看我还是有数的"
"","","","","腿酱单推人",1758984664,"诺广告吗 贴我脸上"
"","","","","腿酱单推人",1758984579,"老板 使用了 看看！（效果拔群！）"
"","","","","腿酱单推人",1758984463,"拿捏 呼呼呼"
"","","","","腿酱单推人",1758984414,"你看 你一说糊涂 她就主动请出这位小姐了"
"","","","","腿酱单推人",1758984400,"那很对了"
"","","","","腿酱单推人",1758984398,"那不糊涂了"
"","","","","腿酱单推人",1758984342,"老板糊涂啊"
"","","","","鱼糕今天困了喵",1758984249,"椅子小姐出来感谢一下"
"","","","","鱼糕今天困了喵",1758984205,"谢谢老板的船票！"
"","","","","鱼糕今天困了喵",1758984189,"老板！！！！！！"
"","","","","鱼糕今天困了喵",1758984157,"诺 对 诺球球 发动了 假哭...！（但好像效果微弱）"
"","","","","鱼糕今天困了喵",1758984101,"1-8"
"","","","","鱼糕今天困了喵",1758984078,"有没有糊涂老板prprpr"
"","","","","鱼糕今天困了喵",1758984005,"70….！！gogogo！"
"","","","","鱼糕今天困了喵",1758983916,"自动一般12-12:30"
"","","","","鱼糕今天困了喵",1758983889,"自动不是这个时间"
"","","","","鱼糕今天困了喵",1758983828,"ok 马上就抓走"
"","","","","鱼糕今天困了喵",1758983804,"诺喜欢什么颜色的麻袋"
"","","","","鱼糕今天困了喵",1758983748,"快进到一只手把诺举起来"
"","","","","鱼糕今天困了喵",1758983728,"1.5诺大仍然小只"
"","","","","鱼糕今天困了喵",1758983618,"然后pua你说不关心他们的乘坐体验"
"","","","","鱼糕今天困了喵",1758983608,"1个"
"","","","","鱼糕今天困了喵",1758983561,"太形象了"
"","","","","鱼糕今天困了喵",1758983558,"666666666笑死了"
"","","","","鱼糕今天困了喵",1758983550,"火柴人还是太先进了"
"","","","","鱼糕今天困了喵",1758983541,"我也没见过"
"","","","","鱼糕今天困了喵",1758983485,"诺怎么这么坏啊"
"","","","","鱼糕今天困了喵",1758983371,"直播的这个是鱼糕"
"","","","","鱼糕今天困了喵",1758983365,"其实我才是雨诺akari"
"","","","","鱼糕今天困了喵",1758983311,"好吃爱吃"
"","","","","鱼糕今天困了喵",1758983274,"一般是煮的吧"
"","","","","鱼糕今天困了喵",1758983255,"那很香了"
"","","","","鱼糕今天困了喵",1758983172,"抢钱啊"
"","","","","鱼糕今天困了喵",1758983166,"我勒个"
"","","","","鱼糕今天困了喵",1758983144,"22.99"
"","","","","鱼糕今天困了喵",1758983140,"？？？"
"","","","","鱼糕今天困了喵",1758983116,"8.99"
"","","","","鱼糕今天困了喵",1758983089,"有不同的可以选"
"","","","","鱼糕今天困了喵",1758983084,"你可以选甜汤或者咸汤的"
"","","","","鱼糕今天困了喵",1758983035,"超好吃 都去吃"
"","","","","鱼糕今天困了喵",1758982988,"我强烈推荐"
"","","","","鱼糕今天困了喵",1758982984,"pani puri好吃"
"","","","","鱼糕今天困了喵",1758982930,"没别人好 那么菜就多练"
"","","","","鱼糕今天困了喵",1758982865,"其实我觉得印度咖喱挺好吃的（）"
"","","","","鱼糕今天困了喵",1758982849,"M….umbai！"
"","","","","鱼糕今天困了喵",1758982844,"M开头的印度城市 好难猜啊"
"","","","","鱼糕今天困了喵",1758982810,"新德里…！"
"","","","","鱼糕今天困了喵",1758982790,"这已经是公开的秘密了"
"","","","","鱼糕今天困了喵",1758982784,"然后偷偷留着"
"","","","","鱼糕今天困了喵",1758982775,"是的 有人会申报说丢池塘了"
"","","","","鱼糕今天困了喵",1758982751,"有华人区的 我要说起一个叫做spadina ave的地方了"
"","","","","鱼糕今天困了喵",1758982728,"但是黑的那没办法管"
"","","","","鱼糕今天困了喵",1758982709,"不可以在路上掏 不能带去别的地方"
"","","","","鱼糕今天困了喵",1758982691,"我们是只可以在家和在靶场运输"
"","","","","鱼糕今天困了喵",1758982672,"并非按城市农村分类"
"","","","","鱼糕今天困了喵",1758982663,"并非禁了"
"","","","","鱼糕今天困了喵",1758982638,"约等于在我这边"
"","","","","鱼糕今天困了喵",1758982634,"在隔壁城市 我们这俩城市没有边界算是"
"","","","","鱼糕今天困了喵",1758982563,"没注册 黑的"
"","","","","鱼糕今天困了喵",1758982549,"拿着把g19在街上"
"","","","","鱼糕今天困了喵",1758982520,"前两天才抓了俩 一个19一个16"
"","","","","鱼糕今天困了喵",1758982510,"现在连我们这边都有了"
"","","","","鱼糕今天困了喵",1758982380,"我朋友住的地方更是人才辈出"
"","","","","鱼糕今天困了喵",1758982368,"并非少见"
"","","","","鱼糕今天困了喵",1758982236,"😨😨😨😨😨我勒个"
"","","","","鱼糕今天困了喵",1758981955,"吓哭了"
"","","","","鱼糕今天困了喵",1758981797,"当前待出行来到了15段[dog]"
"","","","","鱼糕今天困了喵",1758981771,"啧啧啧"
"","","","","鱼糕今天困了喵",1758981768,"然后再跟家里人出去玩玩"
"","","","","鱼糕今天困了喵",1758981757,"诶呀 可能之后再去日本看个ztmy"
"","","","","鱼糕今天困了喵",1758981713,"4月中去台北[dog]"
"","","","","鱼糕今天困了喵",1758981700,"定的是暑假[dog]"
"","","","","鱼糕今天困了喵",1758981689,"我没有"
"","","","","鱼糕今天困了喵",1758981681,"那我去看别的妹妹咯"
"","","","","鱼糕今天困了喵",1758981629,"我还想去"
"","","","","鱼糕今天困了喵",1758981591,"日本签证超值"
"","","","","鱼糕今天困了喵",1758981081,"送我"
"","","","","鱼糕今天困了喵",1758981079,"我是学生"
"","","","","鱼糕今天困了喵",1758981075,"好多提督"
"","","","","鱼糕今天困了喵",1758980987,"！老板…！"
"","","","","鱼糕今天困了喵",1758980951,"可以的"
"","","","","鱼糕今天困了喵",1758980904,"（暗示"
"","","","","鱼糕今天困了喵",1758980885,"想要提前可以1980来个舰长一号"
"","","","","鱼糕今天困了喵",1758980875,"对的"
"","","","","鱼糕今天困了喵",1758980845,"舰长有效但取消续费也168"
"","","","","鱼糕今天困了喵",1758980833,"只有初次连续续费舰长不中断不取消才138"
"","","","","鱼糕今天困了喵",1758980790,"现在上怎么都得198[热]"
"","","","","鱼糕今天困了喵",1758980781,"我连168都没有了"
"","","","","鱼糕今天困了喵",1758980752,"刷过了就有记录了"
"","","","","鱼糕今天困了喵",1758980745,"牌子删了不重置138的"
"","","","","鱼糕今天困了喵",1758980729,"好像差不太多"
"","","","","鱼糕今天困了喵",1758980721,"那我只要两个馒头"
"","","","","鱼糕今天困了喵",1758980685,"[大哭]"
"","","","","鱼糕今天困了喵",1758980668,"他在地上跑不快的"
"","","","","鱼糕今天困了喵",1758980662,"你不许骑鲨鱼"
"","","","","鱼糕今天困了喵",1758980650,"[热][热][热]"
"","","","","鱼糕今天困了喵",1758980630,"跟我想的是一个东西吗"
"","","","","鱼糕今天困了喵",1758980624,"huh 那我好像 知道了…？"
"","","","","鱼糕今天困了喵",1758980562,"《假的小马》"
"","","","","鱼糕今天困了喵",1758980313,"没事主包 我保证不笑"
"","","","","鱼糕今天困了喵",1758980289,"我也想看"
"","","","","鱼糕今天困了喵",1758813937,"午安喵———"
"","","","","鱼糕今天困了喵",1758813791,"既然提起了我肯定要出击的"
"","","","","鱼糕今天困了喵",1758813776,"诶哟 太懂我了"
"","","","","鱼糕今天困了喵",1758813646,"举牌可以带上它吗（）"
"","","","","鱼糕今天困了喵",1758812746,"这么坏 那我看别的小诺去了"
"","","","","鱼糕今天困了喵",1758812257,"草"
"","","","","鱼糕今天困了喵",1758811788,"我都是下午一两点的"
"","","","","鱼糕今天困了喵",1758811781,"那很不能睡了"
"","","","","鱼糕今天困了喵",1758811640,"特意装修的时候选的100%遮光"
"","","","","鱼糕今天困了喵",1758811627,"你知道吗 我卧室就是暗房 也可以洗胶片做照片[dog]"
"","","","","鱼糕今天困了喵",1758811574,"我刚刚手机丢下去暗房了"
"","","","","鱼糕今天困了喵",1758810000,"[doge2]"
"","","","","鱼糕今天困了喵",1758809994,"喂我"
"","","","","鱼糕今天困了喵",1758809910,"没事 收不了可以送给鱼糕喵"
"","","","","鱼糕今天困了喵",1758808588,"到教室了 被泡发成鱼豆腐了"
"","","","","鱼糕今天困了喵",1758808426,"经典打一巴掌摸两下"
"","","","","鱼糕今天困了喵",1758807892,"诺 教我修图"
"","","","","鱼糕今天困了喵",1758807723,"老板糊涂啊————"
"","","","","鱼糕今天困了喵",1758807616,"坏 怎么又在下雨"
"","","","","鱼糕今天困了喵",1758807425,"还好我们这边tnt全是华人"
"","","","","鱼糕今天困了喵",1758807417,"[热][热][热]"
"","","","","鱼糕今天困了喵",1758807398,"七层吗 那很鹰逃小嘴了"
"","","","","鱼糕今天困了喵",1758807209,"666还有m汉堡"
"","","","","鱼糕今天困了喵",1758807139,"不要～"
"","","","","鱼糕今天困了喵",1758645223,"真笑了"
"","","","","鱼糕今天困了喵",1758645205,"学艺术吗 我们班25个人0个人知道毕业要干什么[大哭]"
"","","","","鱼糕今天困了喵",1758552879,"答不上来看别的妹妹咯"
"","","","","鱼糕今天困了喵",1758552869,"那我问你我是哪天生日[dog]"
"","","","","鱼糕今天困了喵",1758552838,"确实没电池了 不额外加了"
"","","","","鱼糕今天困了喵",1758552823,"哎呀也就跟鱼糕差不多好吧"
"","","","","鱼糕今天困了喵",1758552791,"居然说过了喵"
"","","","","鱼糕今天困了喵",1758552779,"诶呀忘记了喵"
"","","","","鱼糕今天困了喵",1758552657,"bur 这是在聊啥啊"
"","","","","鱼糕今天困了喵",1758552306,"我现在吃双层皇堡感觉不够吃"
"","","","","鱼糕今天困了喵",1758552293,"我感觉bk是变小了"
"","","","","鱼糕今天困了喵",1758552169,"[热][热]"
"","","","","鱼糕今天困了喵",1758552154,"点名burger king"
"","","","","鱼糕今天困了喵",1758552141,"确实小"
"","","","","鱼糕今天困了喵",1758552065,"吃的真香吧（"
"","","","","鱼糕今天困了喵",1758552053,"吃饭也可爱捏"
"","","","","鱼糕今天困了喵",1758551982,"我要说起一个人在漫展干饭的事了"
"","","","","鱼糕今天困了喵",1758551838,"麦辣鸡腿好吃"
"","","","","鱼糕今天困了喵",1758551801,"麦香鱼也没有那么好吃 但就是想吃"
"","","","","鱼糕今天困了喵",1758551784,"想吃麦香鱼"
"","","","","鱼糕今天困了喵",1758551265,"哦对哦 我说这么这么熟悉"
"","","","","鱼糕今天困了喵",1758551229,"这是什么歌"
"","","","","鱼糕今天困了喵",1758551183,"这回听懂了"
"","","","","鱼糕今天困了喵",1758551153,"但凡有个人打rcmp电话直接抬走"
"","","","","鱼糕今天困了喵",1758551140,"9mm从带出门的那一刻就完蛋了"
"","","","","鱼糕今天困了喵",1758550499,"喂我 谢谢"
"","","","","鱼糕今天困了喵",1758550486,"给我说馋了"
"","","","","鱼糕今天困了喵",1758550481,"想吃猪脚饭了"
"","","","","鱼糕今天困了喵",1758550275,"给别的妹妹（速答"
"","","","","鱼糕今天困了喵",1758550157,"我穿吗 那很不美味了"
"","","","","鱼糕今天困了喵",1758550142,"🦵🏻…！"
"","","","","鱼糕今天困了喵",1758549938,"只是想拳击一下"
"","","","","鱼糕今天困了喵",1758549927,"不要干啥 拳一下再说（"
"","","","","鱼糕今天困了喵",1758549872,"哇还是烤诺"
"","","","","鱼糕今天困了喵",1758549611,"草（）"
"","","","","鱼糕今天困了喵",1758549580,"嘬嘬可爱捏"
"","","","","鱼糕今天困了喵",1758549565,"草 原来是这样吗"
"","","","","鱼糕今天困了喵",1758549558,"等等 我成新粉了？（）"
"","","","","鱼糕今天困了喵",1758549412,"我本来说等你玩了预约个莱莎cos"
"","","","","鱼糕今天困了喵",1758549397,"那不得不指定了"
"","","","","鱼糕今天困了喵",1758549322,"诺什么时候玩了记得提醒我"
"","","","","鱼糕今天困了喵",1758549230,"那很好玩了"
"","","","","鱼糕今天困了喵",1758549224,"什么 诺说要玩莱莎的炼金工房"
"","","","","鱼糕今天困了喵",1758549144,"传下去 诺说要cos莱莎…？"
"","","","","鱼糕今天困了喵",1758549047,"可爱喵 看看__酱"
"","","","","鱼糕今天困了喵",1758548933,"有小笨蛋只带了变焦f4"
"","","","","鱼糕今天困了喵",1758548914,"羡慕大虚化"
"","","","","鱼糕今天困了喵",1758548827,"其实诺两米一"
"","","","","鱼糕今天困了喵",1758548773,"（蹲下抱头）"
"","","","","鱼糕今天困了喵",1758548765,"诺为什么后背对着直播间"
"","","","","鱼糕今天困了喵",1758548745,"好的喵"
"","","","","鱼糕今天困了喵",1758548664,"诺要看预览吗 虽然没调完（）"
"","","","","鱼糕今天困了喵",1758548654,"我拉了半天lr现在看起来不暗了"
"","","","","鱼糕今天困了喵",1758548581,"真快吧"
"","","","","鱼糕今天困了喵",1758548533,"“鱼糕再不出图就要被踢走了哦”"
"","","","","鱼糕今天困了喵",1758548505,"下次 请诺直接压力鱼糕"
"","","","","鱼糕今天困了喵",1758548430,"没错 是我绑走的诺"
"","","","","鱼糕今天困了喵",1758548362,"坏了 鱼糕进度还是太落后了"
"","","","","鱼糕今天困了喵",1758548348,"居然已经有照片可以看了吗"
"","","","","鱼糕今天困了喵",1758548215,"鱼糕不用说喵 鱼糕会直接拍照片给自己喂饭"
"","","","","鱼糕今天困了喵",1758548123,"对的 所以别管这么多 先看看__酱"
"","","","","鱼糕今天困了喵",1758375250,"笑了"
"","","","","鱼糕今天困了喵",1758375241,"有人放了一个小时的死别"
"","","","","鱼糕今天困了喵",1758375135,"没说水厕所很好了"
"","","","","鱼糕今天困了喵",1758375017,"诶哟我"
"","","","","鱼糕今天困了喵",1758374837,"劲呐[热][热]"
"","","","","鱼糕今天困了喵",1758374757,"什么叫 被拍下来了"
"","","","","鱼糕今天困了喵",1758374751,"？？？"
"","","","","鱼糕今天困了喵",1758374704,"有点太神秘了"
"","","","","鱼糕今天困了喵",1758374688,"？"
"","","","","鱼糕今天困了喵",1758374361,"什么 可以购入萌喵殿下？"
"","","","","鱼糕今天困了喵",1758374270,"不是加拿大鹅？不是加拿大鹅？（（（"
"","","","","鱼糕今天困了喵",1758374189,"吃瓜那不得不来了"
"","","","","鱼糕今天困了喵",1758374128,"并非稍微"
"","","","","鱼糕今天困了喵",1758374106,"能不能给个隐藏链接看看[热]"
"","","","","鱼糕今天困了喵",1758374086,"诺我想看[热]"
"","","","","鱼糕今天困了喵",1758373807,"我直接在桌子上睡觉（没有"
"","","","","鱼糕今天困了喵",1758373798,"哇 大摊位"
"","","","","鱼糕今天困了喵",1758373577,"萌喵殿下这一块"
"","","","","鱼糕今天困了喵",1758373370,"那很有延展性了"
"","","","","鱼糕今天困了喵",1758373134,"传下去 萌喵殿下在直播间公然逼问舰长今天穿的什么颜色"
"","","","","鱼糕今天困了喵",1758373052,"我觉得都不重要 从白袜那边开始就听懂了"
"","","","","鱼糕今天困了喵",1758372987,"我怎么听不明白呢[dog]"
"","","","","鱼糕今天困了喵",1758372968,"[热]"
"","","","","鱼糕今天困了喵",1758372948,"《0是什么》"
"","","","","鱼糕今天困了喵",1758372906,"0"
"","","","","鱼糕今天困了喵",1758372782,"里面是被捆走的鱼糕[热]"
"","","","","鱼糕今天困了喵",1758372715,"诶你怎么回来的这么快（）"
"","","","","鱼糕今天困了喵",1758372706,"[大哭][大哭][大哭]"
"","","","","鱼糕今天困了喵",1758372475,"现金可以偷偷跳过小费环节[dog]"
"","","","","鱼糕今天困了喵",1758372432,"我寻摸寻摸还有没有"
"","","","","鱼糕今天困了喵",1758372423,"坏"
"","","","","鱼糕今天困了喵",1758372416,"huh"
"","","","","鱼糕今天困了喵",1758372274,"收到 偷拍诺营业"
"","","","","鱼糕今天困了喵",1758310190,"一战变成大将军了"
"","","","","鱼糕今天困了喵",1758309854,"坏了 又想起合金魔丸砸核桃了"
"","","","","鱼糕今天困了喵",1758309812,"神秘魔丸秘传"
"","","","","鱼糕今天困了喵",1758308811,"不对不对 啊对的对的"
"","","","","鱼糕今天困了喵",1758308148,"太对了 这就是我认识的夜车啊"
"","","","","鱼糕今天困了喵",1758294994,"播…播完了…？"
"","","","","鱼糕今天困了喵",1758115982,"图书馆启动"
"","","","","鱼糕今天困了喵",1758115978,"啧 不是很想去早10的课"
"","","","","鱼糕今天困了喵",1758115278,"可以上柔光的 能机外滤镜的坚决不机内"
"","","","","鱼糕今天困了喵",1758114979,"[热]"
"","","","","鱼糕今天困了喵",1758114918,"房间里面开了通风早上给我冷死了"
"","","","","鱼糕今天困了喵",1758033885,"而我现在得做reading"
"","","","","鱼糕今天困了喵",1758033879,"笑了 昨天打舞萌给pad打没电了"
"","","","","鱼糕今天困了喵",1758033404,"传下去 诺带着舰长一起看可爱妹妹？"
"","","","","鱼糕今天困了喵",1758033381,"那你来别的播播间"
"","","","","鱼糕今天困了喵",1758033215,"我真有个同学穿不登校上日语课"
"","","","","鱼糕今天困了喵",1758032793,"一咩咩吧"
"","","","","鱼糕今天困了喵",1758032695,"我觉得没我水"
"","","","","鱼糕今天困了喵",1758032318,"哦好像41"
"","","","","鱼糕今天困了喵",1758032236,"死盖qaq 紫色牌子要多少级来着"
"","","","","鱼糕今天困了喵",1758031879,"想她"
"","","","","鱼糕今天困了喵",1758031026,"不记得了 一个薄薄的正方形的 绿色透明袋子"
"","","","","鱼糕今天困了喵",1758030945,"想吃五毛大辣片"
"","","","","鱼糕今天困了喵",1758030812,"换个新诺🤔（没有"
"","","","","鱼糕今天困了喵",1758030685,"吱"
"","","","","鱼糕今天困了喵",1758030608,"我都是直接刷信用卡的"
"","","","","鱼糕今天困了喵",1758030601,"没事 所以我不用花呗"
"","","","","鱼糕今天困了喵",1758030498,"（其实不能"
"","","","","鱼糕今天困了喵",1758030440,"面包馅的三明治[傲娇]"
"","","","","鱼糕今天困了喵",1758030160,"而且我也不知道是哪个机场拿的了"
"","","","","鱼糕今天困了喵",1758030149,"没有 这种不属于可疑不放单子的"
"","","","","鱼糕今天困了喵",1758030135,"于是现在带相机出门是带着充电宝走的"
"","","","","鱼糕今天困了喵",1758030090,"电池可能1k"
"","","","","鱼糕今天困了喵",1758030081,"挺贵的 光卡就2k了"
"","","","","鱼糕今天困了喵",1758030035,"被机场安检发现摸走了"
"","","","","鱼糕今天困了喵",1758030010,"有个笨蛋把相机备用电池 存储卡 和xbox手柄电池全扔箱子里了"
"","","","","鱼糕今天困了喵",1757864482,"播到晚上吧 我可以看的"
"","","","","鱼糕今天困了喵",1757864407,"草"
"","","","","鱼糕今天困了喵",1757864364,"这样 你等28w发"
"","","","","鱼糕今天困了喵",1757864351,"我怎么在垃圾桶里我问了[热]"
"","","","","鱼糕今天困了喵",1757864318,"那你先别急做 那我再苟一会儿"
"","","","","鱼糕今天困了喵",1757864300,"啧啧啧"
"","","","","鱼糕今天困了喵",1757864239,"首先我是没意见的"
"","","","","鱼糕今天困了喵",1757864198,"什么时候能到30w呢"
"","","","","鱼糕今天困了喵",1757864188,"不知道呢喵"
"","","","","鱼糕今天困了喵",1757864136,"30w[dog]"
"","","","","鱼糕今天困了喵",1757864115,"刷给我也行"
"","","","","鱼糕今天困了喵",1757864110,"能不能给我看一个"
"","","","","鱼糕今天困了喵",1757864105,"我没见过 你见过吗死盖"
"","","","","鱼糕今天困了喵",1757864071,"老板糊涂啊"
"","","","","鱼糕今天困了喵",1757863754,"我还真快过期了"
"","","","","鱼糕今天困了喵",1757863723,"感觉我要拿着一沓举牌回宿舍了"
"","","","","鱼糕今天困了喵",1757863707,"たとえ地球が終わっても/Guiano"
"","","","","鱼糕今天困了喵",1757863685,"那我只能勉为其难点个歌了"
"","","","","鱼糕今天困了喵",1757863654,"我有也没有意见"
"","","","","鱼糕今天困了喵",1757863633,"诶还真是"
"","","","","鱼糕今天困了喵",1757863614,"[热]"
"","","","","鱼糕今天困了喵",1757863599,"你的回合"
"","","","","鱼糕今天困了喵",1757863525,"那你等下 马上"
"","","","","鱼糕今天困了喵",1757863518,"我去的喵"
"","","","","鱼糕今天困了喵",1757863446,"死盖说的对"
"","","","","鱼糕今天困了喵",1757863386,"就像一个巨大的mc 亮度低了自然刷怪"
"","","","","鱼糕今天困了喵",1757863357,"那你穿"
"","","","","鱼糕今天困了喵",1757863330,"战斗服是这样的"
"","","","","鱼糕今天困了喵",1757863234,"还行 比隔壁好点"
"","","","","鱼糕今天困了喵",1757863198,"对的喵"
"","","","","鱼糕今天困了喵",1757862985,"榜一去找hartue吧 别的不要卡太死"
"","","","","鱼糕今天困了喵",1757862574,"来吧 来群里当新玩具（"
"","","","","鱼糕今天困了喵",1757862466,"取关了取关了"
"","","","","鱼糕今天困了喵",1757862462,"所以取关再关注就可以拿自动回复了"
"","","","","鱼糕今天困了喵",1757862402,"你们不许去对面😠"
"","","","","鱼糕今天困了喵",1757862354,"老板糊涂啊"
"","","","","鱼糕今天困了喵",1757862196,"😨那很坏了"
"","","","","鱼糕今天困了喵",1757862182,"首先我不信"
"","","","","鱼糕今天困了喵",1757862130,"huh？"
"","","","","鱼糕今天困了喵",1757861929,"是的喵（）"
"","","","","鱼糕今天困了喵",1757859820,"买两张 什么都要这一块"
"","","","","鱼糕今天困了喵",1757859519,"10月那个 萤火虫海外站"
"","","","","鱼糕今天困了喵",1757859420,"说到漫展 诺准备去anime fiesta吗"
"","","","","鱼糕今天困了喵",1757857234,"bgm是对的"
"","","","","鱼糕今天困了喵",1757856685,"…？"
"","","","","鱼糕今天困了喵",1757856623,"有…那么一点点吧…（勉强"
"","","","","鱼糕今天困了喵",1757856568,"美女你谁"
"","","","","鱼糕今天困了喵",1757828639,"我们上课电脑开游戏都没人管"
"","","","","鱼糕今天困了喵",1757828616,"那很闲了"
"","","","","鱼糕今天困了喵",1757828332,"专业课一共就50个人同专业我都见过"
"","","","","鱼糕今天困了喵",1757828304,"100人的大课我一个不认识"
"","","","","鱼糕今天困了喵",1757828290,"除非你的专业人真的很少"
"","","","","鱼糕今天困了喵",1757774243,"要画图去了喵 举牌券用一张喵"
"","","","","鱼糕今天困了喵",1757773950,"可以复制粘贴的喵"
"","","","","鱼糕今天困了喵",1757773905,"Procreate是对的"
"","","","","鱼糕今天困了喵",1757773845,"美女你谁"
"","","","","鱼糕今天困了喵",1757701942,"给主包上舰可以获得诺鱼糕牌牌喵"
"","","","","鱼糕今天困了喵",1757701922,"做不到喵"
"","","","","鱼糕今天困了喵",1757701653,"live hime test"
"","","","","鱼糕今天困了喵",1757694145,"我正好中午12：22"
"","","","","鱼糕今天困了喵",1757694111,"刚拿午饭去了"
"","","","","鱼糕今天困了喵",1757693835,"我有6个好像"
"","","","","鱼糕今天困了喵",1757693741,"看到牌子改了人傻了"
"","","","","鱼糕今天困了喵",1757693726,"战力膨胀这一块"
"","","","","鱼糕今天困了喵",1757687274,"忍不住的"
"","","","","鱼糕今天困了喵",1757687269,"钱太好吃了"
"","","","","鱼糕今天困了喵",1757687028,"（幻听"
"","","","","鱼糕今天困了喵",1757687019,"123…打！123…打！奶一口奶一口 123…打！"
"","","","","鱼糕今天困了喵",1757604999,"好像什么都没有（）"
"","","","","鱼糕今天困了喵",1757604965,"*偷看诺wishlist"
"","","","","鱼糕今天困了喵",1757604914,"是狐狸味道的小风喵"
"","","","","鱼糕今天困了喵",1757604792,"我没意见啊"
"","","","","鱼糕今天困了喵",1757604785,"下午开播吗 我一个人偷吃"
"","","","","鱼糕今天困了喵",1757604078,"哈吉诺哈气了（）"
"","","","","鱼糕今天困了喵",1757603167,"玩那个我也红了 乐"
"","","","","鱼糕今天困了喵",1757603111,"而我是真菜"
"","","","","鱼糕今天困了喵",1757603106,"感觉比我打得好"
"","","","","鱼糕今天困了喵",1757601729,"经典网卡喂两个"
"","","","","鱼糕今天困了喵",1757601015,"有没有人有新牌子规则给我指个路"
"","","","","鱼糕今天困了喵",1757600961,"？？？"
"","","","","鱼糕今天困了喵",1757600916,"诺也是40"
"","","","","鱼糕今天困了喵",1757600886,"？牌子改了？"
"","","","","鱼糕今天困了喵",1757600611,"美女你谁"
"","","","","鱼糕今天困了喵",1757525191,"怎么没有人说话（）"
"","","","","鱼糕今天困了喵",1757525098,"这句听懂了（"
"","","","","鱼糕今天困了喵",1757525080,"[热]"
"","","","","鱼糕今天困了喵",1757525072,"凶凶喵 害怕了喵"
"","","","","鱼糕今天困了喵",1757525041,"要问什么喵"
"","","","","鱼糕今天困了喵",1757525034,"好喵"
"","","","","鱼糕今天困了喵",1757524961,"爬屏幕 4"
"","","","","鱼糕今天困了喵",1757524912,"召唤喵娘"
"","","","","鱼糕今天困了喵",1757524907,"prpr"
"","","","","鱼糕今天困了喵",1757524851,"错了喵 回来了喵"
"","","","","洋芋饭卷喵",1757524806,"诶哟我id忘改回来了"
"","","","","洋芋饭卷喵",1757432434,"[dog][dog]"
"","","","","洋芋饭卷喵",1757432431,"并非晚安 并非洋芋饭卷"
"","","","","洋芋饭卷喵",1757432105,"你点"
"","","","","洋芋饭卷喵",1757432076,"那听个ztmy吧喵"
"","","","","洋芋饭卷喵",1757432048,"常驻了"
"","","","","洋芋饭卷喵",1757432044,"有的"
"","","","","洋芋饭卷喵",1757431938,"再看看sc有一种好久不更新卡面的美感"
"","","","","洋芋饭卷喵",1757431893,"bochk我记得有张黑色的好看"
"","","","","洋芋饭卷喵",1757431796,"卡面收集这一块 银行卡也是卡"
"","","","","洋芋饭卷喵",1757431783,"回去再办一张罗德岛好了"
"","","","","洋芋饭卷喵",1757431649,"对的对的 我办的招行皮卡丘透明卡"
"","","","","洋芋饭卷喵",1757431511,"我卡套是宵崎奏 同学笔记本贴的25时 隔壁上课在挂舟的资源"
"","","","","洋芋饭卷喵",1757431455,"那就不得不提起日语课了"
"","","","","洋芋饭卷喵",1757431386,"66666"
"","","","","洋芋饭卷喵",1757431025,"一看steam比我老登 太对了👍"
"","","","","洋芋饭卷喵",1757431010,"我上学期同学打游戏比我还狠"
"","","","","洋芋饭卷喵",1757430987,"110%说是"
"","","","","洋芋饭卷喵",1757430357,"不许说喵（掌控"
"","","","","洋芋饭卷喵",1757430348,"有吗喵 有吗喵 没觉得喵"
"","","","","洋芋饭卷喵",1757430219,"要学习了喵"
"","","","","洋芋饭卷喵",1757430216,"这么一说 我的日语也放了几周了喵"
"","","","","洋芋饭卷喵",1757430128,"喜欢喵"
"","","","","洋芋饭卷喵",1757430093,"感觉很想欺负喵"
"","","","","洋芋饭卷喵",1757430080,"也不是处女座笨蛋比较多 主要是诺有的时候呆呆的"
"","","","","鱼糕今天困了喵",1757429472,"天才"
"","","","","鱼糕今天困了喵",1757429460,"草"
"","","","","鱼糕今天困了喵",1757429394,"坏诺喵 不锐评我的id喵 看别的妹妹喵"
"","","","","鱼糕今天困了喵",1757429317,"锐评一下鱼糕今天困了喵"
"","","","","鱼糕今天困了喵",1757429040,"因为我是.jpg"
"","","","","鱼糕今天困了喵",1757428840,"没事 破防了就要去看别的妹妹咯"
"","","","","鱼糕今天困了喵",1757428755,"我去我网卡了"
"","","","","鱼糕今天困了喵",1757428751,"？怎么发了两条"
"","","","","鱼糕今天困了喵",1757428585,"还真是"
"","","","","鱼糕今天困了喵",1757428580,"[热]"
"","","","","鱼糕今天困了喵",1757428536,"为什么不打回来[大哭]"
"","","","","鱼糕今天困了喵",1757427916,"9小时婴儿般的睡眠"
"","","","","鱼糕今天困了喵",1757427904,"你知道吗我今天一觉睡到10点 爽啊"
"","","","","鱼糕今天困了喵",1757426988,"美女你谁"
"","","","","鱼糕今天困了喵",1757376437,"我还以为我卡了"
"","","","","鱼糕今天困了喵",1757376430,"你这画面怎么全黑的"
"","","","","鱼糕今天困了喵",1757173940,"蟑螂鱼糕（1/1）"
"","","","","鱼糕今天困了喵",1757173898,"爬屏幕5"
"","","","","鱼糕今天困了喵",1757173878,"右1"
"","","","","鱼糕今天困了喵",1757173875,"我上周"
"","","","","鱼糕今天困了喵",1757173866,"入场特效"
"","","","","鱼糕今天困了喵",1757173855,"右1"
"","","","","鱼糕今天困了喵",1757173840,"召唤喵娘"
"","","","","鱼糕今天困了喵",1757173827,"喵"
"","","","","鱼糕今天困了喵",1757173630,"感觉流量挺好 人数不少的"
"","","","","鱼糕今天困了喵",1757173556,"开学了的说"
"","","","","鱼糕今天困了喵",1757173542,"其实是我最近也没怎么看（）"
"","","","","鱼糕今天困了喵",1757088818,"不能捏着诺脸玩了[大哭]"
"","","","","鱼糕今天困了喵",1757088793,"凑整…！"
"","","","","鱼糕今天困了喵",1757088784,"凑整…！"
"","","","","鱼糕今天困了喵",1757088300,"生日快乐！"
"","","","","鱼糕今天困了喵",1757087802,"考完接着课课 studio做项目说是"
"","","","","鱼糕今天困了喵",1757087655,"你怎么知道今年我也生日那天期中2"
"","","","","鱼糕今天困了喵",1757087463,"传下去 诺给舰长抽奖食物里加神秘配料？小馋猫与大坏喵的对决！"
"","","","","鱼糕今天困了喵",1757087143,"诺可以全做"
"","","","","鱼糕今天困了喵",1757087136,"小孩子才做选择"
"","","","","鱼糕今天困了喵",1757086367,"我要100倍的 这个不辣"
"","","","","鱼糕今天困了喵",1757086357,"我勒个"
"","","","","鱼糕今天困了喵",1757086339,"哦对哦 我就说好熟悉"
"","","","","鱼糕今天困了喵",1757086313,"这是什么歌来着"
"","","","","鱼糕今天困了喵",1757086225,"诶我好像认识喵（）"
"","","","","鱼糕今天困了喵",1757086218,"找到同类了喵"
"","","","","鱼糕今天困了喵",1757086151,"这么一说提醒我了"
"","","","","鱼糕今天困了喵",1757081778,"huh？"
"","","","","鱼糕今天困了喵",1757080659,"没吃早饭 好饿好饿"
"","","","","鱼糕今天困了喵",1757080551,"好小一口"
"","","","","鱼糕今天困了喵",1757080122,"是这样的吗"
"","","","","鱼糕今天困了喵",1757080117,"草"
"","","","","鱼糕今天困了喵",1757079938,"我去还是赛博蜡烛"
"","","","","鱼糕今天困了喵",1757079705,"我们学校买一小块糖霜的要8.99你知道吗"
"","","","","鱼糕今天困了喵",1757079690,"那很好了"
"","","","","鱼糕今天困了喵",1757079583,"喂我"
"","","","","鱼糕今天困了喵",1757079578,"想吃"
"","","","","鱼糕今天困了喵",1757079474,"奖池还在累积…！"
"","","","","鱼糕今天困了喵",1757079320,"而我已经自己给自己开了"
"","","","","鱼糕今天困了喵",1757079081,"橘姬可以自己买了穿上发群里喵"
"","","","","鱼糕今天困了喵",1757078965,"最后好像5个"
"","","","","鱼糕今天困了喵",1757078872,"好好好木鱼都秒抽是吧"
"","","","","鱼糕今天困了喵",1757078847,"[热][热][热][热][热]"
"","","","","鱼糕今天困了喵",1757078839,"木鱼木鱼"
"","","","","鱼糕今天困了喵",1757078710,"（）"
"","","","","鱼糕今天困了喵",1757078704,"那很失望了"
"","","","","鱼糕今天困了喵",1757078607,"我不行了"
"","","","","鱼糕今天困了喵",1757078604,"怎么一直播间麦当劳"
"","","","","鱼糕今天困了喵",1757078521,"你也发群里 谢谢喵"
"","","","","鱼糕今天困了喵",1757078450,"盖点了没"
"","","","","鱼糕今天困了喵",1757078418,"并非不能"
"","","","","鱼糕今天困了喵",1757078399,"[热]劲呐"
"","","","","鱼糕今天困了喵",1757078394,"我点了"
"","","","","鱼糕今天困了喵",1757078391,"没事 不是我100%抽奖就行"
"","","","","鱼糕今天困了喵",1757077974,"记得发群里喵"
"","","","","鱼糕今天困了喵",1757077934,"哦？w？"
"","","","","鱼糕今天困了喵",1757077630,"死盖来点总督红包"
"","","","","鱼糕今天困了喵",1757077523,"急急急急急急"
"","","","","鱼糕今天困了喵",1757077463,"啧啧啧（）"
"","","","","鱼糕今天困了喵",1757077458,"怎么感觉几个提督都在暗爽"
"","","","","鱼糕今天困了喵",1757077353,"新提有福咯"
"","","","","鱼糕今天困了喵",1757077302,"yog你知道提督要变女仆返图吧"
"","","","","鱼糕今天困了喵",1757077164,"坏了我的首总成就"
"","","","","鱼糕今天困了喵",1757077152,"什么 盖要总吗"
"","","","","鱼糕今天困了喵",1757077010,"死盖qaq你的提督是不是要过期了"
"","","","","鱼糕今天困了喵",1757076902,"反正抽不到我"
"","","","","鱼糕今天困了喵",1757076883,"啧啧啧"
"","","","","鱼糕今天困了喵",1757076790,"提督抽那很刺激了"
"","","","","鱼糕今天困了喵",1757076743,"我怎么什么sc都进审核 号黑了吗"
"","","","","鱼糕今天困了喵",1757076696,"限吧 不限难保返图啊"
"","","","","鱼糕今天困了喵",1756826182,"诶你怎么知道我正在出门拍红外"
"","","","","鱼糕今天困了喵",1756826164,"调不准的"
"","","","","鱼糕今天困了喵",1756826072,"他连raw都紫红"
"","","","","鱼糕今天困了喵",1756826060,"我个人不喜欢sony那个紫红"
"","","","","鱼糕今天困了喵",1756826027,"反正没有哪个完全好的"
"","","","","鱼糕今天困了喵",1756826014,"佳能有点骗"
"","","","","鱼糕今天困了喵",1756825922,"要不然太炸裂了"
"","","","","鱼糕今天困了喵",1756825907,"修图就固定一个设备吧 有条件的校色一下"
"","","","","鱼糕今天困了喵",1756825588,"不可能认出来的"
"","","","","鱼糕今天困了喵",1756825582,"我要假装我不是鱼糕了"
"","","","","鱼糕今天困了喵",1756825470,"生图真的会被打吧"
"","","","","鱼糕今天困了喵",1756825044,"鱼糕只是拍了几张照片就被诺活活打断了双腿[大哭]"
"","","","","鱼糕今天困了喵",1756824857,"按快门一定要用手✍️✍️✍️"
"","","","","鱼糕今天困了喵",1756823556,"那我要在你家楼下狂炫tandoori chicken了"
"","","","","鱼糕今天困了喵",1756823487,"在现场 诺楼下快递站大爷是我"
"","","","","鱼糕今天困了喵",1756823424,"诺整点"
"","","","","鱼糕今天困了喵",1756823416,"蜜瓜香瓜什么的挺好吃的"
"","","","","鱼糕今天困了喵",1756821794,"怎么这么慢啊小糕"
"","","","","鱼糕今天困了喵",1756821788,"而我半年过去了还没打完ff7rb"
"","","","","鱼糕今天困了喵",1756821148,"死盖被吃掉了 那我勇夺第二咯"
"","","","","鱼糕今天困了喵",1756821081,"随便找一个就行[dog]"
"","","","","鱼糕今天困了喵",1756821072,"你找个网上公开的id注册"
"","","","","鱼糕今天困了喵",1756820895,"Edmonton Calgary（）"
"","","","","鱼糕今天困了喵",1756820848,"我们还有挨顿猛冻和卡在家里（）"
"","","","","鱼糕今天困了喵",1756820801,"有一个在的 对的"
"","","","","鱼糕今天困了喵",1756820760,"滑铁卢餐饮大舞台这一块"
"","","","","鱼糕今天困了喵",1756820750,"这回知道为什么我一个月1k消费了"
"","","","","鱼糕今天困了喵",1756820683,"坏了 那我这边最贵啊 麻了"
"","","","","鱼糕今天困了喵",1756820644,"我们tnt打折可能性比我腿被打折可能性低一点 我只能说"
"","","","","鱼糕今天困了喵",1756820544,"[热]"
"","","","","鱼糕今天困了喵",1756820540,"不对 谁问你了"
"","","","","鱼糕今天困了喵",1756820533,"好便宜 跟我这边500ml一样价格"
"","","","","鱼糕今天困了喵",1756820392,"说到生姜我决定再开一瓶canada dry"
"","","","","鱼糕今天困了喵",1756820026,"番茄才不是水果呢[傲娇]"
"","","","","鱼糕今天困了喵",1756819872,"你好 那不勒斯披萨好吃 请吃"
"","","","","鱼糕今天困了喵",1756817485,"味道对了"
"","","","","鱼糕今天困了喵",1756817480,"味道多了"
"","","","","鱼糕今天困了喵",1756817282,"vlog好耶"
"","","","","鱼糕今天困了喵",1756817075,"收集品什么时候都可以"
"","","","","鱼糕今天困了喵",1756653787,"没错是我这里是我这里 *摇头展示铃铛"
"","","","","鱼糕今天困了喵",1756653746,"耐飞"
"","","","","鱼糕今天困了喵",1756653731,"没事 你去蒙特利尔我也会去的"
"","","","","鱼糕今天困了喵",1756653542,"给我一拳吗 那少了"
"","","","","鱼糕今天困了喵",1756653502,"所以你承认自己是雨姐了？"
"","","","","鱼糕今天困了喵",1756653381,"速报 唱歌蹲蹲视频发了"
"","","","","鱼糕今天困了喵",1756653309,"太对了"
"","","","","鱼糕今天困了喵",1756653304,"你怎么知道我给椅子小姐上过舰长"
"","","","","鱼糕今天困了喵",1756653280,"椅子小姐太会转了"
"","","","","鱼糕今天困了喵",1756653272,"[热][热][热][热]"
"","","","","鱼糕今天困了喵",1756653145,"？什么动静"
"","","","","鱼糕今天困了喵",1756652863,"不记得了 反正是要被发出来的"
"","","","","鱼糕今天困了喵",1756652829,"直播录像这一块"
"","","","","鱼糕今天困了喵",1756652820,"含水蹲蹲那我发出来…？"
"","","","","鱼糕今天困了喵",1756652776,"你知道的 我一直想看含水蹲蹲"
"","","","","鱼糕今天困了喵",1756651424,"什么 诺要跑？人生有梦各自精彩…！"
"","","","","鱼糕今天困了喵",1756651369,"诺 举牌券…！"
"","","","","鱼糕今天困了喵",1756651267,"又爽到了"
"","","","","鱼糕今天困了喵",1756650172,"并非七八点"
"","","","","鱼糕今天困了喵",1756650011,"民以食为天这块"
"","","","","鱼糕今天困了喵",1756649934,"难绷 我小号叫鱼糕今天又饿了"
"","","","","鱼糕今天困了喵",1756649740,"怎么让她爽到了 可恶"
"","","","","鱼糕今天困了喵",1756649464,"我出门去tnt了"
"","","","","鱼糕今天困了喵",1756579423,"大家晚安———"
"","","","","鱼糕今天困了喵",1756575395,"乐了"
"","","","","鱼糕今天困了喵",1756575181,"好好好还有神的随波逐流 这回听懂了"
"","","","","鱼糕今天困了喵",1756572985,"魔丸蹲服务器上挡住信号了"
"","","","","鱼糕今天困了喵",1756572259,"我帮你开就完事了"
"","","","","鱼糕今天困了喵",1756571800,"还有本子？兄弟发我看看"
"","","","","鱼糕今天困了喵",1756491196,"晚安晚安"
"","","","","鱼糕今天困了喵",1756491037,"お疲れ様—"
"","","","","鱼糕今天困了喵",1756490699,"干杯…！"
"","","","","鱼糕今天困了喵",1756490347,"呼————"
"","","","","鱼糕今天困了喵",1756490279,"点点关注，参与天选时刻啦！"
"","","","","鱼糕今天困了喵",1756489884,"被骂吗 好处说完了 那坏处呢"
"","","","","鱼糕今天困了喵",1756489797,"甚至是数字标的不是上中下标的"
"","","","","鱼糕今天困了喵",1756488332,"难绷"
"","","","","鱼糕今天困了喵",1756482309,"*敲门 “外卖———”"
"","","","","鱼糕今天困了喵",1756481855,"诺 q"
"","","","","鱼糕今天困了喵",1756481755,"[热]"
"","","","","鱼糕今天困了喵",1756481752,"可能被飞机wifi吞了"
"","","","","鱼糕今天困了喵",1756481707,"那个指定的诺捏脸图是我发的（）"
"","","","","鱼糕今天困了喵",1756481528,"我不会随便发nsfw的"
"","","","","鱼糕今天困了喵",1756481518,"诶诶诶那个不是我"
"","","","","鱼糕今天困了喵",1756481463,"猜对一半"
"","","","","鱼糕今天困了喵",1756481433,"是链接喵"
"","","","","鱼糕今天困了喵",1756481398,"诺猜到哪个是我的了吗（）"
"","","","","鱼糕今天困了喵",1756480903,"你怎么知道我用着别的妹妹的照片当壁纸到处跑"
"","","","","鱼糕今天困了喵",1756480770,"huh？"
"","","","","鱼糕今天困了喵",1756480714,"不是我"
"","","","","鱼糕今天困了喵",1756480573,"我也要"
"","","","","鱼糕今天困了喵",1756480568,"原来还能这样吗"
"","","","","鱼糕今天困了喵",1756480476,"比利阿夸不是来了吗（）"
"","","","","鱼糕今天困了喵",1756480444,"然后就可以住在那边了"
"","","","","鱼糕今天困了喵",1756480433,"这样 你上个舰当99p"
"","","","","鱼糕今天困了喵",1756480330,"这个诺怎么这么嚣张 就喜欢嚣张的"
"","","","","鱼糕今天困了喵",1756480200,"边吃午饭边看喵"
"","","","","鱼糕今天困了喵",1756480189,"该看投稿了喵"
"","","","","鱼糕今天困了喵",1756480105,"回来了喵"
"","","","","鱼糕今天困了喵",1756480050,"[花]"
"","","","","鱼糕今天困了喵",1756480044,"去看诺了喵"
"","","","","鱼糕今天困了喵",1756479985,"好截喵"
"","","","","鱼糕今天困了喵",1756479979,"截屏截开心了喵"
"","","","","鱼糕今天困了喵",1756479862,"诺给自己嘟嘴嘟开心了"
"","","","","鱼糕今天困了喵",1756479809,"来张灯牌不"
"","","","","鱼糕今天困了喵",1756479799,"阿夸！"
"","","","","鱼糕今天困了喵",1756479638,"不欺负诺喵"
"","","","","鱼糕今天困了喵",1756479626,"交给诺了喵"
"","","","","鱼糕今天困了喵",1756479602,"交给99了喵"
"","","","","鱼糕今天困了喵",1756479595,"鱼糕就不指定了喵"
"","","","","鱼糕今天困了喵",1756479552,"其实我另一台设备在1542225"
"","","","","鱼糕今天困了喵",1756479538,"上个舰吧 诺什么都会做的"
"","","","","鱼糕今天困了喵",1756479517,"盖！展示实力…！"
"","","","","鱼糕今天困了喵",1756479402,"草"
"","","","","鱼糕今天困了喵",1756479306,"（好吧我也有点想看）"
"","","","","鱼糕今天困了喵",1756479263,"（悄咪咪）其实诺更想看"
"","","","","鱼糕今天困了喵",1756479210,"那爆的很早了"
"","","","","鱼糕今天困了喵",1756479028,"两台设备一起看 都吃喵"
"","","","","鱼糕今天困了喵",1756478973,"走了喵"
"","","","","鱼糕今天困了喵",1756478964,"伤心了喵"
"","","","","鱼糕今天困了喵",1756478960,"诺不记得了喵"
"","","","","鱼糕今天困了喵",1756478953,"开头的告白气球翻倍是我干的喵"
"","","","","鱼糕今天困了喵",1756478906,"你知道的 我一直是诺球球"
"","","","","鱼糕今天困了喵",1756478831,"盖…！"
"","","","","鱼糕今天困了喵",1756478792,"小心偷塔喵"
"","","","","鱼糕今天困了喵",1756478711,"鱼糕睡着了喵"
"","","","","鱼糕今天困了喵",1756478652,"诺球球加油喵"
"","","","","鱼糕今天困了喵",1756478614,"诺球球猫窝喵"
"","","","","鱼糕今天困了喵",1756478558,"双料特工这块"
"","","","","鱼糕今天困了喵",1756478475,"但是就要欺负喵"
"","","","","鱼糕今天困了喵",1756478470,"虽然99不让喵"
"","","","","鱼糕今天困了喵",1756478461,"鱼糕要欺负诺了喵"
"","","","","鱼糕今天困了喵",1756478454,"鱼糕不困喵"
"","","","","鱼糕今天困了喵",1756478407,"都想看喵 怎么办喵 纠结喵"
"","","","","鱼糕今天困了喵",1756478238,"诶呀 这是谁呀 不认识 走了喵"
"","","","","鱼糕今天困了喵",1756478194,"死盖独占心尖尖喵"
"","","","","鱼糕今天困了喵",1756478144,"这是哪里呀喵"
"","","","","鱼糕今天困了喵",1756478139,"诶呀 d的太多记不住了喵"
"","","","","鱼糕今天困了喵",1756477986,"99是对的喵"
"","","","","鱼糕今天困了喵",1756477855,"仙酿吗 那很美味了"
"","","","","鱼糕今天困了喵",1756477820,"大主包了喵 情书都不谢了喵"
"","","","","鱼糕今天困了喵",1756477615,"小糕有什么坏心思呢 不想诺冻到罢了[可怜]"
"","","","","鱼糕今天困了喵",1756477572,"就捏"
"","","","","鱼糕今天困了喵",1756477320,"闷蒸小诺"
"","","","","鱼糕今天困了喵",1756477288,"wwwww"
"","","","","鱼糕今天困了喵",1756477283,"怎么什么都拿出来了"
"","","","","鱼糕今天困了喵",1756477277,"草"
"","","","","鱼糕今天困了喵",1756477194,"凛月是对的"
"","","","","鱼糕今天困了喵",1756477079,"那啥 这个外套也能举牌吗（"
"","","","","鱼糕今天困了喵",1756477047,"是不是能一直看穿衣服环节"
"","","","","鱼糕今天困了喵",1756477033,"诶我一边送一个"
"","","","","鱼糕今天困了喵",1756476945,"劲呐"
"","","","","鱼糕今天困了喵",1756476928,"[热]"
"","","","","鱼糕今天困了喵",1756476697,"你知道的 我一直都是诺球球"
"","","","","鱼糕今天困了喵",1756476567,"坏诺…！"
"","","","","鱼糕今天困了喵",1756475949,"你知道的 我一直都是诺球球"
"","","","","鱼糕今天困了喵",1756475777,"那很失望了"
"","","","","鱼糕今天困了喵",1756475749,"我帮你审核一下"
"","","","","鱼糕今天困了喵",1756475746,"那其实我建议你分享给我"
"","","","","鱼糕今天困了喵",1756475632,"联动是什么时候来着"
"","","","","鱼糕今天困了喵",1756475588,"跟我一起看可爱妹妹吗诺"
"","","","","鱼糕今天困了喵",1756475577,"不像我 我看别的妹妹直接说www"
"","","","","鱼糕今天困了喵",1756475458,"她还得谢谢咱呢"
"","","","","鱼糕今天困了喵",1756475373,"就喜欢看发电回"
"","","","","鱼糕今天困了喵",1756475274,"肉丝吗 那很好了"
"","","","","鱼糕今天困了喵",1756475186,"666还有乌鲁鲁"
"","","","","鱼糕今天困了喵",1756475087,"诺火了（"
"","","","","鱼糕今天困了喵",1756475027,"致敬传奇5岁小灯sc被拿下1天"
"","","","","鱼糕今天困了喵",1756474978,"我试过了"
"","","","","鱼糕今天困了喵",1756474972,"放心 打了包发不出来的"
"","","","","鱼糕今天困了喵",1756474915,"上钩了！"
"","","","","鱼糕今天困了喵",1756474870,"上钓吗 那无敌了"
"","","","","鱼糕今天困了喵",1756474831,"到底在教什么啊喂"
"","","","","鱼糕今天困了喵",1756474822,"这个主包怎么这么坏"
"","","","","鱼糕今天困了喵",1756474763,"快进到诺来了踩进陷阱"
"","","","","鱼糕今天困了喵",1756474744,"想…！（感觉诺技术不行"
"","","","","鱼糕今天困了喵",1756474685,"不为了什么 只为了被刀"
"","","","","鱼糕今天困了喵",1756474678,"懂了 下次漏一下"
"","","","","鱼糕今天困了喵",1756474557,"小糕也只有一百多个牌牌而已👉👈"
"","","","","鱼糕今天困了喵",1756474541,"不是那个女孩子"
"","","","","鱼糕今天困了喵",1756474403,"怎么还在叫妈"
"","","","","鱼糕今天困了喵",1756474294,"才两个小时吗 那人很少了"
"","","","","鱼糕今天困了喵",1756474223,"没有啊 我们宿舍好像不收米"
"","","","","鱼糕今天困了喵",1756474217,"我们学生保险还能免费两次"
"","","","","鱼糕今天困了喵",1756474208,"那感觉还是急救车便宜"
"","","","","鱼糕今天困了喵",1756474188,"bur？"
"","","","","鱼糕今天困了喵",1756474089,"不是日常线？不是日常线？"
"","","","","鱼糕今天困了喵",1756474080,"并非隐藏"
"","","","","鱼糕今天困了喵",1756473968,"真正的涩涩线是ending_被幸福填满（）"
"","","","","鱼糕今天困了喵",1756473901,"超天酱的福利回呢"
"","","","","鱼糕今天困了喵",1756393184,"我怕我一觉眯过去了"
"","","","","鱼糕今天困了喵",1756393174,"群里会有开播通知吗（"
"","","","","鱼糕今天困了喵",1756391578,"冷知识 我每一个看的主包都是单推 单人开推怎么不是单推呢（）"
"","","","","鱼糕今天困了喵",1756391129,"诺你听我解释 我没有 我真的没有"
"","","","","鱼糕今天困了喵",1756391117,"[热][热][热]"
"","","","","鱼糕今天困了喵",1756391111,"要爱爱折磨所有人这块"
"","","","","鱼糕今天困了喵",1756391092,"那不可能的（）"
"","","","","鱼糕今天困了喵",1756390710,"非常正确的 非常合理的"
"","","","","鱼糕今天困了喵",1756390595,"不能说 诶 别人都觉得好 我也必须得觉得好"
"","","","","鱼糕今天困了喵",1756390577,"有些东西不喜欢那他就是不喜欢"
"","","","","鱼糕今天困了喵",1756390560,"就算有脾气不好的时候也很正常"
"","","","","鱼糕今天困了喵",1756390422,"那其实很正常吧"
"","","","","鱼糕今天困了喵",1756388789,"然后过两天心情好了又劝自己"
"","","","","鱼糕今天困了喵",1756388650,"现在谁来了跟我说句话我都得反应3秒"
"","","","","鱼糕今天困了喵",1756388634,"不如我的打结[傲娇]"
"","","","","鱼糕今天困了喵",1756388601,"嗷 听懂了"
"","","","","鱼糕今天困了喵",1756388343,"求补课 ooc是什么意思（）"
"","","","","鱼糕今天困了喵",1756388184,"买推广都不带加流量的"
"","","","","鱼糕今天困了喵",1756388155,"有的时候逆天的反而看的人多了"
"","","","","鱼糕今天困了喵",1756388146,"限流这玩意很神秘"
"","","","","鱼糕今天困了喵",1756387461,"好玩喵"
"","","","","鱼糕今天困了喵",1756387328,"第一次如此感谢时差"
"","","","","鱼糕今天困了喵",1756387305,"好耶 那早饭看到午饭"
"","","","","鱼糕今天困了喵",1756319870,"我还寻思为什么私信抓我呢"
"","","","","鱼糕今天困了喵",1756319861,"包见过的"
"","","","","鱼糕今天困了喵",1756319464,"眯！晚安喵—————"
"","","","","鱼糕今天困了喵",1756304263,"好痒啊 身上有沙奈朵在爬"
"","","","","鱼糕今天困了喵",1756304032,"所以诺喜欢呆呆的圆圆的"
"","","","","鱼糕今天困了喵",1756303807,"呆呆诺…！"
"","","","","鱼糕今天困了喵",1756303728,"坏了 要被拿捏了 那看别的妹妹去了"
"","","","","鱼糕今天困了喵",1756303666,"不知道哦 到底是不是呢[热]"
"","","","","鱼糕今天困了喵",1756303623,"榜一在我被抓的时候正好退了"
"","","","","鱼糕今天困了喵",1756303601,"并非榜一"
"","","","","鱼糕今天困了喵",1756303520,"喵喵喵"
"","","","","鱼糕今天困了喵",1756303429,"喝一口吧 鲨鱼什么都会做的"
"","","","","鱼糕今天困了喵",1756303366,"其实之前来过好多次了"
"","","","","鱼糕今天困了喵",1756303358,"就是为了飞"
"","","","","鱼糕今天困了喵",1756303249,"来个管给他沙了"
"","","","","鱼糕今天困了喵",1756302240,"这都谁教的谁教的"
"","","","","鱼糕今天困了喵",1756299392,"不像人类"
"","","","","鱼糕今天困了喵",1756281137,"插件说是"
"","","","","鱼糕今天困了喵",1756281096,"好软的耳朵wwww"
"","","","","鱼糕今天困了喵",1756280054,"兄弟 看看你的 兄弟"
"","","","","鱼糕今天困了喵",1756280030,"逆天"
"","","","","鱼糕今天困了喵",1756217837,"[doge2]"
"","","","","鱼糕今天困了喵",1756217831,"肯定没有看别的妹妹"
"","","","","鱼糕今天困了喵",1756217825,"诶呀 怎么回事呢"
"","","","","鱼糕今天困了喵",1756217683,"美女你谁"
"","","","","鱼糕今天困了喵",1756102830,"cxl贴米米上怕不是得似视频里"
"","","","","鱼糕今天困了喵",1756057200,"为什么是数字5（"
"","","","","鱼糕今天困了喵",1756055354,"在匹配页面设置的"
"","","","","鱼糕今天困了喵",1756054704,"掉了一点"
"","","","","鱼糕今天困了喵",1756054624,"切个加速器 刷一下dns？"
"","","","","鱼糕今天困了喵",1756054571,"是有点卡卡的"
"","","","","鱼糕今天困了喵",1756054555,"我勒个58%loss"
"","","","","鱼糕今天困了喵",1756048598,"大家晚安喵wwww"
"","","","","鱼糕今天困了喵",1756048462,"还有拿去转手给家里儿子结婚买房用的"
"","","","","鱼糕今天困了喵",1756048436,"有的 兄弟 有的"
"","","","","鱼糕今天困了喵",1756048413,"给对面家里是贩卖（）"
"","","","","鱼糕今天困了喵",1756048402,"放小家里是启动资金"
"","","","","鱼糕今天困了喵",1756048349,"666马上柚子被卖了纯赚（（（"
"","","","","鱼糕今天困了喵",1756048273,"天才"
"","","","","鱼糕今天困了喵",1756048260,"你坐那边"
"","","","","鱼糕今天困了喵",1756048257,"把那尊大佛挪开"
"","","","","鱼糕今天困了喵",1756048251,"这样 你去乐山"
"","","","","鱼糕今天困了喵",1756048160,"短时间疑似轮不到我讨论这个问题"
"","","","","鱼糕今天困了喵",1756048145,"乐"
"","","","","鱼糕今天困了喵",1756048142,"我也不知道"
"","","","","鱼糕今天困了喵",1756048009,"不是？"
"","","","","鱼糕今天困了喵",1756048005,"夺少？"
"","","","","鱼糕今天困了喵",1756047592,"最正义赚米的一集"
"","","","","鱼糕今天困了喵",1756047579,"那很好了"
"","","","","鱼糕今天困了喵",1756047482,"经典下播前推流"
"","","","","鱼糕今天困了喵",1756047440,"坏糕"
"","","","","鱼糕今天困了喵",1756047433,"不要摸摸吗 那踢走（）"
"","","","","鱼糕今天困了喵",1756047414,"是为了时长达标吗"
"","","","","鱼糕今天困了喵",1756047333,"喵嗷呜———————[傲娇]"
"","","","","鱼糕今天困了喵",1756047243,"羡慕小猫"
"","","","","鱼糕今天困了喵",1756047212,"吱吱吱"
"","","","","鱼糕今天困了喵",1756047206,"喵呜"
"","","","","鱼糕今天困了喵",1756046764,"全直播间凑不出一个敢说话的（"
"","","","","鱼糕今天困了喵",1756046622,"乐了"
"","","","","鱼糕今天困了喵",1756046602,"我才是社恐王"
"","","","","鱼糕今天困了喵",1756046594,"别社恐 去吧"
"","","","","鱼糕今天困了喵",1756046425,"把主播薅秃了就没得看咯"
"","","","","鱼糕今天困了喵",1756046088,"对的 来个总督让我开阔一下眼界（）"
"","","","","鱼糕今天困了喵",1756046000,"这样 上个提督看看实力[dog]"
"","","","","鱼糕今天困了喵",1756045877,"哦？还有老婆粉的"
"","","","","鱼糕今天困了喵",1756045801,"晚上好———播了好久哦"
"","","","","鱼糕今天困了喵",1756040813,"[傲娇][傲娇][傲娇][傲娇]"
"","","","","鱼糕今天困了喵",1756040808,"印谁的呢 好难猜啊"
"","","","","鱼糕今天困了喵",1755972225,"晚安嗷呜"
"","","","","鱼糕今天困了喵",1755972220,"睡觉去咯"
"","","","","鱼糕今天困了喵",1755971306,"快了"
"","","","","鱼糕今天困了喵",1755970957,"虫儿飞吗 我也要我也要（）"
"","","","","鱼糕今天困了喵",1755970917,"这会儿应该下午1：41吧"
"","","","","鱼糕今天困了喵",1755970884,"会有的 12或13小时"
"","","","","鱼糕今天困了喵",1755970659,"kami"
"","","","","鱼糕今天困了喵",1755970656,"弹幕那个"
"","","","","鱼糕今天困了喵",1755970636,"他说他是神"
"","","","","鱼糕今天困了喵",1755970443,"发了 请看"
"","","","","鱼糕今天困了喵",1755970303,"我找一下"
"","","","","鱼糕今天困了喵",1755970254,"要不推一个歌你放着听"
"","","","","鱼糕今天困了喵",1755970218,"我最近还是纯日语选手"
"","","","","鱼糕今天困了喵",1755970096,"什么群"
"","","","","鱼糕今天困了喵",1755970093,"主要是不知道听啥"
"","","","","鱼糕今天困了喵",1755969986,"出了城堡已经赢了"
"","","","","鱼糕今天困了喵",1755969901,"这种东西 关键在于 相信自己"
"","","","","鱼糕今天困了喵",1755969818,"一想到城堡我就浑身难受"
"","","","","鱼糕今天困了喵",1755969806,"现在就感觉 直刷亏 盲盒更亏 乐"
"","","","","鱼糕今天困了喵",1755969751,"那不是"
"","","","","鱼糕今天困了喵",1755969737,"至于为什么是半个 网卡了"
"","","","","鱼糕今天困了喵",1755969729,"我就见过半个烟花"
"","","","","鱼糕今天困了喵",1755969703,"12450是次元之城了"
"","","","","鱼糕今天困了喵",1755969671,"我也没见过"
"","","","","鱼糕今天困了喵",1755969664,"我去 副歌"
"","","","","鱼糕今天困了喵",1755969516,"真想点100首就直接刷了"
"","","","","鱼糕今天困了喵",1755969367,"挺乐的"
"","","","","鱼糕今天困了喵",1755969136,"交给你咯"
"","","","","鱼糕今天困了喵",1755969112,"那听个…开心的？"
"","","","","鱼糕今天困了喵",1755969041,"快搞完咯"
"","","","","鱼糕今天困了喵",1755969037,"是哦 要写点小作业"
"","","","","鱼糕今天困了喵",1755960210,"晚安—————"
"","","","","鱼糕今天困了喵",1755959965,"你要给我做主啊—————"
"","","","","鱼糕今天困了喵",1755959955,"主人 你家小女仆不听话欺负女仆长啦"
"","","","","鱼糕今天困了喵",1755959942,"呜呜呜呜呜"
"","","","","鱼糕今天困了喵",1755959881,"谢谢技师吗 那很会谢了"
"","","","","鱼糕今天困了喵",1755959768,"人生有梦各自精彩[大哭][大哭][大哭][大哭]"
"","","","","鱼糕今天困了喵",1755959746,"传下去 诺说仙酿她全喝掉"
"","","","","鱼糕今天困了喵",1755959633,"是的 小鲨鱼 是的"
"","","","","鱼糕今天困了喵",1755959614,"《我的悲伤是仙酿做的》"
"","","","","鱼糕今天困了喵",1755959441,"摘下面具还是太有强度了"
"","","","","鱼糕今天困了喵",1755959428,"记事本建议强势加入鱼糕"
"","","","","鱼糕今天困了喵",1755959279,"主人 该晚安环节了喵"
"","","","","鱼糕今天困了喵",1755959175,"总之最后一晚收完"
"","","","","鱼糕今天困了喵",1755959165,"+1"
"","","","","鱼糕今天困了喵",1755959077,"我还在慢吞吞收东西 乐"
"","","","","鱼糕今天困了喵",1755959062,"哦？还有要回加拿大的？"
"","","","","鱼糕今天困了喵",1755958919,"我会坚持发的喵"
"","","","","鱼糕今天困了喵",1755958913,"没事 我还能再吃5天"
"","","","","鱼糕今天困了喵",1755958866,"诺 你是我见过最美丽的加拿大女孩"
"","","","","鱼糕今天困了喵",1755958849,"5天"
"","","","","鱼糕今天困了喵",1755958846,"27先hk 28到"
"","","","","鱼糕今天困了喵",1755958785,"支持鱼糕给诺一肘的扣1"
"","","","","鱼糕今天困了喵",1755958773,"你知道吗 而我真的要去加拿大漫展"
"","","","","鱼糕今天困了喵",1755958765,"一楼是煌书 二楼是马桶 三楼是仙酿"
"","","","","鱼糕今天困了喵",1755958693,"二楼 盖 二楼"
"","","","","鱼糕今天困了喵",1755958641,"客人————您的仙酿一杯——————"
"","","","","鱼糕今天困了喵",1755958578,"有点撑了喵"
"","","","","鱼糕今天困了喵",1755958573,"嗝"
"","","","","鱼糕今天困了喵",1755958568,"刚吃完仙酿拌饭"
"","","","","鱼糕今天困了喵",1755958542,"不许抢占我的工作 哼"
"","","","","鱼糕今天困了喵",1755958529,"手我来！！！"
"","","","","鱼糕今天困了喵",1755958484,"被抽了 呜呜（嘻嘻"
"","","","","鱼糕今天困了喵",1755958416,"所以用肩膀可多了（哭哭"
"","","","","鱼糕今天困了喵",1755958405,"客人是专门抽人的（小声蛐蛐"
"","","","","鱼糕今天困了喵",1755958222,"再来两肘"
"","","","","鱼糕今天困了喵",1755958210,"很好欺负的样子"
"","","","","鱼糕今天困了喵",1755958146,"而我真的想给诺一肘"
"","","","","鱼糕今天困了喵",1755958061,"你看 电脑也 晚一点点"
"","","","","鱼糕今天困了喵",1755957888,"不许流口水啊喂"
"","","","","鱼糕今天困了喵",1755957878,"在拿什么洗啊喂"
"","","","","鱼糕今天困了喵",1755957793,"哇还有经典剧集"
"","","","","鱼糕今天困了喵",1755957786,"喝酒的爸 生病的妈 上学的弟弟破碎的她"
"","","","","鱼糕今天困了喵",1755957732,"直接就着热的吃"
"","","","","鱼糕今天困了喵",1755957717,"是仙酿拌饭…！"
"","","","","鱼糕今天困了喵",1755957633,"那很仙酿了"
"","","","","鱼糕今天困了喵",1755957575,"主人说她不喝 那我勉为其难喝掉吧（哼"
"","","","","鱼糕今天困了喵",1755957519,"小鲨鱼 给主人送一杯洗脚水过去"
"","","","","鱼糕今天困了喵",1755957501,"好难想啊（"
"","","","","鱼糕今天困了喵",1755957491,"饮料是什么呢（思考"
"","","","","66号鱼糕今天困了喵",1755957370,"🦵🏻酱….斯哈斯哈"
"","","","","66号鱼糕今天困了喵",1755957277,"这边上二楼喵"
"","","","","66号鱼糕今天困了喵",1755957265,"害羞喵 害羞喵 人家不是做那种事的喵"
"","","","","鱼糕今天困了喵",1755957089,"（bushi"
"","","","","鱼糕今天困了喵",1755957079,"是什么呢 是什么呢 是不是2块煌书呢"
"","","","","鱼糕今天困了喵",1755957013,"害羞喵 害羞喵 脸红心跳不止喵"
"","","","","鱼糕今天困了喵",1755956987,"太好吃了"
"","","","","鱼糕今天困了喵",1755956982,"这就是野史啊"
"","","","","鱼糕今天困了喵",1755956832,"草哈哈哈哈哈哈哈盖太会了"
"","","","","鱼糕今天困了喵",1755956809,"脸红喵！脸红喵！"
"","","","","鱼糕今天困了喵",1755956768,"这集更是煌的没边了"
"","","","","鱼糕今天困了喵",1755956743,"太对了"
"","","","","鱼糕今天困了喵",1755956721,"草"
"","","","","鱼糕今天困了喵",1755956619,"想她[傲娇]"
"","","","","鱼糕今天困了喵",1755956555,"是偷看皇叔那会儿"
"","","","","鱼糕今天困了喵",1755956531,"关键点不是神秘事情吗"
"","","","","鱼糕今天困了喵",1755956429,"虽然主人悄咪咪的 但是因为是主人还是不举办了喵"
"","","","","鱼糕今天困了喵",1755956312,"去年12月还是8月 线下聚会的"
"","","","","鱼糕今天困了喵",1755956209,"登了库存消失喵"
"","","","","鱼糕今天困了喵",1755956195,"网吧最大的问题是不能登自己steam喵"
"","","","","鱼糕今天困了喵",1755956178,"我学校旁边那个包间12"
"","","","","鱼糕今天困了喵",1755956132,"自己的键盘还是爽"
"","","","","鱼糕今天困了喵",1755956122,"我嫌弃那个键盘 油油的 键程还长"
"","","","","鱼糕今天困了喵",1755956009,"这个主人原来这么邪恶吗 i了"
"","","","","鱼糕今天困了喵",1755955958,"有的时候贵一点的包间外设比我好"
"","","","","鱼糕今天困了喵",1755955945,"五连坐是对的"
"","","","","鱼糕今天困了喵",1755955940,"网吧主要可以线下活动包间"
"","","","","鱼糕今天困了喵",1755955882,"初中不懂事买了个macbook打不了游戏急死我了"
"","","","","鱼糕今天困了喵",1755955866,"网吧+1"
"","","","","鱼糕今天困了喵",1755955805,"初中洗脚去网吧吗 那很会享受了"
"","","","","鱼糕今天困了喵",1755955663,"好盖"
"","","","","鱼糕今天困了喵",1755955256,"五萌启动"
"","","","","鱼糕今天困了喵",1755955249,"第四忘了"
"","","","","鱼糕今天困了喵",1755955144,"跟小糕打一架吧 想要赌上40天"
"","","","","鱼糕今天困了喵",1755955104,"sukisuki❤️"
"","","","","鱼糕今天困了喵",1755955089,"穿上女仆装…？不过是摘下面具露出本体罢了"
"","","","","鱼糕今天困了喵",1755955056,"之后就是anti了喵"
"","","","","鱼糕今天困了喵",1755955025,"我是我是"
"","","","","鱼糕今天困了喵",1755955014,"感觉时间还是短了点 应该加长的（qwq"
"","","","","鱼糕今天困了喵",1755954992,"小糕还有今明两天喵"
"","","","","鱼糕今天困了喵",1755954949,"不要 坏坏"
"","","","","鱼糕今天困了喵",1755954944,"说明小糕会少被欺负30分钟"
"","","","","鱼糕今天困了喵",1755954900,"含水.mp4"
"","","","","鱼糕今天困了喵",1755954883,"今天是邪恶糕"
"","","","","鱼糕今天困了喵",1755954873,"你知道的 不更新我要更新了"
"","","","","鱼糕今天困了喵",1755954840,"没有 ;("
"","","","","鱼糕今天困了喵",1755954794,"啧 没找到 其实我也有点想吃"
"","","","","鱼糕今天困了喵",1755954616,"我是萌喵殿下 喵呜"
"","","","","鱼糕今天困了喵",1755952488,"快进到魔丸卡住了"
"","","","","鱼糕今天困了喵",1755946538,"晚上好————"
"","","","","鱼糕今天困了喵",1755878746,"晚上好————"
"","","","","鱼糕今天困了喵",1755792533,"可能刷一两个小时手机"
"","","","","鱼糕今天困了喵",1755792526,"没事干 那就眯咯"
"","","","","鱼糕今天困了喵",1755792504,"准备眯了"
"","","","","鱼糕今天困了喵",1755792465,"晚上好—"
"","","","","鱼糕今天困了喵",1755788626,"歌名在这里—— MIRROR of MAGIC feat. Suimi"
"","","","","鱼糕今天困了喵",1755788560,"主人 信鸽————"
"","","","","鱼糕今天困了喵",1755616452,"该去看别的妹妹咯"
"","","","","鱼糕今天困了喵",1755450104,"那决赛怎么办"
"","","","","鱼糕今天困了喵",1755450083,"请神请到决赛的自己了"
"","","","","鱼糕今天困了喵",1755448186,"这个跟刚才那个有区别吗（（（"
"","","","","鱼糕今天困了喵",1755355769,"对的对的"
"","","","","鱼糕今天困了喵",1755355712,"不保卡我的免费32kg*3托运没了"
"","","","","鱼糕今天困了喵",1755355699,"我必须得加航 要保卡"
"","","","","鱼糕今天困了喵",1755354188,"催更泳装"
"","","","","鱼糕今天困了喵",1755354139,"我好像只有一个🛁"
"","","","","鱼糕今天困了喵",1755354082,"诺现在有多少图包"
"","","","","鱼糕今天困了喵",1755354007,"🦵🏻！！！！！"
"","","","","鱼糕今天困了喵",1755353842,"点图 那张（"
"","","","","鱼糕今天困了喵",1755353763,"草"
"","","","","鱼糕今天困了喵",1755353701,"是不是有点像吧（（"
"","","","","鱼糕今天困了喵",1755353660,"雨姐带派那张（（（*抱头挨打"
"","","","","鱼糕今天困了喵",1755353627,"🧘‍♀️➡️🦶"
"","","","","鱼糕今天困了喵",1755353567,"让我想到一张图"
"","","","","鱼糕今天困了喵",1755353351,"诺：探头探脑"
"","","","","鱼糕今天困了喵",1755353265,"没见过线下 难道说诺要安排线下…！"
"","","","","鱼糕今天困了喵",1755353209,"烤诺👋💪"
"","","","","鱼糕今天困了喵",1755353117,"不要再黑我们尼康了好吗"
"","","","","鱼糕今天困了喵",1755352760,"点歌要爱爱（并非点歌"
"","","","","鱼糕今天困了喵",1755352705,"看到诺请给她一拳让她去修图👊"
"","","","","鱼糕今天困了喵",1755352644,"？？"
"","","","","鱼糕今天困了喵",1755352584,"你们不要天天@雨诺Akari了 @雨诺Akari很忙的 不许再@雨诺Akari了"
"","","","","鱼糕今天困了喵",1755352522,"没发完整版（）"
"","","","","鱼糕今天困了喵",1755352515,"其实我上次干过一次了"
"","","","","鱼糕今天困了喵",1755352471,"诺最好了 呜呜 想要直播回放[花]"
"","","","","鱼糕今天困了喵",1755352452,"劲呐[热]"
"","","","","鱼糕今天困了喵",1755352405,"诺你知道的 我想要直播回放"
"","","","","鱼糕今天困了喵",1755352395,"[热]诺太会唱了[热]"
"","","","","鱼糕今天困了喵",1755352310,"明"
"","","","","鱼糕今天困了喵",1755352020,"我也想听奶龙"
"","","","","鱼糕今天困了喵",1755351974,"批发诺香茶包一包200三包400[热]"
"","","","","鱼糕今天困了喵",1755351949,"吃过rice pudding"
"","","","","鱼糕今天困了喵",1755351874,"想吃诺米布丁"
"","","","","鱼糕今天困了喵",1755351769,"老板糊涂啊——"
"","","","","鱼糕今天困了喵",1755351734,"啊啊啊啊啊啊啊啊宝宝你是一个香香甜甜软软糯糯草莓布丁西瓜果茶"
"","","","","鱼糕今天困了喵",1755351695,"诺为什么对着舰长竖中指（"
"","","","","鱼糕今天困了喵",1755351664,"🦵🏻"
"","","","","鱼糕今天困了喵",1755351613,"现在飞去俄罗斯吧孩子（"
"","","","","鱼糕今天困了喵",1755351576,"框框两拳"
"","","","","鱼糕今天困了喵",1755351567,"小马不许哈气"
"","","","","鱼糕今天困了喵",1755272641,"老板糊涂啊"
"","","","","鱼糕今天困了喵",1755191336,"钱"
"","","","","鱼糕今天困了喵",1755097384,"下次点别的妹妹了喵"
"","","","","鱼糕今天困了喵",1755097350,"zzzZ…"
"","","","","鱼糕今天困了喵",1755097309,"包的 必须得醒着吃"
"","","","","鱼糕今天困了喵",1755097278,"那很舒服了"
"","","","","鱼糕今天困了喵",1755097264,"原来可以指名被扇巴掌吗"
"","","","","鱼糕今天困了喵",1755093021,"（心虚喵"
"","","","","鱼糕今天困了喵",1755093017,"游戏去了喵 没有看别的妹妹喵"
"","","","","鱼糕今天困了喵",1755092942,"全吃一遍这一块"
"","","","","鱼糕今天困了喵",1755092831,"美女你谁"
"","","","","鱼糕今天困了喵",1755075551,"我还得两周"
"","","","","鱼糕今天困了喵",1755075543,"我在国内呢"
"","","","","鱼糕今天困了喵",1755075507,"有同学去北美了打游戏人手不够"
"","","","","鱼糕今天困了喵",1755075489,"我也想飞了"
"","","","","鱼糕今天困了喵",1755075432,"嗯？有人提到我吗"
"","","","","鱼糕今天困了喵",1755022236,"困 眯"
"","","","","鱼糕今天困了喵",1755022010,"可以听一首虫儿飞吗👉👈"
"","","","","鱼糕今天困了喵",1755021293,"话说回来气息不稳抖的厉害上啥音效都难救"
"","","","","鱼糕今天困了喵",1755021258,"一个是物理设备 一个是特效"
"","","","","鱼糕今天困了喵",1755021251,"那个不是声卡 那个是调音"
"","","","","鱼糕今天困了喵",1755020787,"快眯着了"
"","","","","鱼糕今天困了喵",1755019111,"化掉了"
"","","","","鱼糕今天困了喵",1755019103,"我这边下周最高36"
"","","","","鱼糕今天困了喵",1755018838,"哇还有备胎"
"","","","","鱼糕今天困了喵",1755018589,"话少是这样的"
"","","","","鱼糕今天困了喵",1755018234,"就这首 之前有人做视频"
"","","","","鱼糕今天困了喵",1755018204,"走马灯的小曲"
"","","","","鱼糕今天困了喵",1753195173,"想她 想听她唱歌了"
"","","","","鱼糕今天困了喵",1753195143,"诺谁啊 不熟 想她"
"","","","","鱼糕今天困了喵",1753194979,"美女你谁"
"","","","","鱼糕今天困了喵",1752941941,"坏了 被看穿了"
"","","","","鱼糕今天困了喵",1752941933,"ztmy（）"
"","","","","鱼糕今天困了喵",1752937565,"《单推两个》"
"","","","","鱼糕今天困了喵",1752937493,"但是！往好处想 我真的没有去看别的妹妹哦（）"
"","","","","鱼糕今天困了喵",1752937470,"哦 补兑 109了"
"","","","","鱼糕今天困了喵",1752937434,"而我可是拥有98个牌子的人"
"","","","","鱼糕今天困了喵",1752937086,"笑死了 这个id我在别人房间里也见过"
"","","","","鱼糕今天困了喵",1752935610,"让我想起了大腿夹西瓜啃瓜皮视频"
"","","","","鱼糕今天困了喵",1752935384,"不得不想起有一个人 线下比照片还好看[dog] 还主动合影[dog]"
"","","","","鱼糕今天困了喵",1752935229,"《手手好软》"
"","","","","鱼糕今天困了喵",1752935035,"太好听了吧 简直是天籁"
"","","","","鱼糕今天困了喵",1752935025,"《要爱爱》"
"","","","","鱼糕今天困了喵",1752935020,"看鱼糕可以听超绝翻唱"
"","","","","鱼糕今天困了喵",1752935006,"欢迎关注各位舰长看逆天视频"
"","","","","鱼糕今天困了喵",1752934795,"享受是对的啊 很享受了"
"","","","","鱼糕今天困了喵",1752934780,"黏黏糊糊 要洗澡（）"
"","","","","鱼糕今天困了喵",1752934763,"身上 好多口水…"
"","","","","鱼糕今天困了喵",1752934748,"没有鱼糕🦵🏻就只能换诺🦵🏻了"
"","","","","鱼糕今天困了喵",1752934729,"[大哭][大哭][大哭][大哭]还我鱼糕🦵🏻"
"","","","","鱼糕今天困了喵",1752934716,"bur 我怎么被吃了"
"","","","","鱼糕今天困了喵",1752934695,"狂人日记啊"
"","","","","鱼糕今天困了喵",1752934690,"拔叔哪里不野了"
"","","","","鱼糕今天困了喵",1752934532,"老板糊涂啊（routine"
"","","","","鱼糕今天困了喵",1752934521,"那很好了"
"","","","","鱼糕今天困了喵",1752934513,"原来是这样吗"
"","","","","鱼糕今天困了喵",1752934468,"馋的 我老想拌粉了"
"","","","","鱼糕今天困了喵",1752934280,"想法是好的 肯定是吧（点头）"
"","","","","鱼糕今天困了喵",1752934242,"被打是对的 suki"
"","","","","鱼糕今天困了喵",1752933639,"那你猜猜我昨天干啥去了呢（偷笑）"
"","","","","鱼糕今天困了喵",1752933492,"茄盒 好吃"
"","","","","鱼糕今天困了喵",1752909986,"jm搜不到啊"
"","","","","鱼糕今天困了喵",1752909956,"哇还有贯穿"
"","","","","鱼糕今天困了喵",1752908738,"算盘珠子崩我脸上了"
"","","","","鱼糕今天困了喵",1752860728,"有点难了"
"","","","","鱼糕今天困了喵",1752860723,"我要是50 啧啧啧"
"","","","","鱼糕今天困了喵",1752860670,"嗯？"
"","","","","鱼糕今天困了喵",1752860027,"信的"
"","","","","鱼糕今天困了喵",1752859835,"0"
"","","","","鱼糕今天困了喵",1752859570,"坏了 云玩家了"
"","","","","鱼糕今天困了喵",1752859563,"我趣 居然不涨啊 我以为涨的"
"","","","","鱼糕今天困了喵",1752859535,"抢红包投喂怎么不是一种白嫖"
"","","","","鱼糕今天困了喵",1752859170,"然后多看两遍记住"
"","","","","鱼糕今天困了喵",1752859162,"没有吧 我和朋友基本上是 多打"
"","","","","鱼糕今天困了喵",1752859077,"对的 就是那个"
"","","","","鱼糕今天困了喵",1752859044,"你不是你 你是谁"
"","","","","鱼糕今天困了喵",1752858956,"发你 等下"
"","","","","鱼糕今天困了喵",1752858952,"我有心里阴影（）"
"","","","","鱼糕今天困了喵",1752858938,"不要"
"","","","","鱼糕今天困了喵",1752858917,"最近就 游戏 研究游戏 看游戏视频"
"","","","","鱼糕今天困了喵",1752858528,"三条腿吗 那很痛了"
"","","","","鱼糕今天困了喵",1752858514,"草"
"","","","","鱼糕今天困了喵",1752858509,"欺负嗷呜多好玩[花]"
"","","","","鱼糕今天困了喵",1752858484,"上个舰长买不了吃亏买不了上当"
"","","","","鱼糕今天困了喵",1752852999,"眨了下眼怎么17h了"
"","","","","鱼糕今天困了喵",1752850042,"秒针好耶"
"","","","","鱼糕今天困了喵",1752849821,"这么多抱枕？"
"","","","","鱼糕今天困了喵",1752849796,"打着游戏睡着也是 很强大了"
"","","","","鱼糕今天困了喵",1752849677,"zutomayo里面 你选一首"
"","","","","鱼糕今天困了喵",1752849651,"点歌 ztmy"
"","","","","鱼糕今天困了喵",1752849630,"就爱上舰长"
"","","","","鱼糕今天困了喵",1752849625,"没有"
"","","","","鱼糕今天困了喵",1752849391,"[喝彩][喝彩][喝彩][喝彩][喝彩][喝彩][喝彩][喝彩][喝彩][喝彩][喝彩]"
"","","","","鱼糕今天困了喵",1752848184,"⁄(⁄ ⁄ ⁄ω⁄ ⁄ ⁄)⁄"
"","","","","鱼糕今天困了喵",1752682909,"好像有效点赞每个时段还是多久就1k"
"","","","","鱼糕今天困了喵",1752678506,"想她了[大哭][大哭][大哭][大哭][大哭][大哭]"
"","","","","鱼糕今天困了喵",1752678493,"诺不喜欢我切片吗呜呜呜呜"
"","","","","鱼糕今天困了喵",1752678339,"只能一点点哦"
"","","","","鱼糕今天困了喵",1752678326,"诺歌 没有很喜欢吧 也只不过是可以切片推推的水准"
"","","","","鱼糕今天困了喵",1752678240,"不要 想她 想听她唱的[大哭]"
"","","","","鱼糕今天困了喵",1752678202,"别的妹妹没有开播 呜呜呜"
"","","","","鱼糕今天困了喵",1752678133,"盖去洗吧"
"","","","","鱼糕今天困了喵",1752678050,"你就可以洗了"
"","","","","鱼糕今天困了喵",1752678034,"死盖你再拿俩小熊"
"","","","","鱼糕今天困了喵",1752677915,"按错了"
"","","","","鱼糕今天困了喵",1752677903,"好的 给你个月亮"
"","","","","鱼糕今天困了喵",1752677860,"诺想要我给你摘月亮 还是想要我给你爱心小熊"
"","","","","鱼糕今天困了喵",1752677829,"六百六十六"
"","","","","鱼糕今天困了喵",1752677452,"你去洗吧 我不会偷偷减时间的"
"","","","","鱼糕今天困了喵",1752676841,"喜欢吃诺诺的脑花[热]"
"","","","","鱼糕今天困了喵",1752676795,"不控制变量导致的"
"","","","","鱼糕今天困了喵",1752676652,"我不吃不吃[大哭][大哭][大哭]酸的[大哭][大哭][大哭]"
"","","","","鱼糕今天困了喵",1752676618,"开光！"
"","","","","鱼糕今天困了喵",1752676613,"快进到下一颗就是"
"","","","","鱼糕今天困了喵",1752676543,"啊——"
"","","","","鱼糕今天困了喵",1752676519,"扔我嘴里"
"","","","","鱼糕今天困了喵",1752676337,"野史回"
"","","","","鱼糕今天困了喵",1752676331,"我还记得诺买动漫书的小故事"
"","","","","鱼糕今天困了喵",1752676162,"熟成诺🦵🏻"
"","","","","鱼糕今天困了喵",1752675582,"开光了"
"","","","","鱼糕今天困了喵",1752675570,"我趣 真有"
"","","","","鱼糕今天困了喵",1752675553,"芸儿娘也是对的"
"","","","","鱼糕今天困了喵",1752675531,"不能都喜欢吗[大哭]"
"","","","","鱼糕今天困了喵",1752675503,"很对很对 非常正确"
"","","","","鱼糕今天困了喵",1752675476,"盖我暂时喜欢你一下"
"","","","","鱼糕今天困了喵",1752675459,"盖是对的 我是对的"
"","","","","鱼糕今天困了喵",1752675391,"补兑"
"","","","","鱼糕今天困了喵",1752675349,"诺看的很认真 想必她真的很喜欢吧"
"","","","","鱼糕今天困了喵",1752675248,"才不是你呢"
"","","","","鱼糕今天困了喵",1752675175,"想她"
"","","","","鱼糕今天困了喵",1752675172,"那个女人好"
"","","","","鱼糕今天困了喵",1752675112,"戴上 求你[大哭]"
"","","","","鱼糕今天困了喵",1752675078,"劲呐[热]"
"","","","","鱼糕今天困了喵",1752675074,"[热]"
"","","","","鱼糕今天困了喵",1752675057,"诺又在奖励诺球球了"
"","","","","鱼糕今天困了喵",1752675020,"是心尖尖小鱼糕和不知道哪个叫盖的"
"","","","","鱼糕今天困了喵",1752674999,"盖坏"
"","","","","鱼糕今天困了喵",1752674995,"？"
"","","","","鱼糕今天困了喵",1752674959,"321上烤架"
"","","","","鱼糕今天困了喵",1752674938,"总归会出的"
"","","","","鱼糕今天困了喵",1752674934,"别管看没看到 喂就完事了"
"","","","","鱼糕今天困了喵",1752674923,"诺 关了吧 开着不好玩"
"","","","","鱼糕今天困了喵",1752674905,"我一般十连1-2"
"","","","","鱼糕今天困了喵",1752674897,"电影票不至于 日常出的那个玩意"
"","","","","鱼糕今天困了喵",1752674822,"想看总督x100"
"","","","","鱼糕今天困了喵",1752674793,"我支持电影票"
"","","","","鱼糕今天困了喵",1752674788,"所以电影票是对的"
"","","","","鱼糕今天困了喵",1752674774,"不加"
"","","","","鱼糕今天困了喵",1752674752,"有的 最低那个是"
"","","","","鱼糕今天困了喵",1752674742,"我的点歌呢 诺"
"","","","","鱼糕今天困了喵",1752674714,"加去吧你"
"","","","","鱼糕今天困了喵",1752674676,"我平时没有这么白"
"","","","","鱼糕今天困了喵",1752674669,"我举报"
"","","","","鱼糕今天困了喵",1752674667,"黑幕"
"","","","","鱼糕今天困了喵",1752674664,"？？？？？？"
"","","","","鱼糕今天困了喵",1752674660,"？"
"","","","","鱼糕今天困了喵",1752674609,"我坏"
"","","","","鱼糕今天困了喵",1752674603,"我是错的"
"","","","","鱼糕今天困了喵",1752674493,"kora不要告诉她啊"
"","","","","鱼糕今天困了喵",1752674483,"6000秒"
"","","","","鱼糕今天困了喵",1752674476,"10分钟"
"","","","","鱼糕今天困了喵",1752674371,"那我的看弹幕这一块谁给我补啊[大哭]"
"","","","","鱼糕今天困了喵",1752674362,"好坏的诺啊 怎么连1电池都不谢了[大哭]"
"","","","","鱼糕今天困了喵",1752674218,"sad"
"","","","","鱼糕今天困了喵",1752674216,"嗯？哦你没走啊"
"","","","","鱼糕今天困了喵",1752674211,"你不要走啊[大哭][大哭][大哭][大哭][大哭][大哭][大哭]"
"","","","","鱼糕今天困了喵",1752674207,"诺[大哭][大哭][大哭][大哭][大哭][大哭][大哭][大哭][大哭][大哭]"
"","","","","鱼糕今天困了喵",1752593316,"清不了咯——"
"","","","","鱼糕今天困了喵",1752593307,"出个城堡清零"
"","","","","鱼糕今天困了喵",1752593263,"我觉得很合适"
"","","","","鱼糕今天困了喵",1752593260,"舰长+1提督+10总督*100"
"","","","","鱼糕今天困了喵",1752592843,"yyfj什么都会做的"
"","","","","鱼糕今天困了喵",1752592834,"再来个要爱爱吧 我可以不睡的"
"","","","","鱼糕今天困了喵",1752592413,"羡慕地板"
"","","","","鱼糕今天困了喵",1752592409,"所以诺看的脚趾扣地是对的"
"","","","","鱼糕今天困了喵",1752592399,"那样来说我的任务完成得很好"
"","","","","鱼糕今天困了喵",1752592340,"啧啧 我的野史回还没剪完"
"","","","","鱼糕今天困了喵",1752592322,"tui酱这一块"
"","","","","鱼糕今天困了喵",1752592301,"不对 对的 对的"
"","","","","鱼糕今天困了喵",1752592241,"我哪里"
"","","","","鱼糕今天困了喵",1752591894,"好痛 我检查一下"
"","","","","鱼糕今天困了喵",1752591452,"那就是对芒果皮过敏...?"
"","","","","鱼糕今天困了喵",1752591150,"白灼虾我可以直接把虾肉挤出来 虾壳自动去掉"
"","","","","鱼糕今天困了喵",1752591103,"除了虾头"
"","","","","鱼糕今天困了喵",1752591098,"会的 脆脆的"
"","","","","鱼糕今天困了喵",1752590466,"tui酱晚上好————"
"","","","","鱼糕今天困了喵",1752589776,"了"
"","","","","鱼糕今天困了喵",1752589772,"这样 诺给我上个总督 也算是有自己的第一个总督李"
"","","","","鱼糕今天困了喵",1752589710,"你好 请来看《要爱爱》"
"","","","","鱼糕今天困了喵",1752588341,"我也喜欢吃 好吃"
"","","","","鱼糕今天困了喵",1752588334,"麻辣 孜然 啧啧啧"
"","","","","鱼糕今天困了喵",1752587797,"她还得谢谢咱呢"
"","","","","鱼糕今天困了喵",1752587766,"抓我timing"
"","","","","鱼糕今天困了喵",1752587763,"不是 我刚发"
"","","","","鱼糕今天困了喵",1752587744,"你别走[大哭][大哭][大哭][大哭][大哭][大哭][大哭][大哭]"
"","","","","鱼糕今天困了喵",1752587737,"诺[大哭][大哭][大哭][大哭][大哭][大哭][大哭][大哭][大哭]"
"","","","","鱼糕今天困了喵",1752587552,"难说 总归会线下肘击的 不能接受就肘到天上去"
"","","","","鱼糕今天困了喵",1752587433,"🇨🇦算北边 trt算加东 所以诺是东北的"
"","","","","鱼糕今天困了喵",1752586844,"我要回加拿大[大哭]"
"","","","","鱼糕今天困了喵",1752584682,"好强大啊"
"","","","","鱼糕今天困了喵",1752502196,"7.6 21点场-7.7 你播的"
"","","","","鱼糕今天困了喵",1752502163,"笑了"
"","","","","鱼糕今天困了喵",1752502160,"草"
"","","","","鱼糕今天困了喵",1752502158,"4天"
"","","","","鱼糕今天困了喵",1752502155,"sry 7.14"
"","","","","鱼糕今天困了喵",1752502151,"7.5 7.7 7.10 7.15"
"","","","","鱼糕今天困了喵",1752502113,"第二条腿咋断的啊"
"","","","","鱼糕今天困了喵",1752499827,"那很诚实了"
"","","","","鱼糕今天困了喵",1752499800,"《只是擦边那确实永封》"
"","","","","鱼糕今天困了喵",1752488332,"草"
"","","","","鱼糕今天困了喵",1752487739,"ysk在读sc"
"","","","","鱼糕今天困了喵",1752478486,"不跟人数时间"
"","","","","鱼糕今天困了喵",1752474282,"88—"
"","","","","鱼糕今天困了喵",1752474247,"可以 那很好了"
"","","","","鱼糕今天困了喵",1752474187,"跟她说 再不更新 鱼糕抢你直播间"
"","","","","鱼糕今天困了喵",1752474176,"这样 你给诺打30sc"
"","","","","鱼糕今天困了喵",1752474118,"[花]"
"","","","","鱼糕今天困了喵",1752474083,"并非管人"
"","","","","鱼糕今天困了喵",1752474078,"切片喵"
"","","","","鱼糕今天困了喵",1752474073,"对的"
"","","","","鱼糕今天困了喵",1752474043,"mua"
"","","","","鱼糕今天困了喵",1752473962,"现在难说"
"","","","","鱼糕今天困了喵",1752473959,"本来今天"
"","","","","鱼糕今天困了喵",1752472218,"who asked"
"","","","","鱼糕今天困了喵",1752472161,"直播切片"
"","","","","鱼糕今天困了喵",1752472090,"今天发一下"
"","","","","鱼糕今天困了喵",1752472085,"对的 正在剪要爱爱"
"","","","","鱼糕今天困了喵",1752470445,"克隆一个送我 谢谢"
"","","","","鱼糕今天困了喵",1752470437,"原来可以克隆吗"
"","","","","鱼糕今天困了喵",1752470297,"那很像了"
"","","","","鱼糕今天困了喵",1752455115,"6666"
"","","","","鱼糕今天困了喵",1752455008,"在现场 昨天全是sc cos角色"
"","","","","鱼糕今天困了喵",1752424329,"热吗 看看短袖短裤 我不信"
"","","","","鱼糕今天困了喵",1752424014,"有"
"","","","","鱼糕今天困了喵",1752423883,"满足你 点一个吧"
"","","","","鱼糕今天困了喵",1752423812,"有人给我发鬼图我是真的会开骂"
"","","","","鱼糕今天困了喵",1752423801,"起码给我发只要不是鬼图我都能接受"
"","","","","鱼糕今天困了喵",1752423788,"破防我只能说心灵脆弱"
"","","","","鱼糕今天困了喵",1752423780,"一般人没这么容易气"
"","","","","鱼糕今天困了喵",1752423735,"😆👉🫠"
"","","","","鱼糕今天困了喵",1752423720,"看图说话"
"","","","","鱼糕今天困了喵",1752423717,"我喜欢扔一堆表情包"
"","","","","鱼糕今天困了喵",1752423700,"算是吧"
"","","","","鱼糕今天困了喵",1752423668,"难绷 然后呢"
"","","","","鱼糕今天困了喵",1752423473,"[大哭]"
"","","","","鱼糕今天困了喵",1752422963,"因为 鱼糕是好吃的"
"","","","","鱼糕今天困了喵",1752422893,"喵呜"
"","","","","鱼糕今天困了喵",1752422632,"所以看看🦵🏻"
"","","","","鱼糕今天困了喵",1752422628,"看看🦵🏻才知道"
"","","","","鱼糕今天困了喵",1752422590,"纳豆我一口不吃"
"","","","","鱼糕今天困了喵",1752422580,"补不补不知道 我只管好吃 和不好吃"
"","","","","鱼糕今天困了喵",1752422563,"扩展还有生蛋黄腌一下"
"","","","","鱼糕今天困了喵",1752422539,"生鸡蛋拌饭拌面也还可以"
"","","","","鱼糕今天困了喵",1752422527,"没事 我目前是没吃过有问题的蛋"
"","","","","鱼糕今天困了喵",1752422254,"榴莲制品 一股 化学味道"
"","","","","鱼糕今天困了喵",1752422243,"榴莲制品不好吃"
"","","","","鱼糕今天困了喵",1752422239,"榴莲好吃"
"","","","","鱼糕今天困了喵",1752422216,"没办法的"
"","","","","鱼糕今天困了喵",1752422213,"一种来自胃部深处的自然排斥"
"","","","","鱼糕今天困了喵",1752422198,"我上次吃一口给我干晕过去了"
"","","","","鱼糕今天困了喵",1752422173,"我真的很想干坏事"
"","","","","鱼糕今天困了喵",1752421888,"晚安铁柱——"
"","","","","鱼糕今天困了喵",1752421881,"然后1-4过去"
"","","","","鱼糕今天困了喵",1752421875,"12月回一趟"
"","","","","鱼糕今天困了喵",1752421870,"8月底出发"
"","","","","鱼糕今天困了喵",1752421811,"我在加拿大上大学啊"
"","","","","鱼糕今天困了喵",1752421786,"我11月尝试抓一下线下"
"","","","","鱼糕今天困了喵",1752421350,"打米的也没特殊权利说是"
"","","","","鱼糕今天困了喵",1752420447,"awmc"
"","","","","鱼糕今天困了喵",1752420431,"哭了"
"","","","","鱼糕今天困了喵",1752420429,"我拼尽全力上个版本w53"
"","","","","鱼糕今天困了喵",1752419556,"喜欢眼睛吗 我才还给诺的"
"","","","","鱼糕今天困了喵",1752419405,"看得见诺 那很好了 超喜欢"
"","","","","鱼糕今天困了喵",1752419339,"就是一只一点度数 另一只没度数 差不多吧"
"","","","","鱼糕今天困了喵",1752419306,"平时不戴 在教室不得不戴"
"","","","","鱼糕今天困了喵",1752419293,"0.5 1.0"
"","","","","鱼糕今天困了喵",1752419289,"我也"
"","","","","鱼糕今天困了喵",1752419225,"这边眼镜 还挺多的"
"","","","","鱼糕今天困了喵",1752419144,"川左库子"
"","","","","鱼糕今天困了喵",1752419125,"没事 目的达到了"
"","","","","鱼糕今天困了喵",1752418951,"草草草"
"","","","","鱼糕今天困了喵",1752418947,"草"
"","","","","鱼糕今天困了喵",1752418928,"吸你血哦"
"","","","","鱼糕今天困了喵",1752418920,"谁家蚊子化成人形了"
"","","","","鱼糕今天困了喵",1752418828,"我也5号啊（）"
"","","","","鱼糕今天困了喵",1752418821,"那你问我几号（）"
"","","","","鱼糕今天困了喵",1752418788,"当然是 整的"
"","","","","鱼糕今天困了喵",1752418774,"《两个月》"
"","","","","鱼糕今天困了喵",1752418658,"\o/"
"","","","","鱼糕今天困了喵",1752418607,"想她"
"","","","","鱼糕今天困了喵",1752418514,"想她"
"","","","","鱼糕今天困了喵",1752418488,"加拿大鹅（）"
"","","","","鱼糕今天困了喵",1752418307,"喜欢喜欢喜欢（）"
"","","","","鱼糕今天困了喵",1752418297,"那啥 备注个不戴眼镜（）"
"","","","","鱼糕今天困了喵",1752418185,"她好宠我[doge2]"
"","","","","鱼糕今天困了喵",1752418112,"你好 这是结婚届 想要个签名"
"","","","","鱼糕今天困了喵",1752418090,"我趣 漂亮姐姐"
"","","","","鱼糕今天困了喵",1752418033,"不戴眼镜也好看 多谢款待"
"","","","","鱼糕今天困了喵",1752417992,"然后逮捕我 谢谢"
"","","","","鱼糕今天困了喵",1752417986,"所以看看你走过的路"
"","","","","鱼糕今天困了喵",1752417833,"感觉是可以一爪子三道血痕的那种猫咪"
"","","","","鱼糕今天困了喵",1752417819,"就喜欢猫耳这一下"
"","","","","鱼糕今天困了喵",1752417752,"我还怕虫子 很坏很坏"
"","","","","鱼糕今天困了喵",1752417744,"我趣 密恐了"
"","","","","鱼糕今天困了喵",1752417641,"小肚小肚"
"","","","","鱼糕今天困了喵",1752417519,"今天游泳 吃饭 回家（）"
"","","","","鱼糕今天困了喵",1752417468,"美女你谁…？哦今天认识（"
"","","","","鱼糕今天困了喵",1752329121,"困困"
"","","","","鱼糕今天困了喵",1752329118,"眯了 告退"
"","","","","鱼糕今天困了喵",1752328985,"快进到诺把手指粘上"
"","","","","鱼糕今天困了喵",1752328463,"例如完整的诺"
"","","","","鱼糕今天困了喵",1752328455,"不能是完整的一个人吗"
"","","","","鱼糕今天困了喵",1752328403,"还是看看🦵🏻"
"","","","","鱼糕今天困了喵",1752328233,"其实是🦵🏻（"
"","","","","鱼糕今天困了喵",1752328079,"亏了100万"
"","","","","鱼糕今天困了喵",1752328075,"坏了 没看见"
"","","","","鱼糕今天困了喵",1752327891,"三天展商证要3k"
"","","","","鱼糕今天困了喵",1752327879,"对的一天"
"","","","","鱼糕今天困了喵",1752250027,"ztmy お勉強しといてよ"
"","","","","鱼糕今天困了喵",1752246023,"跑了 眯 明天继续[dog]"
"","","","","鱼糕今天困了喵",1752245936,"年舰了 ssr二星鱼豆腐"
"","","","","鱼糕今天困了喵",1752245048,"快进到十连没我"
"","","","","鱼糕今天困了喵",1752244906,"我呢我呢我呢"
"","","","","鱼糕今天困了喵",1752244758,"iraka诺雨"
"","","","","鱼糕今天困了喵",1752244633,"诺你是一只好诺[大哭][大哭][大哭]"
"","","","","鱼糕今天困了喵",1752244620,"诺骗舰长照片不许去打小人[大哭][大哭][大哭]"
"","","","","鱼糕今天困了喵",1752244525,"偷偷潜入加拿大漫展 让诺认不出来我"
"","","","","鱼糕今天困了喵",1752244500,"雨诺only 2025 @ Toronto"
"","","","","鱼糕今天困了喵",1752244442,"哇还有签售"
"","","","","鱼糕今天困了喵",1752244391,"怎么不算官方周边"
"","","","","鱼糕今天困了喵",1752244383,"贴上邮票就是明信片"
"","","","","鱼糕今天困了喵",1752244323,"勉强待一下吧 哼"
"","","","","鱼糕今天困了喵",1752244311,"那我不去了"
"","","","","鱼糕今天困了喵",1752244308,"哦等等 诺把我放心上"
"","","","","鱼糕今天困了喵",1752244297,"啥 刚刚合影去了没听见"
"","","","","鱼糕今天困了喵",1752244161,"看不懂文字吗 只能发图了"
"","","","","鱼糕今天困了喵",1752244142,"人生有梦各自精彩是tp akari的别名"
"","","","","鱼糕今天困了喵",1752244102,"坏了 诺回来了"
"","","","","鱼糕今天困了喵",1752243967,"你飞去yyz 线下肘击诺"
"","","","","鱼糕今天困了喵",1752243955,"这样 你不去bw"
"","","","","鱼糕今天困了喵",1752243829,"那很美味了"
"","","","","鱼糕今天困了喵",1752243824,"自带饭盒是吗"
"","","","","鱼糕今天困了喵",1752243790,"我也想和诺集邮"
"","","","","鱼糕今天困了喵",1752243718,"我问了 自问自答（（"
"","","","","鱼糕今天困了喵",1752161507,"几天后回来"
"","","","","鱼糕今天困了喵",1752161502,"眯去了 明个儿bw"
"","","","","鱼糕今天困了喵",1752161441,"小肚小肚"
"","","","","鱼糕今天困了喵",1752161332,"明天早起"
"","","","","鱼糕今天困了喵",1752161327,"咳 我就来一下"
"","","","","鱼糕今天困了喵",1752161320,"晚上好——"
"","","","","鱼糕今天困了喵",1752144933,"喵呜…？"
"","","","","鱼糕今天困了喵",1752144453,"888888"
"","","","","鱼糕今天困了喵",1752144436,"喜欢您再来——"
"","","","","鱼糕今天困了喵",1752144390,"真笑了"
"","","","","鱼糕今天困了喵",1752144316,"一帮人喊我叔叔我头都大"
"","","","","鱼糕今天困了喵",1752143696,"笑了"
"","","","","鱼糕今天困了喵",1752143691,"我还遇到过直接问我要提督的"
"","","","","鱼糕今天困了喵",1752143680,"新v吧"
"","","","","鱼糕今天困了喵",1752143647,"那有点难绷"
"","","","","鱼糕今天困了喵",1752073107,"明天早起 眯了喵———"
"","","","","鱼糕今天困了喵",1752071665,"不知道点什么 点个随机夜鹿"
"","","","","鱼糕今天困了喵",1752071537,"5个抱枕1个电影票 楽"
"","","","","鱼糕今天困了喵",1752063919,"过两天我来不了的时候预备着"
"","","","","鱼糕今天困了喵",1752063908,"那先留着吧"
"","","","","鱼糕今天困了喵",1752063893,"劲呐[热]"
"","","","","鱼糕今天困了喵",1752063886,"还没凑够"
"","","","","鱼糕今天困了喵",1752063882,"不要 我要举牌牌"
"","","","","鱼糕今天困了喵",1752063845,"好凶[大哭] 就喜欢被凶[花] 好凶[大哭] 就喜欢被凶[花]"
"","","","","鱼糕今天困了喵",1752063825,"我也想要"
"","","","","鱼糕今天困了喵",1752063809,"可以吗111真可以吗"
"","","","","鱼糕今天困了喵",1752063762,"雨诺自助"
"","","","","鱼糕今天困了喵",1752063756,"好吃啊好吃啊"
"","","","","鱼糕今天困了喵",1752063748,"那很美味了"
"","","","","鱼糕今天困了喵",1752063717,"咕噜咕噜咕噜wwwwww"
"","","","","诺香柠檬茶单推",1751994407,"没喝过怎么知道是不是[dog]"
"","","","","诺香柠檬茶单推",1751994398,"换个角度想 有点后悔没喝到"
"","","","","诺香柠檬茶单推",1751994289,"好可爱的歌"
"","","","","诺香柠檬茶单推",1751994096,"那也行 我来听一首眯了"
"","","","","诺香柠檬茶单推",1751994079,"你选一个"
"","","","","诺香柠檬茶单推",1751994076,"我都行"
"","","","","诺香柠檬茶单推",1751993647,"并非单推别人"
"","","","","诺香柠檬茶单推",1751993625,"喵呜"
"","","","","鱼糕今天困了喵",1751982584,"我袜子也被吃过了"
"","","","","鱼糕今天困了喵",1751982102,"不急这一会儿"
"","","","","鱼糕今天困了喵",1751982088,"没事 你来了加拿大就懂了"
"","","","","鱼糕今天困了喵",1751982026,"说到糊味 Mr ramen的糊味在楼道里5天没散掉"
"","","","","鱼糕今天困了喵",1751981968,"我带个降噪耳机开满音量都能听见的"
"","","","","鱼糕今天困了喵",1751981957,"太bt了"
"","","","","鱼糕今天困了喵",1751981953,"再听到这个声音我要秒回加拿大了"
"","","","","鱼糕今天困了喵",1751981891,"贵也比吃食堂好 食堂烂完了"
"","","","","鱼糕今天困了喵",1751981832,"想必不是我 我懒狗点外卖的"
"","","","","鱼糕今天困了喵",1751981748,"我是打游戏赛点局退赛被骂的那个"
"","","","","鱼糕今天困了喵",1751981675,"Mr Ramen"
"","","","","鱼糕今天困了喵",1751981567,"火警 不得不品"
"","","","","鱼糕今天困了喵",1751981562,"vana 你也会记得这个声音的（大概率"
"","","","","鱼糕今天困了喵",1751981265,"3q"
"","","","","鱼糕今天困了喵",1751981231,"dna动了"
"","","","","鱼糕今天困了喵",1751981226,"草"
"","","","","鱼糕今天困了喵",1751980900,"叉出去！"
"","","","","鱼糕今天困了喵",1751980886,"[傲娇]"
"","","","","鱼糕今天困了喵",1751980679,"骂鲨鱼可以分我一半吗 我也想要"
"","","","","鱼糕今天困了喵",1751980637,"how dare me[大哭]"
"","","","","鱼糕今天困了喵",1751980613,"我呢我呢我呢"
"","","","","鱼糕今天困了喵",1751980606,"老板糊涂啊"
"","","","","鱼糕今天困了喵",1751980541,"线下肘主包 50一肘买两肘送一肘"
"","","","","鱼糕今天困了喵",1751980489,"50兜售鱼糕照片（高p）"
"","","","","鱼糕今天困了喵",1751980351,"0"
"","","","","鱼糕今天困了喵",1751980305,"调不调的 自带的功能激活了罢了"
"","","","","鱼糕今天困了喵",1751978792,"哇便利贴"
"","","","","鱼糕今天困了喵",1751978786,"？"
"","","","","诺家的乳酪",1751978736,"走了汪 变回鱼糕了汪"
"","","","","诺家的乳酪",1751978719,"汪汪"
"","","","","鱼糕今天困了喵",1751648277,"我就不想看你跳舞 就要听歌"
"","","","","鱼糕今天困了喵",1751648271,"这样 你上个舰长 然后跟主播说"
"","","","","鱼糕今天困了喵",1751647921,"我到三四点"
"","","","","鱼糕今天困了喵",1751647917,"我也差不多"
"","","","","鱼糕今天困了喵",1751647893,"我要剪视频 想多掏点时间"
"","","","","鱼糕今天困了喵",1751647851,"不睡明天又不醒 不醒上午就没了"
"","","","","鱼糕今天困了喵",1751647822,"将要睡觉"
"","","","","鱼糕今天困了喵",1751647770,"人气票发给了鱼糕 山心里有我"
"","","","","鱼糕今天困了喵",1751647462,"关注狮桉好运加持"
"","","","","鱼糕今天困了喵",1751646938,"prpr"
"","","","","鱼糕今天困了喵",1751646933,"喵"
"","","","","鱼糕今天困了喵",1751645185,"晚安———"
"","","","","鱼糕今天困了喵",1751642696,"不中了"
"","","","","鱼糕今天困了喵",1751642634,"（我没有想吃一个）"
"","","","","鱼糕今天困了喵",1751642623,"许愿每周都是四五个城堡"
"","","","","鱼糕今天困了喵",1751642505,"今天一共多少盒出的"
"","","","","鱼糕今天困了喵",1751642487,"对的对的 很正确的"
"","","","","鱼糕今天困了喵",1751641665,"狗酱你也上一个 不就看到了"
"","","","","鱼糕今天困了喵",1751641524,"我趣 帅"
"","","","","鱼糕今天困了喵",1751640913,"记得你要听Dear Mr 「F」了"
"","","","","鱼糕今天困了喵",1751640887,"那就先放这首"
"","","","","鱼糕今天困了喵",1751640816,"然后 “诶呀 诺球球 是谁啊”"
"","","","","鱼糕今天困了喵",1751640802,"那不可能的 在对面我也带过诺球球（（"
"","","","","鱼糕今天困了喵",1751640726,"明明是我珍藏的宝物的说"
"","","","","鱼糕今天困了喵",1751640718,"哼 那就勉强给你看一下吧"
"","","","","鱼糕今天困了喵",1751640247,"不差了"
"","","","","鱼糕今天困了喵",1751640186,"港任没那么快吧"
"","","","","鱼糕今天困了喵",1751640067,"我干啥了给我两刀"
"","","","","鱼糕今天困了喵",1751640034,"是这样的 我年底都20了 好快（（"
"","","","","鱼糕今天困了喵",1751639937,"哇 永动机"
"","","","","鱼糕今天困了喵",1751639502,"啧 限额了[可怜]"
"","","","","鱼糕今天困了喵",1751639488,"狗酱抽个城堡看看实力"
"","","","","鱼糕今天困了喵",1751639382,"啧"
"","","","","鱼糕今天困了喵",1751639270,"六千六百六十六"
"","","","","鱼糕今天困了喵",1751639262,"怎么还有人来直播间里面关注人抓我啊"
"","","","","鱼糕今天困了喵",1751639010,"古堡是哪个"
"","","","","鱼糕今天困了喵",1751638861,"我勒个"
"","","","","鱼糕今天困了喵",1751638600,"bur 城堡呢"
"","","","","鱼糕今天困了喵",1751638551,"想看主包给狗酱一肘"
"","","","","鱼糕今天困了喵",1751637033,"有时间表吗[doge2]"
"","","","","鱼糕今天困了喵",1751636816,"yay！"
"","","","","鱼糕今天困了喵",1751636684,"[喝彩][喝彩][喝彩][喝彩][喝彩][喝彩][喝彩][喝彩][喝彩][喝彩]"
"","","","","鱼糕今天困了喵",1751636311,"这回可以现场捕捉狗酱了"
"","","","","鱼糕今天困了喵",1751636159,"0.04% 2000电池"
"","","","","鱼糕今天困了喵",1751635896,"哇10个抱枕"
"","","","","鱼糕今天困了喵",1751635883,"你赶紧买 快递加点钱 应该来得及吧"
"","","","","鱼糕今天困了喵",1751635698,"哦？运气这么好"
"","","","","鱼糕今天困了喵",1751635687,"有没有大佬上个总督让我拓宽一下眼界"
"","","","","鱼糕今天困了喵",1751635675,"1"
"","","","","鱼糕今天困了喵",1751635303,"也是看到狗酱提督了"
"","","","","鱼糕今天困了喵",1751635020,"狗酱也来刮刮"
"","","","","鱼糕今天困了喵",1751634947,"2"
"","","","","鱼糕今天困了喵",1751634888,"上次好像 我就开了个 空"
"","","","","鱼糕今天困了喵",1751634854,"别急 万一是我刮出来"
"","","","","鱼糕今天困了喵",1751634245,"史官退下了 眯————"
"","","","","鱼糕今天困了喵",1751633880,"懂了 诺让我取关"
"","","","","鱼糕今天困了喵",1751633755,"诺对不起对不起对不起对不起对不起对不起"
"","","","","鱼糕今天困了喵",1751633748,"什么 诺要删我好友"
"","","","","鱼糕今天困了喵",1751633502,"编撰（zhuan）"
"","","","","鱼糕今天困了喵",1751604404,"bur 几个电影票？"
"","","","","鱼糕今天困了喵",1751604390,"？"
"","","","","鱼糕今天困了喵",1751563420,"睡着了"
"","","","","鱼糕今天困了喵",1751563095,"也行 听一首再眯"
"","","","","鱼糕今天困了喵",1751563058,"点歌不急 总会点的[dog]"
"","","","","鱼糕今天困了喵",1751563014,"眯！"
"","","","","鱼糕今天困了喵",1751563011,"有点 困了"
"","","","","鱼糕今天困了喵",1751562821,"每日催更新歌单（1/1）"
"","","","","鱼糕今天困了喵",1751562771,"嗷呜呜呜"
"","","","","鱼糕今天困了喵",1751551631,"呜呜呜 幽言哥哥[大哭]"
"","","","","鱼糕今天困了喵",1751526131,"还在外面 跑路了 过两天有空了来[dog]"
"","","","","鱼糕今天困了喵",1751475201,"prpr"
"","","","","鱼糕今天困了喵",1751475199,"晚上好——"
"","","","","鱼糕今天困了喵",1751475185,"喵"
"","","","","鱼糕今天困了喵",1751474997,"眯！"
"","","","","鱼糕今天困了喵",1751474757,"点个乌兰巴托的夜"
"","","","","鱼糕今天困了喵",1751474689,"诶你新歌单啥时候能出来"
"","","","","鱼糕今天困了喵",1751474636,"你真的敢让我点歌吗[dog]"
"","","","","鱼糕今天困了喵",1751474559,"嗷呜呜呜呜呜——"
"","","","","鱼糕今天困了喵",1751468464,"不是 我 你听我解释"
"","","","","鱼糕今天困了喵",1751468455,"？？？？？？"
"","","","","鱼糕今天困了喵",1751467030,"木瓜汁 我从小喝到大"
"","","","","鱼糕今天困了喵",1751467019,"逆天"
"","","","","鱼糕今天困了喵",1751467001,"不好吃（ 吐掉 ）"
"","","","","鱼糕今天困了喵",1751466993,"宰了吃肉"
"","","","","鱼糕今天困了喵",1751466987,"坏鲨鱼"
"","","","","鱼糕今天困了喵",1751466977,"[大哭][大哭][大哭][大哭][大哭]"
"","","","","鱼糕今天困了喵",1751464612,"什么 参与到故事里面 看看🦵🏻（"
"","","","","鱼糕今天困了喵",1751464591,"我要当bt[dog]"
"","","","","鱼糕今天困了喵",1751464202,"诺需要剧本下播图吗"
"","","","","鱼糕今天困了喵",1751464189,"12/13"
"","","","","鱼糕今天困了喵",1751464186,"目前是"
"","","","","鱼糕今天困了喵",1751464134,"9：48"
"","","","","鱼糕今天困了喵",1751464036,"这个 建议 直接当没听见跑路"
"","","","","鱼糕今天困了喵",1751463868,"说吧洋芋饭卷 你到底给死盖喂了什么[大哭]"
"","","","","鱼糕今天困了喵",1751463661,"没事 带着摄影师 穿什么都是正常的"
"","","","","鱼糕今天困了喵",1751463139,"聪明诺"
"","","","","鱼糕今天困了喵",1751463135,"对的对的对的"
"","","","","鱼糕今天困了喵",1751463106,"哦哦哦他是片假名 sry（（"
"","","","","鱼糕今天困了喵",1751462865,"这个距离…会害怕的[傲娇]"
"","","","","鱼糕今天困了喵",1751462770,"我趣 组乐队！"
"","","","","鱼糕今天困了喵",1751462764,"什么 雨诺说希望舰长喜欢她的新歌"
"","","","","鱼糕今天困了喵",1751462680,"gpt那个稿子 太呆了"
"","","","","鱼糕今天困了喵",1751462565,"换人了哦 今天是鱼糕播播～"
"","","","","鱼糕今天困了喵",1751462434,"有我也不至于旅游视频咕了三年没稿子（"
"","","","","鱼糕今天困了喵",1751462411,"我没这个水准（"
"","","","","鱼糕今天困了喵",1751462374,"（我啥都没说）"
"","","","","鱼糕今天困了喵",1751462366,"（这段抄的）"
"","","","","鱼糕今天困了喵",1751461959,"bur gemer"
"","","","","鱼糕今天困了喵",1751461950,"？？？bur？"
"","","","","鱼糕今天困了喵",1751461890,"《然后看看🦵🏻》"
"","","","","鱼糕今天困了喵",1751461590,"🦵🏻！！！！！！！！！！！"
"","","","","鱼糕今天困了喵",1751461578,"换下来的脸可以当舰礼发我吗 我放展示柜"
"","","","","鱼糕今天困了喵",1751461486,"米塔怎么会错呢 米塔只是想一直跟你在一起 我哭死"
"","","","","鱼糕今天困了喵",1751461433,"好小一只 方便拐走 很好很好"
"","","","","鱼糕今天困了喵",1751461284,"我愿意"
"","","","","鱼糕今天困了喵",1751461276,"什么 诺说要把直播间送我"
"","","","","鱼糕今天困了喵",1751461258,"要求不高的"
"","","","","鱼糕今天困了喵",1751461247,"我想要有诺的那套"
"","","","","鱼糕今天困了喵",1751461153,"没有没有 咳咳 不会的不会的"
"","","","","鱼糕今天困了喵",1751461035,"大卷发什么的 纯粹是喜欢诺 没有很喜欢啦 一点点 就一点点哦"
"","","","","鱼糕今天困了喵",1751460906,"业余摄影（非）专业拍照 照片免费删一张50（并非广告）"
"","","","","鱼糕今天困了喵",1751460764,"（对不起我也没剪 忏悔🙏"
"","","","","鱼糕今天困了喵",1751460754,"诺什么时候切片也是这个速度（许愿"
"","","","","鱼糕今天困了喵",1751460701,"我勒个8套"
"","","","","鱼糕今天困了喵",1751460562,"我的米在哪里[大哭]"
"","","","","鱼糕今天困了喵",1751460557,"我也上xhs 我也留学"
"","","","","鱼糕今天困了喵",1751460506,"怎么做到的 教我"
"","","","","鱼糕今天困了喵",1751460496,"加拿大传奇捡漏王"
"","","","","鱼糕今天困了喵",1751389142,"那啥 要眯了（"
"","","","","鱼糕今天困了喵",1751389092,"从某种角度上来说 我猜的是对的"
"","","","","鱼糕今天困了喵",1751388996,"快进到隐藏曲目朝你大胯捏一把"
"","","","","鱼糕今天困了喵",1751388939,"害怕"
"","","","","鱼糕今天困了喵",1751388877,"山：我体力可好了 完全不怕你们扔舰长考验"
"","","","","鱼糕今天困了喵",1751388687,"嗯 我南京的"
"","","","","鱼糕今天困了喵",1751388666,"爬屏幕4"
"","","","","鱼糕今天困了喵",1751388610,"《一口一个鱼糕》"
"","","","","鱼糕今天困了喵",1751388583,"爬屏幕4"
"","","","","鱼糕今天困了喵",1751388575,"左2"
"","","","","鱼糕今天困了喵",1751388561,"左4"
"","","","","鱼糕今天困了喵",1751388552,"召唤猫娘"
"","","","","鱼糕今天困了喵",1751388503,"被当成外国人整了（不是"
"","","","","鱼糕今天困了喵",1751388479,"168那个只能国内卡付"
"","","","","鱼糕今天困了喵",1751388465,"198是因为舰长一号"
"","","","","鱼糕今天困了喵",1751388410,"我肯定没有 我只是想看别人选山歌[dog]"
"","","","","鱼糕今天困了喵",1751388064,"你就刷吧 一刷推的更来劲"
"","","","","鱼糕今天困了喵",1751387949,"老板糊涂啊"
"","","","","鱼糕今天困了喵",1751387926,"喵"
"","","","","鱼糕今天困了喵",1751387923,"prpr"
"","","","","鱼糕今天困了喵",1751384016,"嗷呜呜呜呜呜呜呜"
"","","","","鱼糕今天困了喵",1751383798,"你们这 啥时候能休一次啊"
"","","","","鱼糕今天困了喵",1751383726,"一个出去拍照片了 一个在准备生日会"
"","","","","鱼糕今天困了喵",1751383688,"没 俩人都没播"
"","","","","鱼糕今天困了喵",1751383681,"我准备眯了"
"","","","","鱼糕今天困了喵",1751383660,"oi——"
"","","","","鱼糕今天困了喵",1751304782,"晚安喵"
"","","","","鱼糕今天困了喵",1751304767,"[doge2]"
"","","","","鱼糕今天困了喵",1751304763,"明天要 剪视频"
"","","","","鱼糕今天困了喵",1751304739,"对的对的"
"","","","","鱼糕今天困了喵",1751304736,"9月头"
"","","","","鱼糕今天困了喵",1751304723,"我四月份就回来了"
"","","","","鱼糕今天困了喵",1751304718,"yeah"
"","","","","鱼糕今天困了喵",1751304709,"[dog]"
"","","","","鱼糕今天困了喵",1751304705,"困了 眯"
"","","","","鱼糕今天困了喵",1751304665,"prpr"
"","","","","鱼糕今天困了喵",1751304595,"对的 你看 山还记得1号我就活了这事"
"","","","","鱼糕今天困了喵",1751304580,"憋着这一块"
"","","","","鱼糕今天困了喵",1751304546,"还真是"
"","","","","鱼糕今天困了喵",1751304514,"我勒个 这么长的特效"
"","","","","鱼糕今天困了喵",1751304390,"我记得有个大哥大哥欢迎你 欢迎你来我这里"
"","","","","鱼糕今天困了喵",1751304332,"prpr"
"","","","","鱼糕今天困了喵",1751304223,"你还真别说 大洋彼岸的原版不好吃"
"","","","","鱼糕今天困了喵",1751304211,"呜呜呜呜"
"","","","","鱼糕今天困了喵",1751304149,"喜欢麦香鱼"
"","","","","鱼糕今天困了喵",1751304037,"山 借我198 我给你上个舰长[dog]"
"","","","","鱼糕今天困了喵",1751303430,"喵"
"","","","","鱼糕今天困了喵",1751303426,"黄叔啥时候上的提"
"","","","","鱼糕今天困了喵",1751270410,"拜拜～"
"","","","","鱼糕今天困了喵",1751269861,"今天不给刷卡"
"","","","","鱼糕今天困了喵",1751269853,"系统升级结束就续"
"","","","","鱼糕今天困了喵",1751218934,"prpr"
"","","","","鱼糕今天困了喵",1751218929,"嘟嘟嘟嘟嘟嘟"
"","","","","鱼糕今天困了喵",1751218803,"喵"
"","","","","鱼糕今天困了喵",1751218790,"喵"
"","","","","鱼糕今天困了喵",1751218414,"换形象先看有啥 再发使用"
"","","","","鱼糕今天困了喵",1751217793,"你可以主播签到"
"","","","","鱼糕今天困了喵",1751217788,"哦不对 右下角"
"","","","","鱼糕今天困了喵",1751217775,"我把左下角摇杆里面全点了一遍"
"","","","","鱼糕今天困了喵",1751217760,"我刚学的[dog]"
"","","","","鱼糕今天困了喵",1751217750,"问我啥"
"","","","","鱼糕今天困了喵",1751217744,"嗯？"
"","","","","鱼糕今天困了喵",1751217571,"送两百个点亮未来喵据说有特效[dog]"
"","","","","鱼糕今天困了喵",1751217527,"买入1"
"","","","","鱼糕今天困了喵",1751217480,"prpr"
"","","","","鱼糕今天困了喵",1751217460,"回家吃饭"
"","","","","鱼糕今天困了喵",1751217435,"召唤猫娘"
"","","","","鱼糕今天困了喵",1751217422,"使用贝贝"
"","","","","鱼糕今天困了喵",1751217412,"购买 贝贝"
"","","","","鱼糕今天困了喵",1751217345,"播种"
"","","","","鱼糕今天困了喵",1751217330,"猫猫冲撞"
"","","","","鱼糕今天困了喵",1751217317,"prpr"
"","","","","鱼糕今天困了喵",1751217297,"不给我触发"
"","","","","鱼糕今天困了喵",1751217291,"我没到50级"
"","","","","鱼糕今天困了喵",1751217272,"入场特效"
"","","","","鱼糕今天困了喵",1751217258,"是个 模型"
"","","","","鱼糕今天困了喵",1751217255,"使用 棉花糖"
"","","","","鱼糕今天困了喵",1751217239,"使用棉花糖"
"","","","","鱼糕今天困了喵",1751217227,"购买 棉花糖"
"","","","","鱼糕今天困了喵",1751217206,"背包"
"","","","","鱼糕今天困了喵",1751217188,"喵喵券"
"","","","","鱼糕今天困了喵",1751217132,"爬屏幕4"
"","","","","鱼糕今天困了喵",1751217124,"右1"
"","","","","鱼糕今天困了喵",1751217114,"召唤猫娘"
"","","","","鱼糕今天困了喵",1751216957,"六百六十六 还有自我介绍"
"","","","","鱼糕今天困了喵",1751216892,"呜呜呜呜哇"
"","","","","鱼糕今天困了喵",1751216869,"原来这个房间是可以带提子牌的吗"
"","","","","鱼糕今天困了喵",1751216574,"所以只能看到骨头了"
"","","","","鱼糕今天困了喵",1751216565,"对 其实我是被吃掉了"
"","","","","鱼糕今天困了喵",1751216149,"纯纯被限额了"
"","","","","鱼糕今天困了喵",1751216133,"过两天 真就一两天"
"","","","","鱼糕今天困了喵",1751216044,"在？摄像头拆了"
"","","","","鱼糕今天困了喵",1751215779,"主包运动量要上来了"
"","","","","鱼糕今天困了喵",1751215604,"长此以往他就没有来的想法了[dog]"
"","","","","鱼糕今天困了喵",1751215583,"你也摇床 让隔壁的男人一睡不起"
"","","","","鱼糕今天困了喵",1751214811,"四舍五入亏5块"
"","","","","鱼糕今天困了喵",1751214805,"37块四舍五入一个奇遇 四舍五入一个球"
"","","","","鱼糕今天困了喵",1751214641,"美女你谁"
"","","","","鱼糕今天困了喵",1751214611,"[doge2]"
"","","","","鱼糕今天困了喵",1751214608,"该眯了 明天早上还有事"
"","","","","鱼糕今天困了喵",1751214578,"《我们仨》"
"","","","","鱼糕今天困了喵",1751214403,"所以我在问（"
"","","","","鱼糕今天困了喵",1751214365,"查询"
"","","","","鱼糕今天困了喵",1751214254,"喵"
"","","","","鱼糕今天困了喵",1751214240,"签到"
"","","","","鱼糕今天困了喵",1751214211,"猫猫怎么涨"
"","","","","鱼糕今天困了喵",1751212514,"选鱼糕家好了"
"","","","","鱼糕今天困了喵",1751212172,"摸摸诺咪团子"
"","","","","鱼糕今天困了喵",1751212163,"好诺咪"
"","","","","鱼糕今天困了喵",1751211544,"确实绕过了"
"","","","","鱼糕今天困了喵",1751210877,"听不见"
"","","","","鱼糕今天困了喵",1751210810,"yukinyan"
"","","","","鱼糕今天困了喵",1751209445,"正史！"
"","","","","鱼糕今天困了喵",1751209109,"需要北美小助理吗 全北美可飞（不是"
"","","","","鱼糕今天困了喵",1751209056,"好 今天开始加油做梦拍诺"
"","","","","鱼糕今天困了喵",1751209036,"我也想拍雨诺akari"
"","","","","鱼糕今天困了喵",1751209027,"说起梦 我感觉1年前梦的实现率6/7了[doge2]"
"","","","","鱼糕今天困了喵",1751208921,"其实是deja vu 不久的一天真的会被邀请到的"
"","","","","鱼糕今天困了喵",1751208585,"transgachi也是gachi"
"","","","","鱼糕今天困了喵",1751208025,"cs打了900小时 仍然路边一条"
"","","","","鱼糕今天困了喵",1751207711,"诶正版鱼糕来了"
"","","","","鱼糕今天困了喵",1751207702,"所以我决定换过来"
"","","","","鱼糕今天困了喵",1751207696,"没有 我是 不小心 反过来戴了"
"","","","","鱼糕今天困了喵",1751207615,"你看 你说什么 这个诺 都会信的"
"","","","","鱼糕今天困了喵",1751207503,"哎哎 被发现了[大哭][大哭]"
"","","","","鱼糕今天困了喵",1751207487,"确实听不见 骗你干啥"
"","","","","鱼糕今天困了喵",1751207376,"喜欢的可以关注一下鱼糕哦 谢谢喵——"
"","","","","鱼糕今天困了喵",1751207364,"请多多关照～"
"","","","","鱼糕今天困了喵",1751207038,"回来了 诺"
"","","","","鱼糕今天困了喵",1751131576,"什么电影票 城堡钥匙！"
"","","","","鱼糕今天困了喵",1751130833,"六百六十六"
"","","","","鱼糕今天困了喵",1751130822,"？"
"","","","","鱼糕今天困了喵",1751129777,"学日语的时候我笑昏了"
"","","","","鱼糕今天困了喵",1751129764,"欠席　读作kesseki"
"","","","","鱼糕今天困了喵",1751129751,"芝関　读作shibaseki"
"","","","","鱼糕今天困了喵",1751129709,"我又想起了那个日语韩语笑话"
"","","","","鱼糕今天困了喵",1751115483,"鱼糕并非可信"
"","","","","鱼糕今天困了喵",1751115474,"没事 我还说过我单推主播呢[dog]"
"","","","","鱼糕今天困了喵",1751044804,"发我 我跪求"
"","","","","鱼糕今天困了喵",1751044653,"兔子 我们这么熟了 发我看看[dog][dog]"
"","","","","鱼糕今天困了喵",1751044507,"绷"
"","","","","鱼糕今天困了喵",1751044487,"弹幕会被直接转成视频弹幕"
"","","","","鱼糕今天困了喵",1751044470,"有弹幕的 而且你有弹幕姬"
"","","","","鱼糕今天困了喵",1751044429,"你可以自己传个隐藏直播回放"
"","","","","鱼糕今天困了喵",1751044418,"xswl想一块儿去了"
"","","","","鱼糕今天困了喵",1751044329,"200个桃花运有个巨大桃花满屏"
"","","","","鱼糕今天困了喵",1751044254,"ok"
"","","","","鱼糕今天困了喵",1751044240,"还能匹到语聊房啊 跨区也能匹？"
"","","","","鱼糕今天困了喵",1751044139,"信号缓冲可以退了再进"
"","","","","鱼糕今天困了喵",1751044131,"能看见"
"","","","","鱼糕今天困了喵",1751043969,"可能刚刚卡那下直播机小脑瓜炸了"
"","","","","鱼糕今天困了喵",1751043951,"要不手机开播关播把号顶一下"
"","","","","鱼糕今天困了喵",1751043922,"啧啧啧"
"","","","","鱼糕今天困了喵",1751043647,"什么 主播要直播睡觉？"
"","","","","鱼糕今天困了喵",1751043621,"给电脑关了就下了"
"","","","","鱼糕今天困了喵",1751043613,"你要不想下的时候强制断播吧"
"","","","","鱼糕今天困了喵",1751043597,"这是鱼糕代播"
"","","","","鱼糕今天困了喵",1751036022,"我19啊"
"","","","","鱼糕今天困了喵",1751036018,"我充电池要开paypal 等下"
"","","","","鱼糕今天困了喵",1751032607,"晚上好———"
"","","","","鱼糕今天困了喵",1751001956,"其实猫耳是主播自带的"
"","","","","鱼糕今天困了喵",1751001926,"可爱"
"","","","","鱼糕今天困了喵",1751001923,"才发现有猫耳诶"
"","","","","鱼糕今天困了喵",1750999561,"确实是夸你好看的意思"
"","","","","鱼糕今天困了喵",1750999511,"过两天补一下 会有的 一定会有的"
"","","","","鱼糕今天困了喵",1750999494,"坏了 我都没发现"
"","","","","鱼糕今天困了喵",1750999473,"你滴 小小滴花姑娘 什么滴干活"
"","","","","鱼糕今天困了喵",1750959729,"眯！"
"","","","","鱼糕今天困了喵",1750959465,"好呀"
"","","","","鱼糕今天困了喵",1750959450,"有点困困了"
"","","","","鱼糕今天困了喵",1750959445,"差不多该睡了"
"","","","","鱼糕今天困了喵",1750959205,"爱啥"
"","","","","鱼糕今天困了喵",1750959146,"111"
"","","","","鱼糕今天困了喵",1750958694,"我劝你别真去[dog]"
"","","","","鱼糕今天困了喵",1750957990,"这样 你给pk对面上个舰长 然后指定嗷呜"
"","","","","鱼糕今天困了喵",1750957930,"哦？好的 那很好了"
"","","","","鱼糕今天困了喵",1750957875,"有的时候 得信邪"
"","","","","鱼糕今天困了喵",1750957866,"听说过鱼糕600盒最高抱枕的故事吗"
"","","","","鱼糕今天困了喵",1750957846,"你相信我出城堡不如相信我能睡十几小时"
"","","","","鱼糕今天困了喵",1750957764,"我单抽俩盒子必定250"
"","","","","鱼糕今天困了喵",1750957741,"经典"
"","","","","鱼糕今天困了喵",1750957647,"好像是吧"
"","","","","鱼糕今天困了喵",1750957642,"哟 Kap"
"","","","","鱼糕今天困了喵",1750957480,"掐你🦵咯"
"","","","","鱼糕今天困了喵",1750957417,"嗷呜嗷呜嗷嗷呜"
"","","","","鱼糕今天困了喵",1750957377,"那很好了"
"","","","","鱼糕今天困了喵",1750957373,"原来还有新玩法"
"","","","","鱼糕今天困了喵",1750957349,"咕噜咕噜 好强咕噜咕噜"
"","","","","鱼糕今天困了喵",1750957337,"你要 相信 群众的眼睛 是雪亮的"
"","","","","鱼糕今天困了喵",1750957323,"你看 我们都觉得强"
"","","","","鱼糕今天困了喵",1750957257,"哈哈哈哈哈哈哈哈我就感觉有一下嗷呜想笑"
"","","","","鱼糕今天困了喵",1750957235,"包爽的"
"","","","","鱼糕今天困了喵",1750957209,"被指挥也是指挥"
"","","","","鱼糕今天困了喵",1750957199,"跳过指挥环节"
"","","","","鱼糕今天困了喵",1750957188,"我直接选择当狗"
"","","","","鱼糕今天困了喵",1750956925,"电台一直会有的哦"
"","","","","鱼糕今天困了喵",1750956919,"老板喜欢可以点点关注呀"
"","","","","鱼糕今天困了喵",1750956651,"我是自愿营业的"
"","","","","鱼糕今天困了喵",1750956625,"动态有歌单哦 除了不会唱的都会[doge2]"
"","","","","鱼糕今天困了喵",1750956595,"只需要一个情书买不了吃亏买不了上当的老板"
"","","","","鱼糕今天困了喵",1750956576,"很强哦 老板点歌吗"
"","","","","鱼糕今天困了喵",1750956530,"需要鱼糕助手吗 每天催更[dog]"
"","","","","鱼糕今天困了喵",1750956380,"在陪伴周榜里面又高了"
"","","","","鱼糕今天困了喵",1750956371,"诶为什么周榜里面他低"
"","","","","鱼糕今天困了喵",1750956287,"当！当的就是狗！"
"","","","","鱼糕今天困了喵",1750956196,"真给啊"
"","","","","鱼糕今天困了喵",1750956178,"换我是房管两句话之前你就没了"
"","","","","鱼糕今天困了喵",1750956155,"抬走吧 没救了 下一位"
"","","","","鱼糕今天困了喵",1750956119,"虽然我很菜 但是我会一点[dog]"
"","","","","鱼糕今天困了喵",1750956110,"你要想学日语欢迎问我[dog]"
"","","","","鱼糕今天困了喵",1750956096,"我觉得可以"
"","","","","鱼糕今天困了喵",1750956028,"对对对"
"","","","","鱼糕今天困了喵",1750956026,"你可以自己唱啊"
"","","","","鱼糕今天困了喵",1750955998,"包速成的"
"","","","","鱼糕今天困了喵",1750955987,"学个发音也行"
"","","","","鱼糕今天困了喵",1750955982,"你学个五十音吧"
"","","","","鱼糕今天困了喵",1750955916,"我请问简单在哪里"
"","","","","鱼糕今天困了喵",1750955872,"哎哎哎我还在家呢 你想干啥[dog]"
"","","","","鱼糕今天困了喵",1750955846,"太难的我也学不会"
"","","","","鱼糕今天困了喵",1750955838,"太难的我指定了那你也学不会啊（（（"
"","","","","鱼糕今天困了喵",1750955795,"我给你唱千本樱还有指望一点"
"","","","","鱼糕今天困了喵",1750955694,"我许愿日语歌"
"","","","","鱼糕今天困了喵",1750955661,"原来不是鱼糕独享吗[委屈]"
"","","","","鱼糕今天困了喵",1750955647,"哦？原来嗷呜也跟你说录歌了呀"
"","","","","鱼糕今天困了喵",1750955508,"不行 没这个选项"
"","","","","鱼糕今天困了喵",1750955488,"嗷呜喜欢棉花糖还是抱枕呀"
"","","","","鱼糕今天困了喵",1750955429,"我也想要城堡 谁给我抽一个"
"","","","","鱼糕今天困了喵",1750955362,"为什么不能走[可怜]"
"","","","","鱼糕今天困了喵",1750955336,"我目前暂时疑似不走"
"","","","","鱼糕今天困了喵",1750955327,"还见过有人说人生有梦各自精彩的"
"","","","","鱼糕今天困了喵",1750955313,"好一个有缘再见"
"","","","","鱼糕今天困了喵",1750950717,"就等着喊我呢[dog]"
"","","","","鱼糕今天困了喵",1750950712,"点歌 白金disco"
"","","","","鱼糕今天困了喵",1750949035,"*伸脖子"
"","","","","鱼糕今天困了喵",1750948977,"鱼油吗 那很保健了"
"","","","","鱼糕今天困了喵",1750948956,"这是糯米糕"
"","","","","鱼糕今天困了喵",1750948915,"在我心里"
"","","","","鱼糕今天困了喵",1750948430,"虽然小诺也没有很重要吧 一定没有吧（"
"","","","","鱼糕今天困了喵",1750948412,"小诺吗 再来一张小诺好了"
"","","","","鱼糕今天困了喵",1750947503,"而我是rogers用户 请来我家 谢谢"
"","","","","鱼糕今天困了喵",1750947490,"因为要去rogers充"
"","","","","鱼糕今天困了喵",1750947238,"听到了吗 诺说她想和我一起"
"","","","","鱼糕今天困了喵",1750947216,"是的 诺说她愿意"
"","","","","鱼糕今天困了喵",1750947130,"对不起对不起对不起"
"","","","","鱼糕今天困了喵",1750947127,"被诺注意到了 好耶 喜欢喜欢喜欢"
"","","","","鱼糕今天困了喵",1750947043,"水杯小姐为什么露出后背"
"","","","","鱼糕今天困了喵",1750945982,"111"
"","","","","鱼糕今天困了喵",1750945775,"点姜葱豉油"
"","","","","鱼糕今天困了喵",1750945766,"清水小诺 清蒸小诺"
"","","","","鱼糕今天困了喵",1750945745,"16"
"","","","","鱼糕今天困了喵",1750945708,"26"
"","","","","鱼糕今天困了喵",1750945695,"取之雨诺用之dd"
"","","","","鱼糕今天困了喵",1750945627,"还下雨[热]"
"","","","","鱼糕今天困了喵",1750945535,"有点 这几天小猫被勒令早上7点才能玩了"
"","","","","鱼糕今天困了喵",1750945474,"不是不是 是那种 小弹力球"
"","","","","鱼糕今天困了喵",1750945459,"不抛出去让她捡她还不乐意[doge2]"
"","","","","鱼糕今天困了喵",1750945438,"凌晨4点就叼着球开始玩"
"","","","","鱼糕今天困了喵",1750945428,"猫咪可爱 我家猫这几天开始喜欢玩小球了"
"","","","","鱼糕今天困了喵",1750945258,"诺 请看"
"","","","","鱼糕今天困了喵",1750944871,"害 直接转发聊天记录 等下"
"","","","","鱼糕今天困了喵",1750944837,"bur 我又卡"
"","","","","鱼糕今天困了喵",1750944767,"诺要看完整版还是简略版"
"","","","","鱼糕今天困了喵",1750944688,"那确实很可飞[dog]"
"","","","","鱼糕今天困了喵",1750944679,"我宣布我还有10段待出行[dog]"
"","","","","鱼糕今天困了喵",1750944582,"诺需要动态时区管理吗 我带闪现"
"","","","","鱼糕今天困了喵",1750944508,"我举报 这个@诺大王 还给我好几十拳[大哭]"
"","","","","鱼糕今天困了喵",1750944368,"会踢人的 我就被踢了十几脚"
"","","","","鱼糕今天困了喵",1750944315,"对不起对不起对不起对不起对不起"
"","","","","鱼糕今天困了喵",1750944090,"对不起 我野史发少了 对不起对不起对不起"
"","","","","鱼糕今天困了喵",1750944037,"毕竟没唱过 怎么知道是神是鬼[dog]"
"","","","","鱼糕今天困了喵",1750944024,"没喝过 想喝"
"","","","","鱼糕今天困了喵",1750943916,"对不起对不起对不起对不起对不起[大哭]"
"","","","","鱼糕今天困了喵",1750943604,"传下去 蜜雪联名雨诺Akari？诺香柠檬茶来源竟是？真诺香清爽一夏！"
"","","","","鱼糕今天困了喵",1750943464,"喝茶吗 我也想喝"
"","","","","鱼糕今天困了喵",1750943399,"我勒个"
"","","","","鱼糕今天困了喵",1750943215,"那很乐了"
"","","","","鱼糕今天困了喵",1750943200,"机票$300[dog]"
"","","","","鱼糕今天困了喵",1750943194,"那会儿暴风雪延误赔了我$450[dog]"
"","","","","鱼糕今天困了喵",1750942741,"传下去 （待定）"
"","","","","鱼糕今天困了喵",1750942729,"其实主播小学五年级"
"","","","","鱼糕今天困了喵",1750942658,"牛肉汤 可以 加 芝士小零食 软软的 好吃😋"
"","","","","鱼糕今天困了喵",1750942604,"捏捏高中生小🦵"
"","","","","鱼糕今天困了喵",1750942514,"我是🦵粉"
"","","","","鱼糕今天困了喵",1750942486,"芝士吗 那很好吃了"
"","","","","鱼糕今天困了喵",1750942431,"诶哟我美女你谁"
"","","","","鱼糕今天困了喵",1750814500,"然后 接着睡"
"","","","","鱼糕今天困了喵",1750814492,"10点醒了 玩到一点"
"","","","","鱼糕今天困了喵",1750814482,"点眯了一觉"
"","","","","鱼糕今天困了喵",1750814477,"没 昨天6"
"","","","","鱼糕今天困了喵",1750814453,"早上好喵"
"","","","","鱼糕今天困了喵",1750775791,"诺是南方人 我也是南方人"
"","","","","鱼糕今天困了喵",1750771692,"哦还可以这样玩的"
"","","","","鱼糕今天困了喵",1750771642,"喵喵喵"
"","","","","鱼糕今天困了喵",1750771471,"坏"
"","","","","鱼糕今天困了喵",1750771469,"字数不够用了"
"","","","","鱼糕今天困了喵",1750698580,"不录屏 不欺负你"
"","","","","鱼糕今天困了喵",1750698553,"[大哭]"
"","","","","鱼糕今天困了喵",1750698551,"[傲娇]"
"","","","","鱼糕今天困了喵",1750698545,"[委屈]"
"","","","","鱼糕今天困了喵",1750697619,"你看 你好我好大家好"
"","","","","鱼糕今天困了喵",1750697611,"然后我再发给你"
"","","","","鱼糕今天困了喵",1750697607,"嗷呜也开心了 我也开心了"
"","","","","鱼糕今天困了喵",1750696884,"一次500 一日一结"
"","","","","鱼糕今天困了喵",1750696409,"乐 2.15"
"","","","","鱼糕今天困了喵",1750653184,"[doge2]"
"","","","","鱼糕今天困了喵",1750653179,"那我不在"
"","","","","鱼糕今天困了喵",1750653146,"没看弹幕"
"","","","","鱼糕今天困了喵",1750653142,"在"
"","","","","鱼糕今天困了喵",1750652623,"喵"
"","","","","鱼糕今天困了喵",1750618781,"在等比赛开始 3：30"
"","","","","鱼糕今天困了喵",1750617405,"嗯？"
"","","","","鱼糕今天困了喵",1750617377,"嗷呜"
"","","","","鱼糕今天困了喵",1750616932,"好可爱的小动静"
"","","","","鱼糕今天困了喵",1750616831,"喵呜"
"","","","","鱼糕今天困了喵",1750615636,"都唱就好了www"
"","","","","鱼糕今天困了喵",1750615629,"嗷呜感觉 都适合"
"","","","","鱼糕今天困了喵",1750615476,"嗷呜————"
"","","","","鱼糕今天困了喵",1750615304,"去吧 我也跟过去听一会儿"
"","","","","鱼糕今天困了喵",1750615289,"你要去挣凡哥加班费吗"
"","","","","鱼糕今天困了喵",1750615125,"就怕我过去被切成半只鱼糕了[可怜]"
"","","","","鱼糕今天困了喵",1750615072,"嗷呜你给我半小时 我要顺着网线爬过去找你"
"","","","","鱼糕今天困了喵",1750615027,"高压锅半小时可能够"
"","","","","鱼糕今天困了喵",1750615011,"真的吗 那我要炖煮嗷呜"
"","","","","鱼糕今天困了喵",1750614923,"嗷呜我喜欢你"
"","","","","鱼糕今天困了喵",1750614907,"那我可真抱走嗷呜咯"
"","","","","鱼糕今天困了喵",1750614894,"嗯…？"
"","","","","鱼糕今天困了喵",1750614889,"哼 我才不会认输呢"
"","","","","鱼糕今天困了喵",1750614886,"可能只有我的30000倍那么多"
"","","","","鱼糕今天困了喵",1750614874,"嗷呜唱歌也没那么厉害吧"
"","","","","鱼糕今天困了喵",1750614789,"[喝彩][喝彩][喝彩][喝彩][喝彩]"
"","","","","鱼糕今天困了喵",1750614781,"原来是亮如明星的歌王嗷呜"
"","","","","鱼糕今天困了喵",1750614749,"是什么闪到了我的双眼"
"","","","","鱼糕今天困了喵",1750614556,"hhhhhhhh"
"","","","","鱼糕今天困了喵",1750614549,"我刚看过"
"","","","","鱼糕今天困了喵",1750614546,"有哦"
"","","","","鱼糕今天困了喵",1750614534,"你 会的吧"
"","","","","鱼糕今天困了喵",1750614514,"点个身骑白马"
"","","","","鱼糕今天困了喵",1750614400,"想点的点吧 我给你刷"
"","","","","鱼糕今天困了喵",1750614388,"逗嗷呜好好玩啊"
"","","","","鱼糕今天困了喵",1750614339,"震惊！嗷呜不认得粉丝团成员！难道是？"
"","","","","鱼糕今天困了喵",1750614187,"野史 可以不够野 但一定是史"
"","","","","鱼糕今天困了喵",1750614145,"传下去 嗷呜说看这几个老舰长看腻了"
"","","","","鱼糕今天困了喵",1750613708,"我趣 这小猫不乖 扔出去（"
"","","","","鱼糕今天困了喵",1750613674,"凶吗 凶我一下试试"
"","","","","鱼糕今天困了喵",1750613662,"不接受上诉"
"","","","","鱼糕今天困了喵",1750613650,"不管 就当是妹妹"
"","","","","鱼糕今天困了喵",1750613591,"谢谢补充"
"","","","","鱼糕今天困了喵",1750613582,"《年龄》"
"","","","","鱼糕今天困了喵",1750613557,"[doge2][doge2]"
"","","","","鱼糕今天困了喵",1750613553,"嗷呜7岁 那我呢 直接开除人籍了吗"
"","","","","鱼糕今天困了喵",1750613504,"我要变成坏坏坏坏坏鱼糕"
"","","","","鱼糕今天困了喵",1750613340,"都能改都能装插件嗷"
"","","","","鱼糕今天困了喵",1750613240,"20字不是我的上限 是b站的上限"
"","","","","鱼糕今天困了喵",1750613216,"我是野史官"
"","","","","鱼糕今天困了喵",1750613190,"传下去 嗷呜公然售卖舰长亲亲"
"","","","","鱼糕今天困了喵",1750613093,"车都不带骑的"
"","","","","鱼糕今天困了喵",1750613082,"100斤我直接给你扛走"
"","","","","鱼糕今天困了喵",1750612965,"乖 小朋友好好学习不要刷礼物哦"
"","","","","鱼糕今天困了喵",1750612952,"中国自己的东部时间"
"","","","","鱼糕今天困了喵",1750612876,"收到🫡"
"","","","","鱼糕今天困了喵",1750612873,"ok 我开小号欺负嗷呜"
"","","","","鱼糕今天困了喵",1750612784,"第四条吧 多一条挺不方便的"
"","","","","鱼糕今天困了喵",1750612756,"支持"
"","","","","鱼糕今天困了喵",1750612752,"我没意见"
"","","","","鱼糕今天困了喵",1750612727,"非常的有效啊"
"","","","","鱼糕今天困了喵",1750612719,"这样 下一次跑去嗷呜对面助力一下"
"","","","","鱼糕今天困了喵",1750612532,"从前有个嗷呜煲 煮半小时味道好"
"","","","","鱼糕今天困了喵",1750612498,"哇还有巴啦啦小魔仙"
"","","","","鱼糕今天困了喵",1750612438,"心情不好可以欺负鱼糕"
"","","","","鱼糕今天困了喵",1750611399,"上辈子我肯定是拯救了嗷呜才能遇到嗷呜"
"","","","","鱼糕今天困了喵",1750599806,"ipad air m2"
"","","","","鱼糕今天困了喵",1750599783,"ios啊"
"","","","","鱼糕今天困了喵",1750599384,"还有ot啊"
"","","","","鱼糕今天困了喵",1750599381,"bur"
"","","","","鱼糕今天困了喵",1750597535,"香港必玩：欺负雨诺akari"
"","","","","鱼糕今天困了喵",1750597474,"（并非单推"
"","","","","鱼糕今天困了喵",1750597119,"捏捏小🦵"
"","","","","鱼糕今天困了喵",1750596883,"ai主播：请用日语说出真可爱呢"
"","","","","鱼糕今天困了喵",1750596643,"被骂了 对味了"
"","","","","鱼糕今天困了喵",1750596555,"1"
"","","","","鱼糕今天困了喵",1750596401,"已经被我分走了[dog]"
"","","","","鱼糕今天困了喵",1750596396,"真的是吗"
"","","","","鱼糕今天困了喵",1750596393,"难说"
"","","","","鱼糕今天困了喵",1750595880,"补上一拳欠我鱼糕小狗的[傲娇]"
"","","","","鱼糕今天困了喵",1750593234,"晚上好———"
"","","","","鱼糕今天困了喵",1750406882,"我在南京"
"","","","","鱼糕今天困了喵",1750406829,"是这样的 湿湿的 胶卷都要发霉了[傲娇]"
"","","","","鱼糕今天困了喵",1750406176,"就吃就吃就吃"
"","","","","鱼糕今天困了喵",1750406169,"害 有啥不可以的"
"","","","","鱼糕今天困了喵",1750406088,"*嚼嚼 好吃www"
"","","","","鱼糕今天困了喵",1750406050,"*叼走"
"","","","","鱼糕今天困了喵",1750406044,"啊呜————"
"","","","","鱼糕今天困了喵",1750405348,"我一个字都看不懂（（（"
"","","","","鱼糕今天困了喵",1750405325,"能申数学的也很强大了"
"","","","","鱼糕今天困了喵",1750402728,"大学 学艺术[doge2]"
"","","","","鱼糕今天困了喵",1750402664,"姑且算是大多伦多附近"
"","","","","鱼糕今天困了喵",1750402653,"滑铁卢"
"","","","","鱼糕今天困了喵",1750402606,"我也在[dog]"
"","","","","鱼糕今天困了喵",1750402584,"哦？这位也是加拿大的？[dog]"
"","","","","鱼糕今天困了喵",1750402508,"简直是天籁"
"","","","","鱼糕今天困了喵",1750402503,"太好听了吧"
"","","","","鱼糕今天困了喵",1750397587,"[花]"
"","","","","鱼糕今天困了喵",1750397581,"你俩亲吧 主包我抢走了"
"","","","","鱼糕今天困了喵",1750397324,"不许你吃 哼（抱走"
"","","","","鱼糕今天困了喵",1750397171,"这么可爱的小猫一看就是我家的"
"","","","","鱼糕今天困了喵",1750396988,"我勒个小狗"
"","","","","鱼糕今天困了喵",1750396658,"那很痛了"
"","","","","鱼糕今天困了喵",1750395235,"好可爱 捏捏"
"","","","","鱼糕今天困了喵",1750364223,"?"
"","","","","鱼糕今天困了喵",1750361131,"好像有点 头晕晕的[doge2]"
"","","","","鱼糕今天困了喵",1750361113,"睡不着 难绷（"
"","","","","鱼糕今天困了喵",1750356738,"舒服了 婴儿般的睡眠 启动"
"","","","","鱼糕今天困了喵",1750356730,"好听好听好听"
"","","","","鱼糕今天困了喵",1750356397,"[傲娇]"
"","","","","鱼糕今天困了喵",1750356327,"听完该眯了[dog]"
"","","","","鱼糕今天困了喵",1750356321,"想听歌 你选一个吧[dog]"
"","","","","鱼糕今天困了喵",1750354685,"声音好听考不考虑点歌听听呢[花]"
"","","","","鱼糕今天困了喵",1750354236,"晚上好———"
"","","","","鱼糕今天困了喵",1750353826,"可以听一下 其实加班我应该会跟着过去一会"
"","","","","鱼糕今天困了喵",1750353219,"[花]"
"","","","","鱼糕今天困了喵",1750353215,"点个爱人错过"
"","","","","鱼糕今天困了喵",1750353008,"真的吗"
"","","","","鱼糕今天困了喵",1750353006,"诶———"
"","","","","鱼糕今天困了喵",1750352970,"我05"
"","","","","鱼糕今天困了喵",1750352387,"不知道呢 可能再刷会儿手机？"
"","","","","鱼糕今天困了喵",1750350601,"干啥了14w"
"","","","","鱼糕今天困了喵",1750350594,"我勒个14w"
"","","","","鱼糕今天困了喵",1750350473,"其实我也不知道点啥"
"","","","","鱼糕今天困了喵",1750350397,"OK 强势加入观看直播日程表"
"","","","","鱼糕今天困了喵",1750313590,"哇还有吃人"
"","","","","鱼糕今天困了喵",1750313341,"这是能播的吗"
"","","","","鱼糕今天困了喵",1750313326,"这都啥啊"
"","","","","鱼糕今天困了喵",1750313323,"bur"
"","","","","鱼糕今天困了喵",1750265892,"下次还来[dog]"
"","","","","鱼糕今天困了喵",1750265887,"晚安———"
"","","","","鱼糕今天困了喵",1750265862,"当饮料了"
"","","","","鱼糕今天困了喵",1750265855,"每天喝吧差不多"
"","","","","鱼糕今天困了喵",1750265819,"下午咖啡太强大了"
"","","","","鱼糕今天困了喵",1750265813,"昨天最后到5点 喝咖啡喝的"
"","","","","鱼糕今天困了喵",1750265781,"舒服了 准备睡觉[花]"
"","","","","鱼糕今天困了喵",1750265766,"好听好听好听好听"
"","","","","鱼糕今天困了喵",1750265655,"[喝彩][喝彩][喝彩][喝彩][喝彩][喝彩][喝彩][喝彩][喝彩]"
"","","","","鱼糕今天困了喵",1750265571,"怎么都要抽的"
"","","","","鱼糕今天困了喵",1750265466,"没事 你随便选我都听"
"","","","","鱼糕今天困了喵",1750265431,"不知道点啥 你选？"
"","","","","鱼糕今天困了喵",1750265323,"我听日语多一点"
"","","","","鱼糕今天困了喵",1750265265,"好听好听好听"
"","","","","鱼糕今天困了喵",1750264965,"嗷呜是专业的吗 好厉害"
"","","","","鱼糕今天困了喵",1750259066,"N我喜欢你"
"","","","","鱼糕今天困了喵",1750258721,"这样就不会去看别的妹妹了"
"","","","","鱼糕今天困了喵",1750258715,"这样 你播到凌晨2点吧"
"","","","","鱼糕今天困了喵",1750258656,"捏捏小脸"
"","","","","鱼糕今天困了喵",1750258621,"该去看别的妹妹了"
"","","","","鱼糕今天困了喵",1750258602,"诺米 想吃 好吃"
"","","","","鱼糕今天困了喵",1750258509,"不敢细想啊"
"","","","","鱼糕今天困了喵",1750258502,"为什么你们知道棉袜子泡水什么味道"
"","","","","鱼糕今天困了喵",1750258337,"在？主播为什么拍后背"
"","","","","鱼糕今天困了喵",1750258294,"谁家豚鼠放出来了这是"
"","","","","鱼糕今天困了喵",1750258272,"怎么还没吃完"
"","","","","鱼糕今天困了喵",1750257416,"会想我的吗"
"","","","","鱼糕今天困了喵",1750257408,"该跑了 要去看别的妹妹了"
"","","","","鱼糕今天困了喵",1750257312,"我上舰254天了 诺什么时候支持一下我"
"","","","","鱼糕今天困了喵",1750257208,"[doge2]"
"","","","","鱼糕今天困了喵",1750257198,"我才发现 上舰红包 没有 贡献值"
"","","","","鱼糕今天困了喵",1750257133,"你印我穿"
"","","","","鱼糕今天困了喵",1750257126,"我没意见"
"","","","","鱼糕今天困了喵",1750257066,"诺你要不再一人发条裙子"
"","","","","鱼糕今天困了喵",1750257055,"气氛都到这边了"
"","","","","鱼糕今天困了喵",1750257009,"安全在哪里"
"","","","","鱼糕今天困了喵",1750256985,"哇Trans诺"
"","","","","鱼糕今天困了喵",1750256918,"哇 还有trans诺"
"","","","","鱼糕今天困了喵",1750256445,"我喜欢诺"
"","","","","鱼糕今天困了喵",1750256349,"印个二维码吧 大家都来扫一扫"
"","","","","鱼糕今天困了喵",1750256336,"见人我就说关注雨诺akari谢谢喵"
"","","","","鱼糕今天困了喵",1750256322,"我穿去打舞萌dx"
"","","","","鱼糕今天困了喵",1750256289,"你敢送我敢穿嗷"
"","","","","鱼糕今天困了喵",1750256258,"想变身的我带上了诺的面具"
"","","","","鱼糕今天困了喵",1750256174,"咕嘟"
"","","","","鱼糕今天困了喵",1750256056,"想要诺周边"
"","","","","鱼糕今天困了喵",1750255978,"谁调了我的世界线"
"","","","","鱼糕今天困了喵",1750255971,"我怎么才254天 为什么没有一年为什么没有一年为什么没有一年"
"","","","","鱼糕今天困了喵",1750255901,"难以猜测了有点"
"","","","","鱼糕今天困了喵",1750255843,"哇还有圣杯"
"","","","","鱼糕今天困了喵",1750255831,"我趣 冰！"
"","","","","鱼糕今天困了喵",1750255483,"天赋怪啊 鸡肚你的菜花"
"","","","","鱼糕今天困了喵",1750255393,"一辈子想不出来这种"
"","","","","鱼糕今天困了喵",1750255385,"断尾太强大了"
"","","","","鱼糕今天困了喵",1750255380,"无敌了"
"","","","","鱼糕今天困了喵",1750255213,"有点像…？"
"","","","","鱼糕今天困了喵",1750255209,"酒酿吗"
"","","","","鱼糕今天困了喵",1750255017,"榴莲什么我都吃 除了榴莲糖"
"","","","","鱼糕今天困了喵",1750254859,"榴莲芒果诺米饭 好吃 加椰浆 也好吃"
"","","","","鱼糕今天困了喵",1750254753,"想吃诺米团子"
"","","","","鱼糕今天困了喵",1750254743,"诺米也好吃"
"","","","","鱼糕今天困了喵",1750254541,"我觉得是我"
"","","","","鱼糕今天困了喵",1750254537,"我夺舍死盖"
"","","","","鱼糕今天困了喵",1750254522,"是我发的"
"","","","","鱼糕今天困了喵",1750254287,"这种sc 就得n7r"
"","","","","鱼糕今天困了喵",1750254282,"不可能带诺球球牌子的"
"","","","","鱼糕今天困了喵",1750254095,"傲娇不可能退环境的"
"","","","","鱼糕今天困了喵",1750253877,"盖！！"
"","","","","鱼糕今天困了喵",1750253826,"嗟（cuo）来之食"
"","","","","鱼糕今天困了喵",1750253742,"*舔一下 不想吃 不吃了"
"","","","","鱼糕今天困了喵",1750253695,"好吃好吃好吃"
"","","","","鱼糕今天困了喵",1750253692,"啊呜"
"","","","","鱼糕今天困了喵",1750253644,"对对 上舰是21"
"","","","","鱼糕今天困了喵",1750253637,"没点亮"
"","","","","鱼糕今天困了喵",1750253632,"哦 我也有出轨1"
"","","","","鱼糕今天困了喵",1750253549,"我趣 出轨1级"
"","","","","鱼糕今天困了喵",1750253515,"（没有 不会的 不敢"
"","","","","鱼糕今天困了喵",1750253505,"（大喘气"
"","","","","鱼糕今天困了喵",1750253497,"于是我决定升级狐宝29[妙]"
"","","","","鱼糕今天困了喵",1750253429,"确实要超过了"
"","","","","鱼糕今天困了喵",1750253264,"太好了"
"","","","","鱼糕今天困了喵",1750253259,"就喜欢这个n7r牌子"
"","","","","鱼糕今天困了喵",1750253168,"（并非单推"
"","","","","鱼糕今天困了喵",1750253116,"捏捏鱼糕小脸"
"","","","","鱼糕今天困了喵",1750253110,"捏捏鱼糕"
"","","","","鱼糕今天困了喵",1750253057,"被嫌弃了 好耶🤤"
"","","","","鱼糕今天困了喵",1750252998,"好开心 诺心里有我🤤🤤🤤"
"","","","","鱼糕今天困了喵",1750252990,"被打了嘿嘿嘿🤤🤤"
"","","","","鱼糕今天困了喵",1750252922,"捏捏小🦵"
"","","","","鱼糕今天困了喵",1750252820,"铁暗恋"
"","","","","鱼糕今天困了喵",1750252740,"*诺没看我 咬一口"
"","","","","鱼糕今天困了喵",1750252718,"想看诺5分钟猛杀烤肉[dog]"
"","","","","鱼糕今天困了喵",1750252205,"听课是不可能听课的"
"","","","","鱼糕今天困了喵",1750252197,"我们网课从早到晚 时长一样的"
"","","","","鱼糕今天困了喵",1750252081,"网课我们在雀魂杯和文明6锦标赛"
"","","","","鱼糕今天困了喵",1750252059,"*偷吃诺的午饭"
"","","","","鱼糕今天困了喵",1750251910,"展示live2d神力的时候到了"
"","","","","鱼糕今天困了喵",1750251900,"下次会议直播（不是"
"","","","","鱼糕今天困了喵",1750251756,"会发光会旋转 高科技产品来的喔"
"","","","","鱼糕今天困了喵",1750251711,"走了"
"","","","","鱼糕今天困了喵",1750251709,"伤心难过了"
"","","","","鱼糕今天困了喵",1750251702,"为什么点你两次点我一次"
"","","","","鱼糕今天困了喵",1750251644,"我的ins里面全是代写 拉黑拉不完"
"","","","","鱼糕今天困了喵",1750251625,"难绷 生可乐弹幕发不出来"
"","","","","鱼糕今天困了喵",1750251538,"好听爱听"
"","","","","鱼糕今天困了喵",1750251290,"基本上红书 别的地方不认识人"
"","","","","鱼糕今天困了喵",1750251218,"现在不敢了 还好没被骗[dog]"
"","","","","鱼糕今天困了喵",1750251209,"一开始胆子是真大 emt跟人家买东西跟人家说你慢慢寄不着急"
"","","","","鱼糕今天困了喵",1750251121,"是这样的 不能相信emt"
"","","","","鱼糕今天困了喵",1750251062,"我们连purolator都没有[dog]"
"","","","","鱼糕今天困了喵",1750251007,"我都是加钱上xpresspost"
"","","","","鱼糕今天困了喵",1750250995,"小村子是这样的 我们只有cp好使"
"","","","","鱼糕今天困了喵",1750250948,"考虑到我快8张信用卡了那很方便了"
"","","","","鱼糕今天困了喵",1750250928,"一年135刀 canada post"
"","","","","鱼糕今天困了喵",1750250813,"我直接租了两年先"
"","","","","鱼糕今天困了喵",1750250806,"一直租着呗 就当邮寄地址用了"
"","","","","鱼糕今天困了喵",1750250784,"红包开完了"
"","","","","鱼糕今天困了喵",1750250750,"我租了个po box暂存"
"","","","","鱼糕今天困了喵",1750250697,"上舰的人呢[dog]"
"","","","","鱼糕今天困了喵",1750250682,"没了 已经开完奖了"
"","","","","鱼糕今天困了喵",1750247953,"好活"
"","","","","鱼糕今天困了喵",1750247939,"两眼一黑"
"","","","","鱼糕今天困了喵",1750226406,"是可以的"
"","","","","鱼糕今天困了喵",1750226402,"我梦里面给你一个梦境"
"","","","","鱼糕今天困了喵",1750226391,"确实没实力啊"
"","","","","鱼糕今天困了喵",1750226384,"这个 不是我不想帮你跑啊"
"","","","","鱼糕今天困了喵",1750226297,"黑心糕上号了"
"","","","","鱼糕今天困了喵",1750226290,"挺忍心的"
"","","","","鱼糕今天困了喵",1750226276,"*哈——"
"","","","","鱼糕今天困了喵",1750226265,"*呼———"
"","","","","鱼糕今天困了喵",1750226227,"[傲娇]"
"","","","","鱼糕今天困了喵",1750226176,"你先别急 这两周暂时要没实力一下"
"","","","","鱼糕今天困了喵",1750226129,"这对吗"
"","","","","鱼糕今天困了喵",1750226124,"bur"
"","","","","鱼糕今天困了喵",1750226121,"？"
"","","","","鱼糕今天困了喵",1750226112,"你…你惩罚一下…[傲娇]"
"","","","","鱼糕今天困了喵",1750226087,"睡着了*呼———"
"","","","","鱼糕今天困了喵",1750226074,"嗷呜"
"","","","","鱼糕今天困了喵",1750225982,"鱼糕在深海冒了个泡"
"","","","","鱼糕今天困了喵",1750225870,"相信你的实力"
"","","","","鱼糕今天困了喵",1750225862,"我也想看 这样 我开播"
"","","","","鱼糕今天困了喵",1750225780,"加油 我相信总会有的"
"","","","","鱼糕今天困了喵",1750225672,"啥都看不见"
"","","","","鱼糕今天困了喵",1750225665,"其实我是盲人"
"","","","","鱼糕今天困了喵",1750225577,"跑不掉的 今天是黑心小糕"
"","","","","鱼糕今天困了喵",1750216652,"[傲娇]"
"","","","","鱼糕今天困了喵",1750216643,"[大哭]"
"","","","","鱼糕今天困了喵",1750216638,"[可怜]"
"","","","","鱼糕今天困了喵",1750216620,"跑了 游戏启动"
"","","","","鱼糕今天困了喵",1750216538,"大概是下午喝了个咖啡导致的"
"","","","","鱼糕今天困了喵",1750216511,"笑死了昨晚5点才睡着"
"","","","","鱼糕今天困了喵",1750184694,"差不多该睡了 我先跑了"
"","","","","鱼糕今天困了喵",1750184615,"这不装的挺成功"
"","","","","鱼糕今天困了喵",1750184607,"整挺好"
"","","","","鱼糕今天困了喵",1750184330,"我相信你 给你个装出来的机会"
"","","","","鱼糕今天困了喵",1750184271,"漠河舞厅吧 这个熟一点"
"","","","","鱼糕今天困了喵",1750184230,"等等 我看一眼"
"","","","","鱼糕今天困了喵",1750184138,"又进来一次 四舍五入是下次[dog]"
"","","","","鱼糕今天困了喵",1750183929,"[dog][dog][dog]"
"","","","","鱼糕今天困了喵",1750183922,"反正是有这么一个人"
"","","","","鱼糕今天困了喵",1750183909,"那也记不得是不是舰长了"
"","","","","鱼糕今天困了喵",1750183860,"假的吵架"
"","","","","鱼糕今天困了喵",1750183769,"（很难忘记第一次来某个人在跟舰长吵架啊"
"","","","","鱼糕今天困了喵",1750183688,"那啥 有点晚 我眯着呢[dog]"
"","","","","鱼糕今天困了喵",1750183567,"下次一定嗷[dog]"
"","","","","鱼糕今天困了喵",1750183555,"好像 也没有 很想听的…？"
"","","","","鱼糕今天困了喵",1750183516,"哥记得给后续"
"","","","","鱼糕今天困了喵",1750183487,"听歌哪有这个好玩啊"
"","","","","鱼糕今天困了喵",1750183476,"蹲一个后续 有消息踢我[dog]"
"","","","","鱼糕今天困了喵",1750183401,"我就说老板有这个实力 老板大气"
"","","","","鱼糕今天困了喵",1750183382,"过去吗 那还是别思考了（[可怜]"
"","","","","鱼糕今天困了喵",1750183339,"那我要开始思考了"
"","","","","鱼糕今天困了喵",1750183236,"什么时候出专辑 我要购入！购入！"
"","","","","鱼糕今天困了喵",1750183232,"好听好听好听"
"","","","","鱼糕今天困了喵",1750182979,"嗷呜———"
"","","","","鱼糕今天困了喵",1750182915,"给谁来着"
"","","","","鱼糕今天困了喵",1750182782,"在那边没点过歌 笑了"
"","","","","鱼糕今天困了喵",1750182755,"怎么点来着 忘了"
"","","","","鱼糕今天困了喵",1750182721,"会吗 那我点一下"
"","","","","鱼糕今天困了喵",1750182649,"陶喆唱小镇姑娘的时候唱的"
"","","","","鱼糕今天困了喵",1750182585,"大锦鲤！"
"","","","","鱼糕今天困了喵",1750182380,"*大脑开始运转"
"","","","","鱼糕今天困了喵",1750182067,"冰清哥肯定有实力的"
"","","","","鱼糕今天困了喵",1750182058,"我相信老板的实力啊"
"","","","","鱼糕今天困了喵",1750181991,"厉害哦"
"","","","","鱼糕今天困了喵",1750181417,"交给你们选好了 从来不会选歌"
"","","","","鱼糕今天困了喵",1750181376,"好的喵"
"","","","","鱼糕今天困了喵",1750181366,"跟我说的吗"
"","","","","鱼糕今天困了喵",1750181331,"嗯？"
"","","","","鱼糕今天困了喵",1750181327,"10首吗 那很强大了"
"","","","","鱼糕今天困了喵",1750181227,"整挺好"
"","","","","鱼糕今天困了喵",1750180922,"没想法 你选"
"","","","","鱼糕今天困了喵",1750180844,"不好吗 收到 下次不送[dog][dog]"
"","","","","鱼糕今天困了喵",1750180787,"其实吧 也是要眯了"
"","","","","鱼糕今天困了喵",1750180676,"正常"
"","","","","鱼糕今天困了喵",1750180672,"睡得晚"
"","","","","鱼糕今天困了喵",1750139081,"得跑了 手机烫烫"
"","","","","鱼糕今天困了喵",1750138808,"主播主播 你喜欢什么颜色"
"","","","","鱼糕今天困了喵",1750138577,"我自己会出现的呜呜呜呜"
"","","","","鱼糕今天困了喵",1750138568,"什么时候想起我来"
"","","","","鱼糕今天困了喵",1750138564,"这样吧 你选他吧"
"","","","","鱼糕今天困了喵",1750138545,"痛心呜呜呜呜呜呜"
"","","","","鱼糕今天困了喵",1750138533,"不选吗 那就是 一个都不喜欢吗呜呜呜呜呜"
"","","","","鱼糕今天困了喵",1750138419,"我要抢人[dog]"
"","","","","鱼糕今天困了喵",1750138415,"主播我喜欢你"
"","","","","鱼糕今天困了喵",1750138411,"好明的暗恋"
"","","","","鱼糕今天困了喵",1750138219,"话肯定没我少嗷"
"","","","","鱼糕今天困了喵",1750138208,"直播挂着看"
"","","","","鱼糕今天困了喵",1750138204,"我一般在家都是打游戏"
"","","","","鱼糕今天困了喵",1750138092,"买不了吃亏买不了上当"
"","","","","鱼糕今天困了喵",1750138083,"不就知道了吗"
"","","","","鱼糕今天困了喵",1750138079,"自己试试"
"","","","","鱼糕今天困了喵",1750138076,"这样 你上个舰 成为一下指挥官"
"","","","","鱼糕今天困了喵",1750138038,"我不知道啊"
"","","","","鱼糕今天困了喵",1750138011,"可以像我一样成为周指挥官"
"","","","","鱼糕今天困了喵",1750137971,"上个舰 不亏嗷"
"","","","","鱼糕今天困了喵",1750137965,"都点到这边了"
"","","","","鱼糕今天困了喵",1750137699,"可爱捏"
"","","","","鱼糕今天困了喵",1750137349,"主要是ps太吃内存了 我修个图能9G"
"","","","","鱼糕今天困了喵",1750136455,"好软的小脸 捏捏"
"","","","","鱼糕今天困了喵",1750135791,"哦！好耶！我是指挥官！"
"","","","","鱼糕今天困了喵",1750134783,"7500刀差不多4w吧"
"","","","","鱼糕今天困了喵",1750134759,"三个月刷7500刀"
"","","","","鱼糕今天困了喵",1750134751,"办了张卡"
"","","","","鱼糕今天困了喵",1750134735,"我想凑开卡任务"
"","","","","鱼糕今天困了喵",1750134729,"过一周两周的"
"","","","","鱼糕今天困了喵",1750134714,"现在在我家门口顺序送餐绕圈"
"","","","","鱼糕今天困了喵",1750134702,"外卖员定位没动半小时后才开始动"
"","","","","鱼糕今天困了喵",1750134675,"偏远地区是这样的"
"","","","","鱼糕今天困了喵",1750134666,"外卖等了快一个小时了"
"","","","","鱼糕今天困了喵",1750134623,"前面没笑 听到这句笑了"
"","","","","鱼糕今天困了喵",1750130433,"嗯？"
"","","","","鱼糕今天困了喵",1750130172,"别的不提 先看看🦵"
"","","","","鱼糕今天困了喵",1750130147,"[委屈][委屈][委屈]"
"","","","","鱼糕今天困了喵",1750130125,"什么 原来有看看🦵这个选项吗"
"","","","","鱼糕今天困了喵",1750129856,"反正沾什么酱就是啥味"
"","","","","鱼糕今天困了喵",1750129843,"跟鱼丸差不太多吧…？"
"","","","","鱼糕今天困了喵",1750129814,"*扑通"
"","","","","鱼糕今天困了喵",1750129796,"吃我吗 那很好了"
"","","","","鱼糕今天困了喵",1750129781,"鱼糕是这样的"
"","","","","鱼糕今天困了喵",1750129701,"这会儿是自己个儿玩"
"","","","","鱼糕今天困了喵",1750129669,"不知道呢 先玩会儿再说"
"","","","","鱼糕今天困了喵",1750129652,"嗯？"
"","","","","鱼糕今天困了喵",1750129505,"下的了床吗 那很伟大了"
"","","","","鱼糕今天困了喵",1750129388,"怎么这么坏啊"
"","","","","鱼糕今天困了喵",1750129382,"这个鱼糕就是坏蛋啊"
"","","","","鱼糕今天困了喵",1750129360,"我只是 想馋你一下"
"","","","","鱼糕今天困了喵",1750129345,"我没吃嗷"
"","","","","鱼糕今天困了喵",1750094496,"我勒个无缝衔接二台"
"","","","","鱼糕今天困了喵",1750088697,"余额干净了"
"","","","","鱼糕今天困了喵",1750088688,"刚花了7k定旅游"
"","","","","鱼糕今天困了喵",1750088647,"甚至没有演一演的动画"
"","","","","鱼糕今天困了喵",1750088116,"帅帅帅"
"","","","","鱼糕今天困了喵",1750079531,"这是素颜吗 我吃我吃我吃"
"","","","","鱼糕今天困了喵",1750079451,"美女你谁"
"","","","","鱼糕今天困了喵",1750057799,"太bt了"
"","","","","鱼糕今天困了喵",1750057791,"我勒个直播读博"
"","","","","鱼糕今天困了喵",1750003559,"睡着一半了[dog]"
"","","","","鱼糕今天困了喵",1750003540,"今天算了 下次醒着的时候再说"
"","","","","鱼糕今天困了喵",1750003490,"过会儿跑了"
"","","","","鱼糕今天困了喵",1750003486,"我就过来瞄一眼"
"","","","","鱼糕今天困了喵",1750003437,"在床上躺着"
"","","","","鱼糕今天困了喵",1750003425,"嗯？"
"","","","","鱼糕今天困了喵",1750003151,"没睡呢 12点可不能算熬夜嗷"
"","","","","鱼糕今天困了喵",1749998936,"被提督超过了喵呜呜呜呜"
"","","","","鱼糕今天困了喵",1749998777,"没有嘴皮 饿了呜呜呜"
"","","","","鱼糕今天困了喵",1749998650,"舰长赠送鱼糕一只"
"","","","","鱼糕今天困了喵",1749998594,"爱鸭tv"
"","","","","鱼糕今天困了喵",1749998525,"🦵！！！！！！！！！！！！！！"
"","","","","鱼糕今天困了喵",1749998460,"我有一个想法"
"","","","","鱼糕今天困了喵",1749998371,"*流口水"
"","","","","鱼糕今天困了喵",1749998364,"盐水诺…烤诺…板诺…酱诺…椒盐诺架…"
"","","","","鱼糕今天困了喵",1749998243,"我有10根左右隐藏的金头发[dog] 其他全黑"
"","","","","鱼糕今天困了喵",1749998172,"🦵酱视频 鱼糕看了都说好"
"","","","","鱼糕今天困了喵",1749998116,"（趁机摸一把"
"","","","","鱼糕今天困了喵",1749998102,"完全看不出来真发假发"
"","","","","鱼糕今天困了喵",1749998069,"什么 居然是假发"
"","","","","鱼糕今天困了喵",1749998040,"看不见🦵酱 饿啦饿啦"
"","","","","鱼糕今天困了喵",1749997986,"好厉害"
"","","","","鱼糕今天困了喵",1749997972,"好大的一块口水巾"
"","","","","鱼糕今天困了喵",1749997863,"诺收了神通吧呜呜呜"
"","","","","鱼糕今天困了喵",1749997848,"一下就被诺看穿了呜呜呜"
"","","","","鱼糕今天困了喵",1749997536,"野史作家鱼糕太拼命了"
"","","","","鱼糕今天困了喵",1749997084,"捏捏小🦵"
"","","","","鱼糕今天困了喵",1749997013,"曾经可以上传gif"
"","","","","鱼糕今天困了喵",1749997008,"动态头绝版了"
"","","","","鱼糕今天困了喵",1749996967,"老板糊涂啊———"
"","","","","鱼糕今天困了喵",1749996952,"老板糊涂啊———"
"","","","","鱼糕今天困了喵",1749996705,"诺 今天的举牌 指定姿势 想要不带小鸭子的 可以吗[doge2]"
"","","","","鱼糕今天困了喵",1749996360,"收到 已读不回"
"","","","","鱼糕今天困了喵",1749996313,"其实我是诺的管家 是跟着去做家务做饭的"
"","","","","鱼糕今天困了喵",1749996226,"简称神近"
"","","","","鱼糕今天困了喵",1749996219,"离人已经很远了 离神很近"
"","","","","鱼糕今天困了喵",1749996009,"原来诺是男的吗 兄弟…你好香…"
"","","","","鱼糕今天困了喵",1749995416,"让大家都看到诺的禁言回吧！"
"","","","","鱼糕今天困了喵",1749995306,"死盖 坏[doge2]"
"","","","","鱼糕今天困了喵",1749995253,"挺吵的 老板糊涂啊"
"","","","","鱼糕今天困了喵",1749995005,"未成年？叉出去！！"
"","","","","鱼糕今天困了喵",1749994543,"主播安静的时候还是挺好看的[dog]"
"","","","","鱼糕今天困了喵",1749994446,"触发多重人格了"
"","","","","鱼糕今天困了喵",1749993526,"老板糊涂啊[doge2]"
"","","","","鱼糕今天困了喵",1749993303,"谁家打字马喽"
"","","","","鱼糕今天困了喵",1749992691,"说话了 惩罚十秒[dog]"
"","","","","鱼糕今天困了喵",1749992643,"看不懂喵 身残志坚喵"
"","","","","鱼糕今天困了喵",1749991799,"哦？禁言回 美女你谁"
"","","","","鱼糕今天困了喵",1749922684,"就过来看一下喵 眯了喵"
"","","","","鱼糕今天困了喵",1749911580,"点点关注，参与天选时刻啦！"
"","","","","鱼糕今天困了喵",1749911572,"哦？打着游戏还能看到我进来？[dog]"
"","","","","鱼糕今天困了喵",1749911480,"怎么今天是狗酱[dog]"
"","","","","鱼糕今天困了喵",1749830890,"我前几个月27升28也 挺快"
"","","","","鱼糕今天困了喵",1749830850,"27确实挺快"
"","","","","鱼糕今天困了喵",1749830058,"老板糊涂啊——"
"","","","","鱼糕今天困了喵",1749830030,"可可爱爱asmi"
"","","","","鱼糕今天困了喵",1749829919,"111 q"
"","","","","鱼糕今天困了喵",1749829855,"歌名我发你 等下"
"","","","","鱼糕今天困了喵",1749829849,"点个MAISONdes"
"","","","","鱼糕今天困了喵",1749829076,"草"
"","","","","鱼糕今天困了喵",1749827025,"唱歌 技能 受到了 雨诺Akari 天籁之音 的加值！"
"","","","","鱼糕今天困了喵",1749826386,"老板糊涂啊"
"","","","","鱼糕今天困了喵",1749825952,"舰长礼物是名字报出来做进抽象视频[dog] 这回大家都认识诺球球咯（"
"","","","","鱼糕今天困了喵",1749825832,"我猜测诺认不出来[dog]"
"","","","","鱼糕今天困了喵",1749824851,"鱼糕 并非是 人类 （1：大失败）"
"","","","","鱼糕今天困了喵",1749824106,"令人想起任天堂ns2日语税10000日元"
"","","","","鱼糕今天困了喵",1749823807,"wtl的我还没去过 这次去一下体验一下"
"","","","","鱼糕今天困了喵",1749823762,"我勒个图书馆 好多库存"
"","","","","鱼糕今天困了喵",1749823619,"那更舒服了"
"","","","","鱼糕今天困了喵",1749823259,"美女你谁"
"","","","","鱼糕今天困了喵",1749804109,"我玩了几年还菜的跟那啥一样"
"","","","","鱼糕今天困了喵",1749804071,"音游只有第一 和 不是第一"
"","","","","鱼糕今天困了喵",1749804026,"是这样的 休闲播单机更没人看"
"","","","","鱼糕今天困了喵",1749803996,"天使降临到我身边（不是"
"","","","","鱼糕今天困了喵",1749803948,"那确实很好吃了"
"","","","","鱼糕今天困了喵",1749803931,"鱼糕就是某种 类似于鱼豆腐这样的？"
"","","","","鱼糕今天困了喵",1749803902,"流量对于新人很不友好的"
"","","","","鱼糕今天困了喵",1749803894,"xsl我自己播游戏都没人看的"
"","","","","鱼糕今天困了喵",1749803840,"感觉聊天的人多会好玩吧"
"","","","","鱼糕今天困了喵",1749787843,"最终是点了个汉堡"
"","","","","鱼糕今天困了喵",1749787546,"没睡 在思考饭饭"
"","","","","鱼糕今天困了喵",1749782653,"（这样会出的吧（"
"","","","","鱼糕今天困了喵",1749782646,"我真的没有"
"","","","","鱼糕今天困了喵",1749782642,"我没有很想出城堡"
"","","","","鱼糕今天困了喵",1749782631,"睡觉！"
"","","","","鱼糕今天困了喵",1749782373,"111"
"","","","","鱼糕今天困了喵",1749781571,"睡着了"
"","","","","鱼糕今天困了喵",1749781484,"我相信这玩意？"
"","","","","鱼糕今天困了喵",1749781470,"别的不提 没见过500抽不出城堡的"
"","","","","鱼糕今天困了喵",1749781208,"给我坑麻了"
"","","","","鱼糕今天困了喵",1749781190,"不可能的 100倍都不可能喂心动的"
"","","","","鱼糕今天困了喵",1749780956,"被坑了一万次[doge2]"
"","","","","鱼糕今天困了喵",1749780946,"不可能相信心动盲盒的"
"","","","","鱼糕今天困了喵",1749652779,"野史大王是谁"
"","","","","鱼糕今天困了喵",1749652724,"继续成为野史大王！——"
"","","","","鱼糕今天困了喵",1749652564,"看q"
"","","","","鱼糕今天困了喵",1749652487,"ztmy王朝"
"","","","","鱼糕今天困了喵",1749652475,"点个ztmy - nareai serve"
"","","","","鱼糕今天困了喵",1749652305,"谢谢你鱼糕"
"","","","","鱼糕今天困了喵",1749652265,"谢谢你乳酪"
"","","","","鱼糕今天困了喵",1749652215,"期待周末的来临"
"","","","","鱼糕今天困了喵",1749652209,"朱诺吗 oh come say wow wow wow"
"","","","","鱼糕今天困了喵",1749652170,"没听明白 能再复述一次吗"
"","","","","鱼糕今天困了喵",1749651965,"雨诺akari美丽过人 cos也是高质量 声音更是像个人"
"","","","","鱼糕今天困了喵",1749651837,"什么动静"
"","","","","鱼糕今天困了喵",1749651737,"我支持（往后躲）"
"","","","","鱼糕今天困了喵",1749651709,"羡慕大剑香蕉"
"","","","","鱼糕今天困了喵",1749651553,"我先捡一块"
"","","","","鱼糕今天困了喵",1749651542,"碎了一地吗 那很符合人设了"
"","","","","鱼糕今天困了喵",1749651506,"🦵酱晚上好———"
"","","","","鱼糕今天困了喵",1749651490,"要求过低（"
"","","","","鱼糕今天困了喵",1749651393,"这是可以打赌的吗"
"","","","","鱼糕今天困了喵",1749651378,"诶诶诶 注意身体啊喂"
"","","","","鱼糕今天困了喵",1749651334,"鱼糕不知道什么是好吃的 鱼糕只知道要给雨诺买欧润吉"
"","","","","鱼糕今天困了喵",1749651217,"雨诺说 如果鱼糕不帮她打工 就要烟头烫我手呜呜呜呜呜"
"","","","","鱼糕今天困了喵",1749651175,"其实我是从路边被雨诺捡过来的"
"","","","","鱼糕今天困了喵",1749651162,"大家千万不要被雨诺akari的美貌骗了呜呜呜"
"","","","","鱼糕今天困了喵",1749651105,"多花钱吃饭是好文明"
"","","","","鱼糕今天困了喵",1749651061,"不是3000刀？鱼糕不值钱了呜呜呜呜呜呜"
"","","","","鱼糕今天困了喵",1749650932,"下次会换成野史的[dog]"
"","","","","鱼糕今天困了喵",1749650913,"今天是正经新闻"
"","","","","鱼糕今天困了喵",1749650723,"注意关注鱼糕今天困了喵"
"","","","","鱼糕今天困了喵",1749650681,"那很听话了"
"","","","","鱼糕今天困了喵",1749650672,"妈妈"
"","","","","鱼糕今天困了喵",1749650623,"哼 我才没有想叫你妈妈呢[傲娇]"
"","","","","鱼糕今天困了喵",1749650602,"那…也不是不行…"
"","","","","鱼糕今天困了喵",1749650595,"直接叫妈妈吗"
"","","","","鱼糕今天困了喵",1749650456,"那是很糖了"
"","","","","鱼糕今天困了喵",1749649976,"我…为了诺…可以有一下的…"
"","","","","鱼糕今天困了喵",1749649945,"北美口音 藏不住的"
"","","","","鱼糕今天困了喵",1749649872,"诺 你是我见过最美丽的加拿大女孩"
"","","","","鱼糕今天困了喵",1749649794,"可以的吧 可以的可以的"
"","","","","鱼糕今天困了喵",1749649782,"我选择鱼糕肉跟诺肉一起炖"
"","","","","鱼糕今天困了喵",1749649585,"爱吃"
"","","","","鱼糕今天困了喵",1749649582,"好吃好吃好吃"
"","","","","鱼糕今天困了喵",1749649575,"诺香柠檬茶"
"","","","","鱼糕今天困了喵",1749649133,"🦵酱粉来了 🦵酱速来迎接"
"","","","","鱼糕今天困了喵",1749648970,"是这样的 我也想买 缺米（）"
"","","","","鱼糕今天困了喵",1749648950,"哦对 还有安检 每次都得把胶卷全掏出来等手检"
"","","","","鱼糕今天困了喵",1749648882,"拍135又觉得太小了不够（"
"","","","","鱼糕今天困了喵",1749648833,"我的中画幅胶卷没带出去就是因为太大 一套4kg"
"","","","","鱼糕今天困了喵",1749648715,"拍照困难之一 器材重量[doge2]"
"","","","","鱼糕今天困了喵",1749648326,"我…我…什么都不会…只能当端盒饭的了…[doge2]"
"","","","","鱼糕今天困了喵",1749647730,"诺百万还会记得鱼糕吗呜呜呜呜呜"
"","","","","鱼糕今天困了喵",1749647657,"kilo？"
"","","","","鱼糕今天困了喵",1749647576,"别的明信片诺球球可以拿走（"
"","","","","鱼糕今天困了喵",1749647567,"实体礼物吗 我想要诺"
"","","","","鱼糕今天困了喵",1749647427,"诺过生日是不是约等于可以捕捉新诺"
"","","","","鱼糕今天困了喵",1749621326,"糕糕想看惩罚喵"
"","","","","鱼糕今天困了喵",1749620781,"我勒个头像"
"","","","","鱼糕今天困了喵",1749620607,"下次还看（"
"","","","","鱼糕今天困了喵",1749620601,"啧 我觉得你批评的对"
"","","","","鱼糕今天困了喵",1749620569,"看比赛看到凌晨4点啊 没忍住啊（"
"","","","","鱼糕今天困了喵",1749620546,"才起（"
"","","","","鱼糕今天困了喵",1749620508,"oi——"
"","","","","鱼糕今天困了喵",1749537130,"xswl"
"","","","","鱼糕今天困了喵",1749536602,"主包记得下次嘲讽弹幕别念[dog][dog]"
"","","","","鱼糕今天困了喵",1749536453,"然后激起对面斗志了"
"","","","","鱼糕今天困了喵",1749536441,"主包刚刚把对面不行念出来了hhh"
"","","","","鱼糕今天困了喵",1749536142,"咳咳"
"","","","","鱼糕今天困了喵",1749536131,"这个对面 也不行啊"
"","","","","鱼糕今天困了喵",1749536071,"想看惩罚了[doge2][doge2]"
"","","","","鱼糕今天困了喵",1749535436,"还有这种要求的"
"","","","","鱼糕今天困了喵",1749534118,"给对面刷俩（不是"
"","","","","鱼糕今天困了喵",1749534108,"什么 原来是可以有主播表演环节的吗"
"","","","","鱼糕今天困了喵",1749486926,"这个点的档？"
"","","","","鱼糕今天困了喵",1749484267,"我趣 那个舰长真是259啊"
"","","","","鱼糕今天困了喵",1749482863,"诺球球晚安———"
"","","","","鱼糕今天困了喵",1749482738,"聪明诺 进化为了 呆呆诺！"
"","","","","鱼糕今天困了喵",1749482701,"还请忘记我不是yrsk？"
"","","","","鱼糕今天困了喵",1749482677,"聪明诺"
"","","","","鱼糕今天困了喵",1749482673,"诶对了"
"","","","","鱼糕今天困了喵",1749482668,"点个ztmy 猫重置"
"","","","","鱼糕今天困了喵",1749482362,"*piu——（瞄准诺酱）"
"","","","","鱼糕今天困了喵",1749481978,"是传播学"
"","","","","鱼糕今天困了喵",1749481939,"学新闻学的"
"","","","","鱼糕今天困了喵",1749481606,"诺甚至真的思考了一下是不是律师徽章"
"","","","","鱼糕今天困了喵",1749481531,"展示律师徽章吧"
"","","","","鱼糕今天困了喵",1749471229,"诺厉害喵"
"","","","","鱼糕今天困了喵",1749471224,"不对 今天是早诺"
"","","","","鱼糕今天困了喵",1749392495,"发一个我尝尝咸淡"
"","","","","鱼糕今天困了喵",1749392485,"没见过舰长红包"
"","","","","鱼糕今天困了喵",1749392427,"坏了 大王84岁了"
"","","","","鱼糕今天困了喵",1749392397,"大王是属 于诺球球的"
"","","","","鱼糕今天困了喵",1749391960,"[doge2][doge2]"
"","","","","鱼糕今天困了喵",1749391956,"什么时候人多点发展个提群"
"","","","","鱼糕今天困了喵",1749391932,"要的要的要的"
"","","","","鱼糕今天困了喵",1749391889,"🦵酱… 我会想你的…"
"","","","","鱼糕今天困了喵",1749391851,"举牌券… 想要…"
"","","","","鱼糕今天困了喵",1749391835,"诺… 晚上… 好像… 来不及看了…"
"","","","","鱼糕今天困了喵",1749322033,"nb"
"","","","","鱼糕今天困了喵",1749321537,"哇 爆"
"","","","","鱼糕今天困了喵",1749314871,"连着两个学期强度不低"
"","","","","鱼糕今天困了喵",1749314851,"这么想 别人5个月的课程我们3个月要上完"
"","","","","鱼糕今天困了喵",1749314798,"四个半月 放假"
"","","","","鱼糕今天困了喵",1749314793,"上学"
"","","","","鱼糕今天困了喵",1749314789,"所以就是三个半月+半个月+三个半月"
"","","","","鱼糕今天困了喵",1749314776,"但我15号左右基本上全考完"
"","","","","鱼糕今天困了喵",1749314769,"正常是上学三个月 一个月全校考试"
"","","","","鱼糕今天困了喵",1749314757,"对的 但是考完试就放假"
"","","","","鱼糕今天困了喵",1749308840,"大家晚安喵——好梦——————"
"","","","","鱼糕今天困了喵",1749308798,"好喜欢 …下播歌曲+晚安环节…"
"","","","","鱼糕今天困了喵",1749308631,"过段时间没歌就是ztmy了"
"","","","","鱼糕今天困了喵",1749308580,"wwwwwwwww"
"","","","","鱼糕今天困了喵",1749308576,"wwwe"
"","","","","鱼糕今天困了喵",1749308572,"诶还真不是"
"","","","","鱼糕今天困了喵",1749308569,"点个tape/stopight"
"","","","","鱼糕今天困了喵",1749308412,"ok 发完了"
"","","","","鱼糕今天困了喵",1749308305,"我都绷不住"
"","","","","鱼糕今天困了喵",1749308294,"他妹天天跟他说"
"","","","","鱼糕今天困了喵",1749308288,"我有个同学有妹妹"
"","","","","鱼糕今天困了喵",1749308060,"难说"
"","","","","鱼糕今天困了喵",1749308056,"宠吗 宠在哪里"
"","","","","鱼糕今天困了喵",1749307918,"这样 你拿我号看"
"","","","","鱼糕今天困了喵",1749307901,"我绝对没有想蹭礼物"
"","","","","鱼糕今天困了喵",1749307891,"然后替我刷点"
"","","","","鱼糕今天困了喵",1749307876,"这样 你拿我号看"
"","","","","鱼糕今天困了喵",1749307796,"但你要被认出来 我可就没办法咯[dog][dog][dog]"
"","","","","鱼糕今天困了喵",1749307749,"还有免费点歌听的"
"","","","","鱼糕今天困了喵",1749307737,"没事 我不戳破你"
"","","","","鱼糕今天困了喵",1749307618,"这样 你顺着诺球球别的牌子找人"
"","","","","鱼糕今天困了喵",1749307597,"？05年？"
"","","","","鱼糕今天困了喵",1749307518,"（背地里：斯哈斯哈 这是哪个妹妹 带我一个）"
"","","","","鱼糕今天困了喵",1749307475,"雨诺… 雨诺身上有别的妹妹的味道… 哼… 勉强不嫌弃一下吧…"
"","","","","鱼糕今天困了喵",1749307405,"记得告诉我一下房间号我也去看[dog]"
"","","","","鱼糕今天困了喵",1749307368,"如果不能送自己就送给别的妹妹吧[dog]"
"","","","","鱼糕今天困了喵",1749307347,"好像 可以的"
"","","","","鱼糕今天困了喵",1749307266,"一岁一咪咪"
"","","","","鱼糕今天困了喵",1749307219,"怎么想出来的喵"
"","","","","鱼糕今天困了喵",1749307215,"全家小猫吗 那很好笑了喵"
"","","","","鱼糕今天困了喵",1749307165,"喵呜！"
"","","","","鱼糕今天困了喵",1749307108,"这个历史不够野啊喵"
"","","","","鱼糕今天困了喵",1749307096,"我是雨诺的猫娘喵"
"","","","","鱼糕今天困了喵",1749307089,"好的喵"
"","","","","鱼糕今天困了喵",1749307041,"既然到这个时候了 哪天续一下猫娘有效期"
"","","","","鱼糕今天困了喵",1749306988,"虽然我没想好但是传下去—————"
"","","","","鱼糕今天困了喵",1749306980,"传下去————"
"","","","","鱼糕今天困了喵",1749306962,"诺你是一只很可爱很可爱的小猫咪"
"","","","","鱼糕今天困了喵",1749306947,"喜欢喜欢喜欢喜欢喜欢"
"","","","","鱼糕今天困了喵",1749306942,"我趣 是猫耳"
"","","","","鱼糕今天困了喵",1749306835,"那很伟大了萌喵殿下"
"","","","","鱼糕今天困了喵",1749306830,"哇 萌喵殿下还有9周年吗"
"","","","","鱼糕今天困了喵",1749306787,"[dog][dog]"
"","","","","鱼糕今天困了喵",1749306766,"凑整吧 11点"
"","","","","鱼糕今天困了喵",1749305657,"狡辩[委屈] 不爱了[大哭][大哭][大哭]"
"","","","","鱼糕今天困了喵",1749305625,"我要问了"
"","","","","鱼糕今天困了喵",1749305618,"我4900呢"
"","","","","鱼糕今天困了喵",1749305609,"不是？"
"","","","","鱼糕今天困了喵",1749305602,"？"
"","","","","鱼糕今天困了喵",1749305519,"请求0分处理"
"","","","","鱼糕今天困了喵",1749305513,"老师 我举报 她作弊"
"","","","","鱼糕今天困了喵",1749305393,"跟我一起做学园偶像🥺🥺"
"","","","","鱼糕今天困了喵",1749305382,"太好听了吧 简直是天籁——"
"","","","","鱼糕今天困了喵",1749305248,"作弊记号 0分！"
"","","","","鱼糕今天困了喵",1749305139,"0分！"
"","","","","鱼糕今天困了喵",1749305065,"对不起对不起对不起对不起"
"","","","","鱼糕今天困了喵",1749305059,"对不起对不起对不起对不起对不起"
"","","","","鱼糕今天困了喵",1749305050,"1111111111111"
"","","","","鱼糕今天困了喵",1749304944,"1111111111"
"","","","","鱼糕今天困了喵",1749304924,"🦵酱"
"","","","","鱼糕今天困了喵",1749304897,"手指那个 我也要 球球"
"","","","","鱼糕今天困了喵",1749304836,"诶哟 翅膀硬了"
"","","","","鱼糕今天困了喵",1749304745,"主要是G"
"","","","","鱼糕今天困了喵",1749304740,"CCCCCEEEEEGGGGG"
"","","","","鱼糕今天困了喵",1749304711,"《小c》"
"","","","","鱼糕今天困了喵",1749304668,"没有d我把🦵酱包饺子"
"","","","","鱼糕今天困了喵",1749304623,"bcd"
"","","","","鱼糕今天困了喵",1749304509,"BBBBCCCCDDDD"
"","","","","鱼糕今天困了喵",1749304465,"《通常》"
"","","","","鱼糕今天困了喵",1749304453,"DDDDDDDDDDDD"
"","","","","鱼糕今天困了喵",1749304272,"是吧萌喵殿下"
"","","","","鱼糕今天困了喵",1749304264,"AAAAAAAAAAAAAAA"
"","","","","鱼糕今天困了喵",1749304149,"BBBBBBBB"
"","","","","鱼糕今天困了喵",1749303989,"对不起对不起对不起"
"","","","","鱼糕今天困了喵",1749303819,"踢飞鲨鱼"
"","","","","鱼糕今天困了喵",1749303730,"伤心了"
"","","","","鱼糕今天困了喵",1749303706,"没有我？"
"","","","","鱼糕今天困了喵",1749303604,"从今天开始诺的备注变成诺sept.5"
"","","","","鱼糕今天困了喵",1749303556,"Cccccc（抄答案）"
"","","","","鱼糕今天困了喵",1749303493,"CCCCCCC"
"","","","","鱼糕今天困了喵",1749303429,"BBBBBB"
"","","","","鱼糕今天困了喵",1749303417,"请奖励我一拳"
"","","","","鱼糕今天困了喵",1749303407,"果然 我才是铁粉"
"","","","","鱼糕今天困了喵",1749303369,"BBBBBBBBBB"
"","","","","鱼糕今天困了喵",1749303320,"BBBBBBBBB"
"","","","","鱼糕今天困了喵",1749303262,"[比心]"
"","","","","鱼糕今天困了喵",1749303256,"爽啊"
"","","","","鱼糕今天困了喵",1749303221,"诺可以让我滚一下吗"
"","","","","鱼糕今天困了喵",1749303118,"A"
"","","","","鱼糕今天困了喵",1749302799,"得另想一招了"
"","","","","鱼糕今天困了喵",1749302783,"可恶 没有茶杯头视频"
"","","","","鱼糕今天困了喵",1749302635,"可恶 一定要想个方法骗出雨诺大名"
"","","","","鱼糕今天困了喵",1749302529,"什么 死盖不上提了 那我也不上了"
"","","","","鱼糕今天困了喵",1749302482,"感觉 大声喊名字什么的 太bt了"
"","","","","鱼糕今天困了喵",1749302472,"其实我三次元朋友也喊我id"
"","","","","鱼糕今天困了喵",1749302397,"真的能喊得出大名吗（"
"","","","","鱼糕今天困了喵",1749302384,"线下也会喊雨诺的吧（"
"","","","","鱼糕今天困了喵",1749302368,"其实啊 就算知道大名"
"","","","","鱼糕今天困了喵",1749302306,"诺球球谁啊 不熟 我狐宝"
"","","","","鱼糕今天困了喵",1749302261,"那… 那勉强… suki一下吧"
"","","","","鱼糕今天困了喵",1749302243,"什么 诺说koikoi"
"","","","","鱼糕今天困了喵",1749302200,"[doge2]"
"","","","","鱼糕今天困了喵",1749302197,"开我也不是不行"
"","","","","鱼糕今天困了喵",1749302184,"我都不记得我有没有号了"
"","","","","鱼糕今天困了喵",1749302078,"不知道 我看他们都叫你王雨诺"
"","","","","鱼糕今天困了喵",1749302021,"诺 你也不想让直播间所有人都知道你叫王雨诺吧"
"","","","","鱼糕今天困了喵",1749301951,"请问是居住在toronto的***女士吗"
"","","","","鱼糕今天困了喵",1749301928,"深蹲呢 深蹲呢 有没有 心动盲盒 老板来点[可怜]"
"","","","","鱼糕今天困了喵",1749301730,"我来"
"","","","","鱼糕今天困了喵",1749301727,"我替你被打"
"","","","","鱼糕今天困了喵",1749301721,"别让你爽到了"
"","","","","鱼糕今天困了喵",1749301717,"你小子"
"","","","","鱼糕今天困了喵",1749301576,"草"
"","","","","鱼糕今天困了喵",1749301546,"[doge2][doge2]"
"","","","","鱼糕今天困了喵",1749301541,"其实我是想钓一下的来着"
"","","","","鱼糕今天困了喵",1749301528,"打鱼糕用的"
"","","","","鱼糕今天困了喵",1749301486,"诺脚底下放了个啥"
"","","","","鱼糕今天困了喵",1749301341,"不用谢我"
"","","","","鱼糕今天困了喵",1749301267,"要断章取义 取自 不要断章取义"
"","","","","鱼糕今天困了喵",1749301255,"学communications学的"
"","","","","鱼糕今天困了喵",1749301111,"我要接着发"
"","","","","鱼糕今天困了喵",1749301108,"但是逆天sc好玩"
"","","","","鱼糕今天困了喵",1749301102,"不发逆天sc都两年舰了[dog]"
"","","","","鱼糕今天困了喵",1749300961,"12/13小时"
"","","","","鱼糕今天困了喵",1749300919,"天线诺宝"
"","","","","鱼糕今天困了喵",1749300764,"主要是 在家 有点 羞耻 在外可以放飞自我"
"","","","","鱼糕今天困了喵",1749300751,"上麦什么的 等我不在家 到了宿舍 再拷打我 好吗"
"","","","","鱼糕今天困了喵",1749300441,"我相信你可以"
"","","","","鱼糕今天困了喵",1749300434,"来个提看看实力"
"","","","","鱼糕今天困了喵",1749300328,"这一套我想给766分 其中666是给诺的"
"","","","","鱼糕今天困了喵",1749300305,"有一说一这套真好看吧"
"","","","","鱼糕今天困了喵",1749300264,"那很伟大了"
"","","","","鱼糕今天困了喵",1749300259,"死盖月吗"
"","","","","鱼糕今天困了喵",1749300180,"放心"
"","","","","鱼糕今天困了喵",1749300176,"方心 不可能手软的"
"","","","","鱼糕今天困了喵",1749300166,"这两天也开不了提"
"","","","","鱼糕今天困了喵",1749300122,"[dog]"
"","","","","鱼糕今天困了喵",1749300119,"禁言回 等我 下回 指定 再说"
"","","","","鱼糕今天困了喵",1749300104,"这样 深蹲回吧 感觉 🦵酱还是 好的[花]"
"","","","","鱼糕今天困了喵",1749300077,"[doge2][doge2][doge2]"
"","","","","鱼糕今天困了喵",1749300074,"不想看🦵酱的扣眼珠子"
"","","","","鱼糕今天困了喵",1749300060,"3"
"","","","","鱼糕今天困了喵",1749300023,"来点 投票"
"","","","","鱼糕今天困了喵",1749300020,"来电"
"","","","","鱼糕今天困了喵",1749300016,"想看禁言的扣2"
"","","","","鱼糕今天困了喵",1749300010,"想看深蹲的扣1"
"","","","","鱼糕今天困了喵",1749299956,"诺你跟人家学学"
"","","","","鱼糕今天困了喵",1749227028,"那眯咯 晚安——"
"","","","","鱼糕今天困了喵",1749220770,"牛牛牛"
"","","","","鱼糕今天困了喵",1749220185,"晚上好————"
"","","","","鱼糕今天困了喵",1749219860,"不说词我只好烤诺排了"
"","","","","鱼糕今天困了喵",1749219848,"就喜欢听词儿 没办法的"
"","","","","鱼糕今天困了喵",1749219283,"听到了吗我说 诺说我有品"
"","","","","鱼糕今天困了喵",1749219273,"你听 诺说我有品"
"","","","","鱼糕今天困了喵",1749219246,"你发 你发我投必火"
"","","","","鱼糕今天困了喵",1749219197,"没有人要猫耳吗 我拿走咯"
"","","","","鱼糕今天困了喵",1749219187,"我是猫耳粉"
"","","","","鱼糕今天困了喵",1749218965,"我喜欢"
"","","","","鱼糕今天困了喵",1749218962,"我是小猫粉"
"","","","","鱼糕今天困了喵",1749218721,"捏捏🦵酱"
"","","","","鱼糕今天困了喵",1749218519,"还我肉🦵酱"
"","","","","鱼糕今天困了喵",1749218162,"腿部肌肉 请踹我一脚我试试强度"
"","","","","鱼糕今天困了喵",1749217796,"超好玩 我正在玩"
"","","","","鱼糕今天困了喵",1749217788,"博德之门好玩"
"","","","","鱼糕今天困了喵",1749216681,"我要去看别的妹妹了 别的妹妹可听话了 哼"
"","","","","鱼糕今天困了喵",1749216574,"请这样打我 谢谢"
"","","","","鱼糕今天困了喵",1749216491,"请骂我"
"","","","","鱼糕今天困了喵",1749215891,"因为他是互动礼物 理论上有特效的"
"","","","","鱼糕今天困了喵",1749215695,"死盖qaq我封你为指挥官 请做好欺负雨诺的榜样"
"","","","","鱼糕今天困了喵",1749215660,"老板糊涂啊"
"","","","","鱼糕今天困了喵",1749215645,"我趣"
"","","","","鱼糕今天困了喵",1749214148,"只是会在高铁上 应该是准时到的喵"
"","","","","鱼糕今天困了喵",1749214129,"是的 能来的"
"","","","","不过是恩狗罢了i",1749142588,"帅"
"","","","","不过是恩狗罢了i",1749142513,"好耿直的大坑"
"","","","","不过是恩狗罢了i",1749141036,"屋檐了"
"","","","","不过是恩狗罢了i",1749140717,"好哦 晚安"
"","","","","不过是恩狗罢了i",1749140641,"对"
"","","","","不过是恩狗罢了i",1749140639,"正经流程一点不走 直接跳过+bug"
"","","","","不过是恩狗罢了i",1749140624,"这种成就我们都是歪门邪道的"
"","","","","不过是恩狗罢了i",1749140579,"困难难度 死了就删档"
"","","","","不过是恩狗罢了i",1749140571,"其中还有一遍必须得是荣誉模式"
"","","","","不过是恩狗罢了i",1749140554,"还好 主要是必须得全流程走两遍"
"","","","","不过是恩狗罢了i",1749140518,"马上全成就"
"","","","","不过是恩狗罢了i",1749140512,"真好玩啊 第三遍了"
"","","","","不过是恩狗罢了i",1749140473,"对对 在玩博德之门3"
"","","","","不过是恩狗罢了i",1749111661,"困困"
"","","","","不过是恩狗罢了i",1749111658,"跑了 我再 眯一下"
"","","","","不过是恩狗罢了i",1749111541,"我去 点亮 自己的牌牌"
"","","","","不过是恩狗罢了i",1749111487,"9"
"","","","","不过是恩狗罢了i",1749111485,"8"
"","","","","不过是恩狗罢了i",1749111483,"7"
"","","","","不过是恩狗罢了i",1749111482,"6"
"","","","","不过是恩狗罢了i",1749111480,"5"
"","","","","不过是恩狗罢了i",1749111479,"4"
"","","","","不过是恩狗罢了i",1749111477,"3"
"","","","","不过是恩狗罢了i",1749111476,"2"
"","","","","不过是恩狗罢了i",1749111474,"1"
"","","","","不过是恩狗罢了i",1749111314,"前几天 没缓过来"
"","","","","不过是恩狗罢了i",1749111290,"不是 是走路拍照+世博会走的"
"","","","","不过是恩狗罢了i",1749111266,"休养一下"
"","","","","不过是恩狗罢了i",1749111255,"前几天连着走两万步"
"","","","","不过是恩狗罢了i",1749111249,"最近也折腾不动了"
"","","","","不过是恩狗罢了i",1749111163,"躺着呢 没事干www"
"","","","","不过是恩狗罢了i",1749111084,"要这周结束才能改"
"","","","","不过是恩狗罢了i",1749110614,"其实我在主包家楼下 只是热化了变成水了"
"","","","","不过是恩狗罢了i",1749110394,"你看主包笑着解释这个苍白[dog]"
"","","","","不过是恩狗罢了i",1749110344,"那很强大了"
"","","","","不过是恩狗罢了i",1749109832,"是这样的 我们这边老年班都只要3-5周"
"","","","","不过是恩狗罢了i",1749109648,"好萌"
"","","","","不过是恩狗罢了i",1749109628,"5年吗 那很夸张了"
"","","","","不过是恩狗罢了i",1749109588,"加元 5.3 / 10600r"
"","","","","不过是恩狗罢了i",1749109547,"一想到我在外面学驾照要$2k就浑身难受"
"","","","","不过是恩狗罢了i",1749109512,"3k还好了"
"","","","","不过是恩狗罢了i",1749109464,"不会的 没那么难"
"","","","","不过是恩狗罢了i",1749109454,"上学的时候也可以 抽几个下午练车 都够用"
"","","","","不过是恩狗罢了i",1749109429,"驾照考起来快 不一定要单独占时间的"
"","","","","不过是恩狗罢了i",1749109166,"那必须得来了"
"","","","","不过是恩狗罢了i",1749109160,"哦哟 有这等好事"
"","","","","不过是恩狗罢了i",1749109031,"答应我 不要吃楼上的肉包子好吗[花]"
"","","","","不过是恩狗罢了i",1749108314,"那必须的"
"","","","","不过是恩狗罢了i",1749107652,"我以为谁剁饺子馅呢"
"","","","","不过是恩狗罢了i",1749107453,"主包好会选衣服"
"","","","","不过是恩狗罢了i",1749107271,"主包去哪里了"
"","","","","不过是恩狗罢了i",1749106563,"hhh刚玩完一把游戏"
"","","","","不过是恩狗罢了i",1749064092,"得不到的就更加爱——"
"","","","","不过是恩狗罢了i",1749062751,"海外能发弹幕的"
"","","","","不过是恩狗罢了i",1749060870,"咋直播间就俩人了"
"","","","","不过是恩狗罢了i",1749060845,"疑似小号被封了 别的不知道"
"","","","","不过是恩狗罢了i",1749060806,"他id没了我拿他id玩"
"","","","","不过是恩狗罢了i",1749060788,"恩狗是另一个提"
"","","","","不过是恩狗罢了i",1749060706,"喵一周就结束了"
"","","","","不过是恩狗罢了i",1749060698,"我不是要喵一个月 我是要挂喵id一个月"
"","","","","不过是恩狗罢了i",1749060607,"不是没币了"
"","","","","不过是恩狗罢了i",1749060525,"我是 改完逗人玩 改不回来了"
"","","","","不过是恩狗罢了i",1749060465,"这个点人好少哦"
"","","","","不过是恩狗罢了i",1748936262,"好哦"
"","","","","不过是恩狗罢了i",1748936216,"有的 还是一样要等冲洗喵"
"","","","","不过是恩狗罢了i",1748936168,"昨天回的喵"
"","","","","不过是恩狗罢了i",1748936161,"我回家了喵"
"","","","","不过是恩狗罢了i",1748933497,"（（"
"","","","","不过是恩狗罢了i",1748933492,"不是 我键盘卡了"
"","","","","不过是恩狗罢了i",1748933466,"咋了"
"","","","","不过是恩狗罢了i",1748933458,"11c1ccccbenufjdvddld"
"","","","","不过是恩狗罢了i",1748932933,"哦查到了 43715 (("
"","","","","不过是恩狗罢了i",1748932825,"不知道啊"
"","","","","不过是恩狗罢了i",1748932763,"那预算很充足了"
"","","","","不过是恩狗罢了i",1748932462,"还是太吃建模了 建模好怎么都好"
"","","","","不过是恩狗罢了i",1748931945,"苏州 好吃喔"
"","","","","不过是恩狗罢了i",1748931846,"主包在江苏哪里"
"","","","","不过是恩狗罢了i",1748931193,"milabo！"
"","","","","不过是恩狗罢了i",1748931150,"ztmy是好的"
"","","","","不过是恩狗罢了i",1748931057,"带的别人id hhh"
"","","","","不过是恩狗罢了i",1748930996,"还真是 再外加一个jpop"
"","","","","不过是恩狗罢了i",1748930944,"主包歌单跟我相似度好高"
"","","","","不过是恩狗罢了i",1748930863,"xswl我以为我卡了一直在听主包恰咯"
"","","","","不过是恩狗罢了i",1748929523,"唔 我一般不太发消息（（"
"","","","","不过是恩狗罢了i",1748929312,"hhh我都是早中饭+晚饭"
"","","","","不过是恩狗罢了i",1748929283,"吃啦"
"","","","","不过是恩狗罢了i",1748929219,"这是鱼糕 我顶别人id玩一天"
"","","","","不过是恩狗罢了i",1748880624,"晚安——"
"","","","","不过是恩狗罢了i",1748880590,"[喝彩][喝彩][喝彩][喝彩][喝彩][喝彩]"
"","","","","不过是恩狗罢了i",1748880407,"累咯累咯 准备眯！"
"","","","","不过是恩狗罢了i",1748880318,"乐"
"","","","","不过是恩狗罢了i",1748880252,"高仿号是会被禁的 合理的"
"","","","","不过是恩狗罢了i",1748880233,"难绷"
"","","","","不过是恩狗罢了i",1748880177,"哎哎"
"","","","","不过是恩狗罢了i",1748880170,"我太坏了"
"","","","","不过是恩狗罢了i",1748879961,"[doge2]"
"","","","","不过是恩狗罢了i",1748879958,"更正 直播间有两个时间线的狗酱"
"","","","","不过是恩狗罢了i",1748879946,"我宣布我是两年前的狗酱"
"","","","","鱼糕今天困了喵",1748879814,"ok 下次我抢注狗酱id"
"","","","","鱼糕今天困了喵",1748879783,"狗酱你看看人家"
"","","","","鱼糕今天困了喵",1748879758,"咳"
"","","","","鱼糕今天困了喵",1748879712,"v我198我上个舰"
"","","","","鱼糕今天困了喵",1748879707,"唉这个狗酱怎么这么坏啊"
"","","","","鱼糕今天困了喵",1748879680,"[doge2]"
"","","","","鱼糕今天困了喵",1748879674,"其实我一般是在诺球球那边带狐宝牌子的"
"","","","","鱼糕今天困了喵",1748879635,"我带的狐宝啊"
"","","","","鱼糕今天困了喵",1748879064,"封不了"
"","","","","鱼糕今天困了喵",1748878908,"有人拿你号开了吧"
"","","","","鱼糕今天困了喵",1748878826,"派后面改的太那啥了"
"","","","","鱼糕今天困了喵",1748878433,"差不多难绷 感觉还得是第一个"
"","","","","鱼糕今天困了喵",1748878367,"这个ID看一次难绷一次"
"","","","","鱼糕今天困了喵",1748878143,"我猜测（"
"","","","","鱼糕今天困了喵",1748878137,"同ip多账号被抓了！"
"","","","","鱼糕今天困了喵",1748878128,"你干啥了风险了"
"","","","","鱼糕今天困了喵",1748877910,"狗酱来个总督给主包上上压力"
"","","","","鱼糕今天困了喵",1748877424,"可能是前面当指挥官人太少了？？？"
"","","","","鱼糕今天困了喵",1748877400,"现在指挥官好拿了"
"","","","","鱼糕今天困了喵",1748877292,"[doge2][doge2][doge2]"
"","","","","鱼糕今天困了喵",1748877271,"集五福呗"
"","","","","鱼糕今天困了喵",1748877240,"哦哦哦哦哦哦ok"
"","","","","鱼糕今天困了喵",1748877194,"人鱼公主不是有了吗"
"","","","","鱼糕今天困了喵",1748877146,"原来乘二是25一个的"
"","","","","鱼糕今天困了喵",1748876876,"第一次开 或者过期重开 是19980"
"","","","","鱼糕今天困了喵",1748876858,"15980是续提"
"","","","","鱼糕今天困了喵",1748876432,"[doge2]"
"","","","","鱼糕今天困了喵",1748876428,"这样 狗酱负责加班的那部分"
"","","","","鱼糕今天困了喵",1748876381,"ok 赶上了 有点极限"
"","","","","鱼糕今天困了喵",1748876323,"等我充完了下一个小时了"
"","","","","鱼糕今天困了喵",1748876309,"我要走外卡充值要两三分钟的"
"","","","","鱼糕今天困了喵",1748876124,"（怎么还多了10块啊喂）"
"","","","","鱼糕今天困了喵",1748876053,"我相信你可以"
"","","","","鱼糕今天困了喵",1748876047,"狗酱自己发力啊"
"","","","","鱼糕今天困了喵",1748875853,"实在不行学狗酱几个号混着发[dog]"
"","","","","鱼糕今天困了喵",1748875819,"bur？这你没发出来？"
"","","","","鱼糕今天困了喵",1748874686,"现在有个册子252张 看什么时候塞满"
"","","","","鱼糕今天困了喵",1748874660,"那我 自己印 to签吧"
"","","","","鱼糕今天困了喵",1748873728,"晚上好——"
"","","","","鱼糕今天困了喵",1748873618,"要变成口头禅了喵"
"","","","","鱼糕今天困了喵",1748873609,"1个月喵"
"","","","","鱼糕今天困了喵",1748873586,"加个"
"","","","","鱼糕今天困了喵",1748873584,"惩罚是价格喵的喵"
"","","","","鱼糕今天困了喵",1748846996,"英语分级下午好"
"","","","","鱼糕今天困了喵",1748790513,"晚安喵 每天都是儿童节——"
"","","","","鱼糕今天困了喵",1748790434,"速报 发过去了 请看"
"","","","","鱼糕今天困了喵",1748790349,"那一天的寂寞寂寞起来"
"","","","","鱼糕今天困了喵",1748790236,"天才诺"
"","","","","鱼糕今天困了喵",1748790211,"你找找翻译是什么 我这边只显示英文版"
"","","","","鱼糕今天困了喵",1748789877,"🦵酱最大气的一集"
"","","","","鱼糕今天困了喵",1748789850,"那真得投了"
"","","","","鱼糕今天困了喵",1748789842,"坏了 唯一一份1分钟视频吗"
"","","","","鱼糕今天困了喵",1748789800,"[dog][dog]"
"","","","","鱼糕今天困了喵",1748789791,"马上拿去发投稿"
"","","","","鱼糕今天困了喵",1748789778,"伤心了 退款！退款！"
"","","","","鱼糕今天困了喵",1748789746,"其实我还发给你了 但你不回我[傲娇]"
"","","","","鱼糕今天困了喵",1748789729,"含水唱歌也有哦"
"","","","","鱼糕今天困了喵",1748789721,"不用谢我"
"","","","","鱼糕今天困了喵",1748789717,"你知道吗那期我录像了"
"","","","","鱼糕今天困了喵",1748789673,"我最喜欢我发给你那张原皮[dog]"
"","","","","鱼糕今天困了喵",1748789644,"哈吉诺 你这家伙"
"","","","","鱼糕今天困了喵",1748789626,"塞尔达才是原皮吗"
"","","","","鱼糕今天困了喵",1748789434,"椅子小姐的部件"
"","","","","鱼糕今天困了喵",1748789338,"效果有了 目标达到了"
"","","","","鱼糕今天困了喵",1748789328,"哎 别的别管"
"","","","","鱼糕今天困了喵",1748789241,"解构主义这一块"
"","","","","鱼糕今天困了喵",1748789232,"后现代雨诺akari"
"","","","","鱼糕今天困了喵",1748789171,"评论区纯分食现场"
"","","","","鱼糕今天困了喵",1748789136,"真坏啊这个必火"
"","","","","鱼糕今天困了喵",1748789130,"刚看了 必火投粉丝量要1w5+"
"","","","","鱼糕今天困了喵",1748789027,"你发一个我投100"
"","","","","鱼糕今天困了喵",1748789019,"我求你剪抽象视频"
"","","","","鱼糕今天困了喵",1748788964,"助力主播抽象视频大火"
"","","","","鱼糕今天困了喵",1748788945,"那不得不投必火了"
"","","","","鱼糕今天困了喵",1748788930,"我只看到5653赞"
"","","","","鱼糕今天困了喵",1748788907,"诺这个19.3万什么时侯动一动"
"","","","","鱼糕今天困了喵",1748788843,"诺怎么也这么坏啊"
"","","","","鱼糕今天困了喵",1748788837,"因为诺狠心拆除了椅子小姐的部件"
"","","","","鱼糕今天困了喵",1748788573,"小孩组乐队唱的歌也是儿歌"
"","","","","鱼糕今天困了喵",1748788557,"杂踏僕街 怎么不是儿歌呢"
"","","","","鱼糕今天困了喵",1748788502,"主播听你这么一说等我一缺钱了我就找你退款"
"","","","","鱼糕今天困了喵",1748788288,"我叫@雨诺Akari的狗Official公式认证版"
"","","","","鱼糕今天困了喵",1748788263,"太有活了"
"","","","","鱼糕今天困了喵",1748788136,"乳酪不吃鱼糕吃乳酪"
"","","","","鱼糕今天困了喵",1748788084,"感谢各位老板的大力支持——"
"","","","","鱼糕今天困了喵",1748788076,"满了！"
"","","","","鱼糕今天困了喵",1748788011,"呆呆诺（"
"","","","","鱼糕今天困了喵",1748788004,"只剩20个名额咯——"
"","","","","鱼糕今天困了喵",1748787924,"只需要10个小花花就可以参加咯——"
"","","","","鱼糕今天困了喵",1748787904,"还有没有拼好舰的宝宝——"
"","","","","鱼糕今天困了喵",1748787777,"（怎么这么坏啊还有劝小花花的"
"","","","","鱼糕今天困了喵",1748787760,"现在送 多来点[doge2]"
"","","","","鱼糕今天困了喵",1748787702,"+3  87/138"
"","","","","鱼糕今天困了喵",1748787658,"+2 / 84/138"
"","","","","鱼糕今天困了喵",1748787625,"82/138"
"","","","","鱼糕今天困了喵",1748787621,"+4"
"","","","","鱼糕今天困了喵",1748787551,"需要计数君吗"
"","","","","鱼糕今天困了喵",1748787392,"我可以加两个名字吗"
"","","","","鱼糕今天困了喵",1748787328,"应该就送1r的"
"","","","","鱼糕今天困了喵",1748787321,"坏了 送多了"
"","","","","鱼糕今天困了喵",1748787262,"饿了可以点uber eats[dog]"
"","","","","鱼糕今天困了喵",1748787179,"这个鱼糕怎么这么坏啊"
"","","","","鱼糕今天困了喵",1748787161,"害 被识破了"
"","","","","鱼糕今天困了喵",1748787123,"小花花"
"","","","","鱼糕今天困了喵",1748787056,"诺看看q"
"","","","","鱼糕今天困了喵",1748786996,"诺 我前天吃的烧鸟居酒屋 烧鸟哦 软嫩多汁的鸡肉哦 香脆的鸡皮哦"
"","","","","鱼糕今天困了喵",1748786169,"空投魔芋爽 批量制造猫娘"
"","","","","鱼糕今天困了喵",1748786074,"魔芋爽吃多了变猫娘哦"
"","","","","鱼糕今天困了喵",1748785892,"只刷到过百奇两头一起吃的视频（"
"","","","","鱼糕今天困了喵",1748785812,"百奇吃法可多了[比心][doge2]"
"","","","","鱼糕今天困了喵",1748785790,"百奇[比心]"
"","","","","鱼糕今天困了喵",1748785521,"诶 不满足前置条件了嗷"
"","","","","鱼糕今天困了喵",1748785511,"我不用网易云[dog]"
"","","","","鱼糕今天困了喵",1748785443,"太好听了"
"","","","","鱼糕今天困了喵",1748785362,"大家一起吃"
"","","","","鱼糕今天困了喵",1748785359,"不能只有我一个人多吃几遍"
"","","","","鱼糕今天困了喵",1748785191,"好熟啊"
"","","","","鱼糕今天困了喵",1748785188,"哦哦哦哦哦哦是这首！"
"","","","","鱼糕今天困了喵",1748785117,"没事 可以不夹 逗你玩一下（"
"","","","","鱼糕今天困了喵",1748785063,"撅嘴诺可爱捏 （*嘴巴夹住（"
"","","","","鱼糕今天困了喵",1748784960,"才反应过来 别又给我封一天"
"","","","","鱼糕今天困了喵",1748784928,"被骂了 好耶"
"","","","","鱼糕今天困了喵",1748784893,"对不起"
"","","","","鱼糕今天困了喵",1748784886,"对不起"
"","","","","鱼糕今天困了喵",1748784856,"今天就退立省五位数"
"","","","","鱼糕今天困了喵",1748784606,"我未成年（吗"
"","","","","鱼糕今天困了喵",1748784588,"没事 往好处想 我未成年也喂了（（（"
"","","","","鱼糕今天困了喵",1748784547,"[可怜]"
"","","","","鱼糕今天困了喵",1748784541,"🦵酱照片不算🦵酱"
"","","","","鱼糕今天困了喵",1748784483,"🦵酱——— 出来吧———"
"","","","","鱼糕今天困了喵",1748784272,"剪刀akari"
"","","","","鱼糕今天困了喵",1748783840,"120开120是我的极限"
"","","","","鱼糕今天困了喵",1748783827,"飙车吗 那很bt了"
"","","","","鱼糕今天困了喵",1748783758,"第一眼以为喝奶瓶子（sry"
"","","","","鱼糕今天困了喵",1748783598,"我扎起来他又要有意见了（"
"","","","","鱼糕今天困了喵",1748783551,"因为头发长度到肩膀被讲了几回"
"","","","","鱼糕今天困了喵",1748783533,"我们也管"
"","","","","鱼糕今天困了喵",1748783391,"我们没有记过这个概念 加上我们是出国生 不需要保送资格 所以（（（"
"","","","","鱼糕今天困了喵",1748783317,"衬衫好啊 喜欢衬衫"
"","","","","鱼糕今天困了喵",1748783126,"瞎穿（"
"","","","","鱼糕今天困了喵",1748782179,"我猜是最后面那个"
"","","","","鱼糕今天困了喵",1748782068,"这是你吗 这就不是你（"
"","","","","鱼糕今天困了喵",1748782053,"这是一个人吗"
"","","","","鱼糕今天困了喵",1748781971,"听不见"
"","","","","鱼糕今天困了喵",1748781955,"快端上来吧——"
"","","","","鱼糕今天困了喵",1748781948,"说了那么久的小时候照片在哪里"
"","","","","鱼糕今天困了喵",1748781474,"上提指定[dog]"
"","","","","鱼糕今天困了喵",1748781428,"赚的赚的 400/330"
"","","","","鱼糕今天困了喵",1748781293,"想看！想看！想看！（…椅子小姐）"
"","","","","鱼糕今天困了喵",1748702216,"难说哦"
"","","","","鱼糕今天困了喵",1748702177,"指挥官会继续努力哒！"
"","","","","鱼糕今天困了喵",1748702086,"聪明诺"
"","","","","鱼糕今天困了喵",1748702081,"yes"
"","","","","鱼糕今天困了喵",1748701998,"点个miku miku uuu iii uuu"
"","","","","鱼糕今天困了喵",1748700716,"（去学习一下别人的直播切片（"
"","","","","鱼糕今天困了喵",1748700698,"有直播回放吗 我试试看能不能剪（"
"","","","","鱼糕今天困了喵",1748700595,"然后截图做表情包（）"
"","","","","鱼糕今天困了喵",1748700584,"想看[doge2]"
"","","","","鱼糕今天困了喵",1748700579,"求求你啦"
"","","","","鱼糕今天困了喵",1748700471,"小学看18吗 那跟我一样了"
"","","","","鱼糕今天困了喵",1748700342,"缘分的天空也是天空"
"","","","","鱼糕今天困了喵",1748700046,"转了（"
"","","","","鱼糕今天困了喵",1748700040,"别展示律师徽章好吗"
"","","","","鱼糕今天困了喵",1748699963,"没差别 没差别"
"","","","","鱼糕今天困了喵",1748699772,"请来 好玩 多玩"
"","","","","鱼糕今天困了喵",1748699722,"除以20"
"","","","","鱼糕今天困了喵",1748699674,"那个小房子是透明的 路过的旅客都看得到"
"","","","","鱼糕今天困了喵",1748699662,"对 还要平铺出来拍照留档"
"","","","","鱼糕今天困了喵",1748699623,"想必是涩书"
"","","","","鱼糕今天困了喵",1748699576,"真实的社死be like"
"","","","","鱼糕今天困了喵",1748699566,"之前有人带书进国内 被拦了 当众抄写书名+翻译+签字没收"
"","","","","鱼糕今天困了喵",1748699454,"小心印刷音像制品"
"","","","","鱼糕今天困了喵",1748699443,"你知道吗 漫画书 cd封面 也算哦"
"","","","","鱼糕今天困了喵",1748699370,"该"
"","","","","鱼糕今天困了喵",1748699355,"我没意见 反正我直播间挂了没事"
"","","","","鱼糕今天困了喵",1748699312,"这个很严重的 纯纯重罪"
"","","","","鱼糕今天困了喵",1748699240,"没事 你直播间挂了上我号[doge2]"
"","","","","鱼糕今天困了喵",1748699178,"国内大概率要抓的"
"","","","","鱼糕今天困了喵",1748699169,"日本往欧美无所谓 别搞面相太幼的"
"","","","","鱼糕今天困了喵",1748699086,"不能提到米嗷 这个确实ban"
"","","","","鱼糕今天困了喵",1748699052,"税反而是 小头了"
"","","","","鱼糕今天困了喵",1748698930,"不卡"
"","","","","鱼糕今天困了喵",1748698776,"是这样的"
"","","","","鱼糕今天困了喵",1748698771,"审核：我听不懂 封了"
"","","","","鱼糕今天困了喵",1748698720,"mmd还给我踢了两脚"
"","","","","鱼糕今天困了喵",1748698703,"之前论坛上全是两边互骂攻击的"
"","","","","鱼糕今天困了喵",1748698684,"我没觉得zz审核有多严"
"","","","","鱼糕今天困了喵",1748698390,"还不如ins呢（"
"","","","","鱼糕今天困了喵",1748698383,"个人认为X更无聊（"
"","","","","鱼糕今天困了喵",1748698328,"没啥差别"
"","","","","鱼糕今天困了喵",1748698322,"本身就在墙外 无所谓了"
"","","","","鱼糕今天困了喵",1748698262,"yes"
"","","","","鱼糕今天困了喵",1748698219,"“打广告喵”"
"","","","","鱼糕今天困了喵",1748698188,"没啥意思"
"","","","","鱼糕今天困了喵",1748698185,"qq号换过几个了 全是拍照和搞编程的内容"
"","","","","鱼糕今天困了喵",1748698051,"对不起 萌喵殿下"
"","","","","鱼糕今天困了喵",1748698037,"不玩"
"","","","","鱼糕今天困了喵",1748698019,"说到做到喵"
"","","","","鱼糕今天困了喵",1748698013,"毕竟确实有可能忘记喵"
"","","","","鱼糕今天困了喵",1748698006,"不是 我说你要是能让我想起来有什么黑历史 我就挂直播间里"
"","","","","鱼糕今天困了喵",1748697940,"你要是能点播到 我打个sc挂直播间里"
"","","","","鱼糕今天困了喵",1748697920,"可以 请"
"","","","","鱼糕今天困了喵",1748697912,"我生活轨迹一条直线喵"
"","","","","鱼糕今天困了喵",1748697896,"我没有黑历史喵"
"","","","","鱼糕今天困了喵",1748697839,"萌喵殿下吗 那就这么叫你了喵"
"","","","","鱼糕今天困了喵",1748697778,"切割了吗 那很残忍了"
"","","","","鱼糕今天困了喵",1748697740,"下周有的 [妙]"
"","","","","鱼糕今天困了喵",1748697712,"还是🦵小姐比较亲切喵"
"","","","","鱼糕今天困了喵",1748697699,"雨诺akari叉出去"
"","","","","鱼糕今天困了喵",1748697688,"为了🦵酱来的喵"
"","","","","鱼糕今天困了喵",1748697619,"吃饱了喵 🦵酱粉满足喵"
"","","","","鱼糕今天困了喵",1748697552,"可以吗可以吗可以吗"
"","","","","鱼糕今天困了喵",1748697526,"轮我啦！（不是喵"
"","","","","鱼糕今天困了喵",1748697483,"真帅吧喵（喜欢喜欢喜欢"
"","","","","鱼糕今天困了喵",1748697432,"算了 今天不欺负你喵"
"","","","","鱼糕今天困了喵",1748697392,"不得不提rogers一天想要$16真的贵喵"
"","","","","鱼糕今天困了喵",1748697342,"长期续卡假装日本人喵"
"","","","","鱼糕今天困了喵",1748697327,"我还有一张日本手机卡喵"
"","","","","鱼糕今天困了喵",1748697288,"全球通喵"
"","","","","鱼糕今天困了喵",1748697285,"一天封顶30块喵"
"","","","","鱼糕今天困了喵",1748697258,"还是手机信号稳定喵"
"","","","","鱼糕今天困了喵",1748697250,"酒店网卡卡 我在用漫游流量看喵"
"","","","","鱼糕今天困了喵",1748697139,"坏了喵 要被摘除器官了喵"
"","","","","鱼糕今天困了喵",1748697123,"[热][热][热][热][热][热][热]"
"","","","","鱼糕今天困了喵",1748696982,"天依！晚上好喵！"
"","","","","鱼糕今天困了喵",1748696954,"我去 这不是我们洛天依吗"
"","","","","鱼糕今天困了喵",1748696837,"哦哟 美女你谁"
"","","","","鱼糕今天困了喵",1748614713,"喵"
"","","","","鱼糕今天困了喵",1748614708,"椅子小姐我喜欢你"
"","","","","鱼糕今天困了喵",1748614504,"咖喱拉面+小甜点嘿嘿嘿 今天看世博走了2万步累到了[doge2]"
"","","","","鱼糕今天困了喵",1748614475,"那很刺激了喵"
"","","","","鱼糕今天困了喵",1748614407,"我回—— 吃完了！"
"","","","","鱼糕今天困了喵",1748612348,"纸包鸡吗 那很香了"
"","","","","鱼糕今天困了喵",1748612309,"好伟大的诺喵"
"","","","","鱼糕今天困了喵",1748612304,"7点好早喵"
"","","","","鱼糕今天困了喵",1748612264,"会有直播回放吗喵 我可能消失一下去夜宵喵"
"","","","","鱼糕今天困了喵",1748612128,"老板糊涂啊"
"","","","","鱼糕今天困了喵",1748612049,"诺多眯[傲娇] 诺要是睡不好当坏小孩我可不来看了喵[doge2]"
"","","","","鱼糕今天困了喵",1748611883,"想看诺吃饭喵"
"","","","","鱼糕今天困了喵",1748611872,"不得不吃了喵"
"","","","","鱼糕今天困了喵",1748611868,"感觉跟诺吃自助餐战斗力会跟着变强喵"
"","","","","鱼糕今天困了喵",1748611754,"那很强大了喵"
"","","","","鱼糕今天困了喵",1748611674,"没事 你不复刻我就强制指定喵"
"","","","","鱼糕今天困了喵",1748611618,"有复刻吗喵"
"","","","","鱼糕今天困了喵",1748611609,"好像那会儿我还没来看喵"
"","","","","鱼糕今天困了喵",1748611547,"什么？雨诺要素颜直播吗喵"
"","","","","鱼糕今天困了喵",1748611439,"懒懒诺喵！发现新品种喵！"
"","","","","鱼糕今天困了喵",1748611161,"主人sama的召唤铃喵 吸引力100%喵"
"","","","","鱼糕今天困了喵",1748610686,"好玩喵"
"","","","","鱼糕今天困了喵",1748610683,"谁家逗猫小孩喵"
"","","","","鱼糕今天困了喵",1748610582,"离家出走了喵"
"","","","","鱼糕今天困了喵",1748610576,"呜呜呜呜呜呜呜呜被抛弃了喵"
"","","","","鱼糕今天困了喵",1748610569,"诺不喜欢我的输入法记住你吗喵"
"","","","","鱼糕今天困了喵",1748610544,"我的输入法提示词第四位是诺喵"
"","","","","鱼糕今天困了喵",1748610462,"变成公众表演了喵"
"","","","","鱼糕今天困了喵",1748610454,"原来我也是你们play的一环喵"
"","","","","鱼糕今天困了喵",1748610390,"下次见到别人第一句话你好喵就要被记住了喵"
"","","","","鱼糕今天困了喵",1748610328,"要… 要变成… 猫娘… 变成宠物了喵"
"","","","","鱼糕今天困了喵",1748610311,"喜欢喵"
"","","","","鱼糕今天困了喵",1748610307,"还有四五天喵"
"","","","","鱼糕今天困了喵",1748610297,"前一个小时不说喵可以加播一小时吗喵"
"","","","","鱼糕今天困了喵",1748610256,"都去哪里了喵"
"","","","","鱼糕今天困了喵",1748610250,"我们的直播间猫娘们呢喵"
"","","","","鱼糕今天困了喵",1748610110,"小软脸多多捏喵"
"","","","","鱼糕今天困了喵",1748610054,"解释不清的主人sama喵"
"","","","","鱼糕今天困了喵",1748609980,"[比心][doge2]"
"","","","","鱼糕今天困了喵",1748609972,"虽然打我也是好的喵"
"","","","","鱼糕今天困了喵",1748609967,"别看她不承认 不做到要打我的喵"
"","","","","鱼糕今天困了喵",1748609937,"我一定要听命令的喵"
"","","","","鱼糕今天困了喵",1748609928,"其实诺是我主人喵 诺指挥我这样做的喵"
"","","","","鱼糕今天困了喵",1748609854,"送点棉花糖来点甜的解救喵"
"","","","","鱼糕今天困了喵",1748609842,"主播不说话是被坏人控制了喵"
"","","","","鱼糕今天困了喵",1748609668,"感谢死盖qaq的捏捏小脸喵"
"","","","","鱼糕今天困了喵",1748609625,"我喵喵的？"
"","","","","鱼糕今天困了喵",1748609612,"？？？"
"","","","","鱼糕今天困了喵",1748483275,"那很古法了"
"","","","","鱼糕今天困了喵",1748443628,"雨诺学学人家喵"
"","","","","鱼糕今天困了喵",1748443613,"最大气的一集喵"
"","","","","鱼糕今天困了喵",1748443585,"原来主播是乳酪吗喵 那看看乳酪的🦵酱喵"
"","","","","鱼糕今天困了喵",1748443347,"没睡着喵 回来一小下喵"
"","","","","鱼糕今天困了喵",1748440743,"有点累 跑了眯了喵"
"","","","","鱼糕今天困了喵",1748440268,"那还得是乳酪好喵"
"","","","","鱼糕今天困了喵",1748440249,"鲨鲨诺喵"
"","","","","鱼糕今天困了喵",1748440228,"好大的诺喵"
"","","","","鱼糕今天困了喵",1748440141,"从某种角度上也是诺喵"
"","","","","鱼糕今天困了喵",1748440125,"这样 你想用皮套的时候 就放自己的照片喵；）"
"","","","","鱼糕今天困了喵",1748440052,"晕了喵"
"","","","","鱼糕今天困了喵",1748440018,"约皮套是不是很贵啊喵"
"","","","","鱼糕今天困了喵",1748439528,"似了喵"
"","","","","鱼糕今天困了喵",1748439521,"吐了喵"
"","","","","鱼糕今天困了喵",1748439504,"？？？？[可怜]"
"","","","","鱼糕今天困了喵",1748439483,"听了不笑的玉玉喵"
"","","","","鱼糕今天困了喵",1748439471,"我也听过了喵"
"","","","","鱼糕今天困了喵",1748439403,"那一天的鱿鱼鱿鱼起来"
"","","","","鱼糕今天困了喵",1748439361,"有的食喵"
"","","","","鱼糕今天困了喵",1748439350,"一半孜然一半微辣喵"
"","","","","鱼糕今天困了喵",1748439299,"乳酪坏喵 烧烤乳酪喵"
"","","","","鱼糕今天困了喵",1748439253,"（没有（不敢的（喵"
"","","","","鱼糕今天困了喵",1748439217,"对的喵 我占领喵"
"","","","","鱼糕今天困了喵",1748439191,"雨露均沾喵"
"","","","","鱼糕今天困了喵",1748439187,"同时在的话就都叉出去喵"
"","","","","鱼糕今天困了喵",1748439161,"有个中译日按钮喵"
"","","","","鱼糕今天困了喵",1748439128,"两头anti喵"
"","","","","鱼糕今天困了喵",1748438892,"想我的风还是吹到了多伦多喵"
"","","","","鱼糕今天困了喵",1748367563,"喵"
"","","","","鱼糕今天困了喵",1748362029,"坏了 有人要被线下真实了"
"","","","","鱼糕今天困了喵",1748360780,"[doge2]"
"","","","","鱼糕今天困了喵",1748360774,"五六年咯"
"","","","","鱼糕今天困了喵",1748360764,"其实初中就开始看咯"
"","","","","鱼糕今天困了喵",1748360746,"111"
"","","","","鱼糕今天困了喵",1748359913,"指挥官特效确实帅"
"","","","","鱼糕今天困了喵",1748359627,"大家晚安喵 跑了喵"
"","","","","鱼糕今天困了喵",1748359577,"好快的下播播报喵"
"","","","","鱼糕今天困了喵",1748359535,"婴儿般的睡眠喵！"
"","","","","鱼糕今天困了喵",1748359486,"弟弟妹妹支持鱼糕哦喵"
"","","","","鱼糕今天困了喵",1748359463,"太对了喵"
"","","","","鱼糕今天困了喵",1748359456,"好玩喵"
"","","","","鱼糕今天困了喵",1748359436,"来个yorushika喵"
"","","","","鱼糕今天困了喵",1748359424,"大家都看到了喵"
"","","","","鱼糕今天困了喵",1748359262,"可以喵"
"","","","","鱼糕今天困了喵",1748358912,"3w是另一个鱼糕喵 不是他吧喵"
"","","","","鱼糕今天困了喵",1748358886,"好歹头像是自己拍的喵"
"","","","","鱼糕今天困了喵",1748358880,"实在不行我就只能提交著作权异议了喵"
"","","","","鱼糕今天困了喵",1748358848,"没事 我私下捞去喵"
"","","","","鱼糕今天困了喵",1748358836,"甚至不知道是谁喵"
"","","","","鱼糕今天困了喵",1748358715,"杀杀杀了喵"
"","","","","鱼糕今天困了喵",1748358711,"不知道喵 拉黑我了喵"
"","","","","鱼糕今天困了喵",1748358199,"为什么 id都变成 鱼糕了喵"
"","","","","鱼糕今天困了喵",1748358173,"这对吗喵"
"","","","","鱼糕今天困了喵",1748358166,"不是？？？"
"","","","","鱼糕今天困了喵",1748358012,"请用喵"
"","","","","鱼糕今天困了喵",1748357958,"你的喵呢喵"
"","","","","鱼糕今天困了喵",1748357785,"绷不住了喵"
"","","","","鱼糕今天困了喵",1748357714,"太强大了喵"
"","","","","鱼糕今天困了喵",1748357471,"好的喵！"
"","","","","鱼糕今天困了喵",1748357459,"赢啦喵！"
"","","","","鱼糕今天困了喵",1748357437,"下面的喵"
"","","","","鱼糕今天困了喵",1748357417,"绿色喵"
"","","","","鱼糕今天困了喵",1748357403,"一个季度太狠了喵"
"","","","","鱼糕今天困了喵",1748357395,"紫色喵"
"","","","","鱼糕今天困了喵",1748357366,"绿色喵"
"","","","","鱼糕今天困了喵",1748357346,"点吧喵"
"","","","","鱼糕今天困了喵",1748357338,"完了喵"
"","","","","鱼糕今天困了喵",1748357337,"会的喵"
"","","","","鱼糕今天困了喵",1748357317,"橙色喵"
"","","","","鱼糕今天困了喵",1748357312,"二战赌上id喵"
"","","","","鱼糕今天困了喵",1748357297,"黄色喵"
"","","","","鱼糕今天困了喵",1748357277,"感谢路过芬达的小鸭子喵"
"","","","","鱼糕今天困了喵",1748357261,"紫色喵"
"","","","","鱼糕今天困了喵",1748357240,"都你先喵"
"","","","","鱼糕今天困了喵",1748357230,"好喵"
"","","","","鱼糕今天困了喵",1748357184,"我的三战呢喵"
"","","","","鱼糕今天困了喵",1748356656,"“明天” “上个舰长” 没毛病嗷"
"","","","","鱼糕今天困了喵",1748356617,"晚上好！"
"","","","","鱼糕今天困了喵",1748356583,"输了b站个性签名你指定文本挂一个月喵"
"","","","","鱼糕今天困了喵",1748356564,"对的喵"
"","","","","鱼糕今天困了喵",1748355863,"厉害喵！"
"","","","","鱼糕今天困了喵",1748355847,"加油喵！！！击败她喵！！！"
"","","","","鱼糕今天困了喵",1748355811,"左下也要思考吗喵"
"","","","","鱼糕今天困了喵",1748355737,"没有喵"
"","","","","鱼糕今天困了喵",1748355693,"伤心了喵"
"","","","","鱼糕今天困了喵",1748355603,"厉害喵"
"","","","","鱼糕今天困了喵",1748355558,"？？？？？？把我id还我喵"
"","","","","鱼糕今天困了喵",1748355470,"完了喵"
"","","","","鱼糕今天困了喵",1748355327,"不水群很舒服了喵"
"","","","","鱼糕今天困了喵",1748355307,"不知道惩罚什么了喵"
"","","","","鱼糕今天困了喵",1748355295,"第三次挑战没有资本了喵"
"","","","","鱼糕今天困了喵",1748355259,"呜呜呜呜呜呜呜呜哇喵"
"","","","","鱼糕今天困了喵",1748355248,"不要看雨诺了喵"
"","","","","鱼糕今天困了喵",1748355225,"你是坏诺喵"
"","","","","鱼诺Akari",1748355153,"？？？？？？？？？完蛋了喵"
"","","","","鱼诺Akari",1748355132,"橙色喵"
"","","","","鱼诺Akari",1748355102,"紫色喵"
"","","","","鱼诺Akari",1748355085,"？？？？？？不对吧喵"
"","","","","鱼诺Akari",1748355066,"深蓝喵"
"","","","","鱼诺Akari",1748355036,"绿色喵"
"","","","","鱼诺Akari",1748355004,"在我id后面挂喵一个月喵"
"","","","","鱼诺Akari",1748354990,"我要二次战斗喵"
"","","","","鱼诺Akari",1748354959,"我不服喵"
"","","","","鱼诺Akari",1748354888,"诺今天又可以出抽象视频了喵"
"","","","","鱼诺Akari",1748354852,"内存挂是这样的喵"
"","","","","鱼诺Akari",1748354816,"喜欢喵"
"","","","","鱼诺Akari",1748354715,"伤心了喵"
"","","","","鱼诺Akari",1748354706,"炸弹答案表关了吧喵"
"","","","","鱼诺Akari",1748354598,"谁家鸭妈妈从窝里掏小鸭子喵"
"","","","","鱼诺Akari",1748354570,"明明是奖励我喵"
"","","","","鱼诺Akari",1748354544,"死盖qaq坏喵"
"","","","","鱼诺Akari",1748354529,"死盖qaq为什么解救雨诺喵"
"","","","","鱼诺Akari",1748354437,"都变成猫娘了喵"
"","","","","鱼诺Akari",1748354427,"丸辣喵"
"","","","","鱼诺Akari",1748354336,"我申请把群名改成诺球球猫窝喵"
"","","","","鱼诺Akari",1748354270,"又多一只猫娘喵"
"","","","","鱼诺Akari",1748354262,"丸辣喵"
"","","","","鱼诺Akari",1748354217,"开了喵！叉出去喵！"
"","","","","鱼诺Akari",1748354170,"一定要唱一遍上北下南吗喵"
"","","","","鱼诺Akari",1748354111,"我不服喵"
"","","","","鱼诺Akari",1748354105,"开了喵 举报封禁十年喵"
"","","","","鱼诺Akari",1748354034,"诺坏喵"
"","","","","鱼诺Akari",1748354029,"一周喵！一周喵！"
"","","","","鱼诺Akari",1748354001,"不如让诺喵喵叫好玩喵"
"","","","","鱼诺Akari",1748353989,"管理又不能禁言群主喵"
"","","","","鱼诺Akari",1748353910,"补兑吧喵"
"","","","","鱼诺Akari",1748353824,"来个人让诺喊喵好吗喵"
"","","","","鱼诺Akari",1748353746,"还真是"
"","","","","鱼诺Akari",1748353710,"我说话一直带喵雨诺也会带喵的喵呜"
"","","","","鱼诺Akari",1748353632,"谢谢雨诺akari喵"
"","","","","鱼诺Akari",1748353625,"？好玩喵"
"","","","","鱼诺Akari",1748353604,"深蓝"
"","","","","鱼诺Akari",1748353573,"浅蓝"
"","","","","鱼诺Akari",1748353562,"还要"
"","","","","鱼诺Akari",1748353555,"好玩"
"","","","","鱼诺Akari",1748353552,"？"
"","","","","鱼诺Akari",1748353534,"浅蓝"
"","","","","鱼诺Akari",1748353493,"唉我好像太善良了"
"","","","","鱼诺Akari",1748353483,"这样 你输了直播带喵两天"
"","","","","鱼诺Akari",1748353446,"好玩[dog]"
"","","","","鱼诺Akari",1748353411,"紫色"
"","","","","鱼诺Akari",1748353389,"我来"
"","","","","鱼诺Akari",1748353386,"111"
"","","","","鱼诺Akari",1748353369,"这回不得不玩了"
"","","","","鱼诺Akari",1748353235,"听得见"
"","","","","鱼诺Akari",1748353172,"5541晚上好"
"","","","","鱼诺Akari",1748352980,"666"
"","","","","鱼诺Akari",1748352852,"群主送我"
"","","","","鱼诺Akari",1748352713,"请神请到死盖QAQ了"
"","","","","鱼诺Akari",1748352466,"见过他几回"
"","","","","鱼诺Akari",1748352453,"他之前来过的"
"","","","","鱼诺Akari",1748352304,"sc"
"","","","","鱼诺Akari",1748352298,"她肯定会打字的"
"","","","","鱼诺Akari",1748352221,"我要看到24:00"
"","","","","鱼诺Akari",1748352203,"禁言加班提督X2回"
"","","","","鱼诺Akari",1748352109,"主包可以在我的指定追加禁言回吗"
"","","","","鱼诺Akari",1748351993,"谢谢你 KOBLS"
"","","","","鱼诺Akari",1748351906,"什么 还有单🦵出镜？"
"","","","","鱼诺Akari",1748351834,"不许你们欺负诺小脸[委屈]"
"","","","","鱼诺Akari",1748351724,"你自己说要夹的嗷 不是我要求的嗷[doge2]"
"","","","","鱼诺Akari",1748351665,"鸭妈妈这一块"
"","","","","鱼诺Akari",1748351526,"Siri随机完大家都听到了"
"","","","","鱼诺Akari",1748351099,"我收点米[dog]"
"","","","","鱼诺Akari",1748351088,"被封禁了你拿我号播"
"","","","","鱼诺Akari",1748351036,"我见到过40的 夸张哦"
"","","","","鱼诺Akari",1748350993,"喜欢诺酱的🦵酱"
"","","","","鱼糕今天困了没",1748350682,"你是？把我主播还我"
"","","","","鱼糕今天困了没",1748350601,"呜呜呜呜呜呜呜呜我的反客为主环节呢"
"","","","","鱼糕今天困了没",1748350552,"“不能禁言主播哦～”"
"","","","","鱼糕今天困了没",1748350541,"试过了 不行（"
"","","","","鱼糕今天困了没",1748350469,"诺你可以进入一下直播间吗"
"","","","","鱼糕今天困了没",1748350380,"闭嘴吗 安静系诺也可以随便欺负咯"
"","","","","鱼糕今天困了没",1748350316,"[傲娇]哼 才没有爽到呢"
"","","","","鱼糕今天困了没",1748350269,"雨诺 可以在乎我一下吗"
"","","","","鱼糕今天困了没",1748350202,"好软的脸[doge2]好好捏哦[doge2]"
"","","","","鱼糕今天困了没",1748350034,"很对的 正确的"
"","","","","鱼糕今天困了没",1748349993,"雨诺我谁"
"","","","","鱼糕今天困了没",1748349629,"这是鱼诺代播的 不认识没问题"
"","","","","鱼糕今天困了没",1748349606,"不到啊"
"","","","","鱼糕今天困了没",1748349569,"看一段时间有互动值也能出来"
"","","","","鱼糕今天困了没",1748349555,"上播前就在的要刷新重新进"
"","","","","鱼糕今天困了没",1748346862,"那很厉害了"
"","","","","鱼糕今天困了没",1748346857,"甚至是老板吗"
"","","","","鱼糕今天困了没",1748275819,"哦哟可爱捏"
"","","","","鱼糕今天困了没",1748275792,"后天不一定来哦 看我什么时候来[dog]"
"","","","","鱼糕今天困了没",1748275635,"中间感觉我要喘不过气了（"
"","","","","鱼糕今天困了没",1748275620,"ztmy的歌学到这样很厉害了"
"","","","","鱼糕今天困了没",1748275567,"往好处想 我后天开始也在日本（"
"","","","","鱼糕今天困了没",1748275490,"在的在的"
"","","","","鱼糕今天困了没",1748275329,"高速+高音"
"","","","","鱼糕今天困了没",1748275317,"别紧张 本身这个组合的歌就难"
"","","","","鱼糕今天困了没",1748275108,"哦？好哦"
"","","","","鱼糕今天困了没",1748267593,"o.0我的一台呢[doge2]"
"","","","","鱼糕今天困了没",1748264971,"就是 放 拍过的 胶卷 的 册子"
"","","","","鱼糕今天困了没",1748264933,"我在整理胶片册子"
"","","","","鱼糕今天困了没",1748237097,"急急急"
"","","","","鱼糕今天困了没",1748237076,"cs吗"
"","","","","鱼糕今天困了没",1748237072,"欢迎yy1"
"","","","","鱼糕今天困了没",1748235715,"拿个外卖"
"","","","","鱼糕今天困了没",1748235530,"下个id见"
"","","","","鱼糕今天困了没",1748235499,"我不介意再封你一次"
"","","","","鱼糕今天困了没",1748235478,"哦哦哦欢迎诺进入直播间～"
"","","","","鱼糕今天困了没",1748235438,"我这边没有"
"","","","","鱼糕今天困了没",1748235423,"答应我刷到提督28好吗"
"","","","","鱼糕今天困了没",1748235409,"欢迎你给我刷点"
"","","","","鱼糕今天困了没",1748235387,"难绷"
"","","","","鱼糕今天困了没",1748235374,"欢迎lylqs"
"","","","","鱼糕今天困了没",1748235246,"还有一个要打pk 第一件礼物乘二"
"","","","","鱼糕今天困了没",1748235190,"上限加倍卡要舰长才能用吧"
"","","","","鱼糕今天困了没",1748235174,"我也不知道"
"","","","","鱼糕今天困了没",1748235152,"你截屏给我看一眼"
"","","","","鱼糕今天困了没",1748235115,"点你干啥"
"","","","","鱼糕今天困了没",1748235057,"没放上来"
"","","","","鱼糕今天困了没",1748234914,"感谢死盖qaq的灯牌"
"","","","","鱼糕今天困了没",1748234590,"seren在干啥"
"","","","","鱼糕今天困了没",1748193934,"好像是银渐层"
"","","","","鱼糕今天困了没",1748193900,"是我一个老师在公司养的猫"
"","","","","鱼糕今天困了没",1748193848,"不听了 过会儿眯了（（"
"","","","","鱼糕今天困了没",1748193714,"没改过"
"","","","","鱼糕今天困了没",1748193707,"哦之前进来我是挂这个牌子的"
"","","","","鱼糕今天困了没",1748193669,"没改过名 逛街呢"
"","","","","鱼糕今天困了没",1748193619,"1"
"","","","","鱼糕今天困了没",1748185882,"这个八宝粥怎么这么坏啊（"
"","","","","鱼糕今天困了没",1748184917,"1542225的各位晚安喵~好梦~"
"","","","","鱼糕今天困了没",1748184834,"指定点怪东西（不是"
"","","","","鱼糕今天困了没",1748184766,"没错！还是我诺鱼糕大王哒！"
"","","","","鱼糕今天困了没",1748184327,"kano sana kaf都行"
"","","","","鱼糕今天困了没",1748184272,"さようなら、花泥棒さん"
"","","","","鱼糕今天困了没",1748184258,"点个再见偷花人吧（"
"","","","","鱼糕今天困了没",1748184190,"呀吼（开心face"
"","","","","鱼糕今天困了没",1748184093,"变身雨诺"
"","","","","鱼糕今天困了没",1748183956,"50/50！（"
"","","","","鱼糕今天困了没",1748183916,"求自行计数"
"","","","","鱼糕今天困了没",1748183906,"计数君阵亡"
"","","","","鱼糕今天困了没",1748183899,"感谢死盖的好多只小鸭子～"
"","","","","鱼糕今天困了没",1748183881,"感谢半饱的单推3个！"
"","","","","鱼糕今天困了没",1748183865,"感谢3w的人气票！"
"","","","","鱼糕今天困了没",1748183858,"感谢死盖的1只小鸭子！"
"","","","","鱼糕今天困了没",1748183817,"感谢3w的人气票～"
"","","","","鱼糕今天困了没",1748183780,"我还在思考"
"","","","","鱼糕今天困了没",1748183770,"没听过gura的翻唱（（（"
"","","","","鱼糕今天困了没",1748183705,"正好50"
"","","","","鱼糕今天困了没",1748183655,"50/50！"
"","","","","鱼糕今天困了没",1748183651,"感谢死盖qaq的两只小鸭子～"
"","","","","鱼糕今天困了没",1748183629,"48/50"
"","","","","鱼糕今天困了没",1748183625,"感谢幽言的7只小鸭子～"
"","","","","鱼糕今天困了没",1748183575,"41/50"
"","","","","鱼糕今天困了没",1748183557,"谢谢为了梦忘了她的10个单推～"
"","","","","鱼糕今天困了没",1748183521,"51/50！"
"","","","","鱼糕今天困了没",1748183515,"谢谢3w的7只小鸭子～"
"","","","","鱼糕今天困了没",1748183488,"44/50～"
"","","","","鱼糕今天困了没",1748183484,"谢谢幽言的单推7个～"
"","","","","鱼糕今天困了没",1748183384,"哇 鸭妈妈"
"","","","","鱼糕今天困了没",1748183343,"水产（splatoon风评被害"
"","","","","鱼糕今天困了没",1748183284,"会有的 会有的"
"","","","","鱼糕今天困了没",1748183241,"51/51！"
"","","","","鱼糕今天困了没",1748183232,"51/（50+1）（更正"
"","","","","鱼糕今天困了没",1748183217,"51/50！"
"","","","","鱼糕今天困了没",1748183160,"草"
"","","","","鱼糕今天困了没",1748183093,"一个草莓蛋糕一只鸭子 但是鸭子用完了哦 现在51/50"
"","","","","鱼糕今天困了没",1748183072,"单推什么的 没送传送门让大家看到很好了"
"","","","","鱼糕今天困了没",1748182967,"我没有要看看yu的意思（"
"","","","","鱼糕今天困了没",1748182957,"夹鞋上吧[doge2]"
"","","","","鱼糕今天困了没",1748182907,"主播可以变身大鹅吗"
"","","","","鱼糕今天困了没",1748182828,"51/50咯"
"","","","","鱼糕今天困了没",1748182824,"感谢小红的小鸭子1只～"
"","","","","鱼糕今天困了没",1748182742,"死盖我喜欢你"
"","","","","鱼糕今天困了没",1748182734,"50/50目标达成！"
"","","","","鱼糕今天困了没",1748182728,"感谢！死盖qaq！的小鸭子21只！"
"","","","","鱼糕今天困了没",1748182685,"我可以要一个有一个没有的吗"
"","","","","鱼糕今天困了没",1748182640,"29/50咯"
"","","","","鱼糕今天困了没",1748182613,"感谢路过芬达的1只鸭鸭～"
"","","","","鱼糕今天困了没",1748182453,"28/50"
"","","","","鱼糕今天困了没",1748182388,"25/50"
"","","","","鱼糕今天困了没",1748182325,"代营业我是专业的"
"","","","","鱼糕今天困了没",1748182305,"只需要一个草莓蛋糕就可以看到鸭鸭咯！"
"","","","","鱼糕今天困了没",1748182292,"还有21个鸭子可以夹哦！"
"","","","","鱼糕今天困了没",1748182174," 50"
"","","","","鱼糕今天困了没",1748182054,"现在29/50"
"","","","","鱼糕今天困了没",1748182024,"看的就是鸭子"
"","","","","鱼糕今天困了没",1748181990,"请诺夹着鸭子拍图好吗（（（"
"","","","","鱼糕今天困了没",1748181920,"没事你夹着 我帮你谢礼物"
"","","","","鱼糕今天困了没",1748181850,"早说有这个玩法我就给你上168个小鸭子"
"","","","","鱼糕今天困了没",1748181777,"anti这块"
"","","","","鱼糕今天困了没",1748181681,"我是雨诺akar|"
"","","","","鱼糕今天困了没",1748181471,"さよなら、死盖qaq泥棒さん"
"","","","","鱼糕今天困了没",1748181367,"15度就是舒适区呐诺哒！"
"","","","","鱼糕今天困了没",1748181351,"11月多是属于鱼糕的天气哒！"
"","","","","鱼糕今天困了没",1748181282,"主要也不了解 随便google的（"
"","","","","鱼糕今天困了没",1748181271,"我看11月多有大活动"
"","","","","鱼糕今天困了没",1748181163,"求加拿大漫展线下真实"
"","","","","鱼糕今天困了没",1748180653,"猫猫超绝最浓缩 根本消不掉"
"","","","","鱼糕今天困了没",1748180624,"去不掉的 去不掉的 建议扔了"
"","","","","鱼糕今天困了没",1748180494,"我请求一个正常点的[doge2]"
"","","","","鱼糕今天困了没",1748180471,"为什么这种事情也能找到共同点啊啊啊啊啊啊"
"","","","","鱼糕今天困了没",1748180415,"如果你家猫尿过床你就不笑了"
"","","","","鱼糕今天困了没",1748180399,"答应我 不要去反向闻好吗"
"","","","","鱼糕今天困了没",1748180321,"死盖我喜欢你"
"","","","","鱼糕今天困了没",1748180226,"曾经下午三瓶果酒晚上考试清醒系98望周知"
"","","","","鱼糕今天困了没",1748180032,"喂点 或者 多说话"
"","","","","鱼糕今天困了没",1748180010,"胖皮卡丘极巨化vmax"
"","","","","鱼糕今天困了没",1748179977,"什么 雨诺是男孩子 那我是女孩子 不是les太好了"
"","","","","鱼糕今天困了没",1748179761,"死盖是sc高僧"
"","","","","鱼糕今天困了没",1748179743,"无敌了"
"","","","","鱼糕今天困了没",1748179698,"没事 这种词直接退回的 不封"
"","","","","鱼糕今天困了没",1748179634,"另外一个没试过"
"","","","","鱼糕今天困了没",1748179622,"lesbian那俩字打不出来"
"","","","","鱼糕今天困了没",1748179517,"一般是发出来了追封"
"","","","","鱼糕今天困了没",1748179507,"没发出去不会被制裁吧"
"","","","","鱼糕今天困了没",1748179403,"不许动！动保！"
"","","","","鱼糕今天困了没",1748179393,"不许骑古拉啊喂"
"","","","","鱼糕今天困了没",1748179208,"主包不要被钓成翘嘴好吗"
"","","","","鱼糕今天困了没",1748179048,"0"
"","","","","鱼糕今天困了没",1748178855,"好牌牌"
"","","","","鱼糕今天困了没",1748178790,"[doge2][doge2]"
"","","","","鱼糕今天困了没",1748178786,"这回有新想法了 不用感谢我"
"","","","","鱼糕今天困了没",1748178748,"还有这种要求的哦"
"","","","","鱼糕今天困了没",1748178739,"草"
"","","","","鱼糕今天困了没",1748178595,"这是鱼糕欺负雨诺直播间 支持的举爪爪"
"","","","","鱼糕今天困了没",1748178509,"咳咳 看看🦵酱 想念了"
"","","","","鱼糕今天困了没",1748178447,"gawr gura"
"","","","","鱼糕今天困了没",1748178319,"哦哦哦哦哦哦天才"
"","","","","鱼糕今天困了没",1748178304,"很神奇了"
"","","","","鱼糕今天困了没",1748178302,"那个是他自己大号的牌牌"
"","","","","鱼糕今天困了没",1748178216,"我不能 挂 自己的"
"","","","","鱼糕今天困了没",1748178204,"为什么 3w 可以 挂自己牌子"
"","","","","鱼糕今天困了没",1748178076,"今天限定挂一下诺球球吧[doge2]"
"","","","","鱼糕今天困了没",1748177854,"上面小布说快申请未成年"
"","","","","鱼糕今天困了没",1748177811,"不敢说这话嗷 上次又被一天了"
"","","","","鱼糕今天困了没",1748177756,"老板糊涂啊"
"","","","","鱼糕今天困了没",1748177600,"诺！晚上好！"
"","","","","鱼糕今天困了没",1748013184,"晚安～"
"","","","","鱼糕今天困了没",1748013086,"可以签水杯小姐吗"
"","","","","鱼糕今天困了没",1748013075,"下次继续"
"","","","","鱼糕今天困了没",1748013064,"神秘sc"
"","","","","鱼糕今天困了没",1748013057,"鱼糕特色"
"","","","","鱼糕今天困了没",1748012468,"鱼糕sama决定赐予你选曲的权力哒！"
"","","","","鱼糕今天困了没",1748011230,"[doge2]"
"","","","","鱼糕今天困了没",1748011071,"h文吗 那很享受了"
"","","","","鱼糕今天困了没",1748009075,"切割了[doge2]"
"","","","","鱼糕今天困了没",1748009068,"我是诺球球吗 我是狐宝[doge2]"
"","","","","鱼糕今天困了没",1748008894,"越描越黑了"
"","","","","鱼糕今天困了没",1748008831,"听起来一样的"
"","","","","鱼糕今天困了没",1748008827,"完全没有区别嗷"
"","","","","鱼糕今天困了没",1748008763,"在？为什么敲平板"
"","","","","鱼糕今天困了没",1748008263,"那很合理了"
"","","","","鱼糕今天困了没",1748008252,"还是math？"
"","","","","鱼糕今天困了没",1748008247,"草 cs/eng吗"
"","","","","鱼糕今天困了没",1748008172,"那个酸汤 我还挺喜欢的（（（"
"","","","","鱼糕今天困了没",1748008161,"为啥啊"
"","","","","鱼糕今天困了没",1748008151,"常见的 很多都有"
"","","","","鱼糕今天困了没",1748008114,"真准吧"
"","","","","鱼糕今天困了没",1748008110,"我超 盒"
"","","","","鱼糕今天困了没",1748008074,"来spadina ave有你好麻辣烫吃"
"","","","","鱼糕今天困了没",1748008062,"pani puri 好像是这么拼的"
"","","","","鱼糕今天困了没",1748008050,"酸甜的 辣辣的 薄荷的 都有"
"","","","","鱼糕今天困了没",1748008040,"加洋葱碎 土豆泥 之类的 加上各种酱"
"","","","","鱼糕今天困了没",1748008024,"印度脆球就是 脆脆的空心球"
"","","","","鱼糕今天困了没",1748007951,"难说"
"","","","","鱼糕今天困了没",1748007884,"也是某种东北雨姐"
"","","","","鱼糕今天困了没",1748007859,"笑死了昨天有人这么喊的"
"","","","","鱼糕今天困了没",1748007766,"快进到打分79 没A-"
"","","","","鱼糕今天困了没",1748007733,"快乐的雨姐"
"","","","","鱼糕今天困了没",1748007691,"uwaterloo"
"","","","","鱼糕今天困了没",1748007667,"fine arts studio practice"
"","","","","鱼糕今天困了没",1748007657,"都是creative project作业 然后主观打分+签到"
"","","","","鱼糕今天困了没",1748007634,"还要转一次Vancouver yvr"
"","","","","鱼糕今天困了没",1748007615,"我得学印刷制版和陶艺"
"","","","","鱼糕今天困了没",1748007604,"你知道吗我们学校好多课不开"
"","","","","鱼糕今天困了没",1748007594,"很阴间了"
"","","","","鱼糕今天困了没",1748007590,"8/27 香港转机 29号凌晨1:00到yyz"
"","","","","鱼糕今天困了没",1748007554,"话说我回来做牢的日子定了"
"","","","","鱼糕今天困了没",1748007533,"楽"
"","","","","鱼糕今天困了没",1748007462,"老板糊涂啊"
"","","","","鱼糕今天困了没",1748007444,"气氛到这边了 那…"
"","","","","鱼糕今天困了没",1748007331,"哦哟好多舰长"
"","","","","鱼糕今天困了没",1748007288,"乡镇吗 你那个地方都算大城市区[傲娇]"
"","","","","鱼糕今天困了没",1748006138,"3w多眯"
"","","","","鱼糕今天困了没",1748006106,"海运久吧 空运可能一周多两周 算上清关之类的"
"","","","","鱼糕今天困了没",1748006048,"拳诺酱一拳（"
"","","","","鱼糕今天困了没",1748005778,"这是送给诺酱的 不是给水杯小姐的哦[花]"
"","","","","鱼糕今天困了没",1747926032,"有的有的 我发你"
"","","","","鱼糕今天困了没",1747926018,"没错！还是我哒！"
"","","","","鱼糕今天困了没",1747925831,"yeah"
"","","","","鱼糕今天困了没",1747925775,"クリームで会いに行けますか"
"","","","","鱼糕今天困了没",1747925763,"ztmy新歌听了吗"
"","","","","鱼糕今天困了没",1747925687,"[dog][dog][dog]"
"","","","","鱼糕今天困了没",1747925679,"你可以要求加加加"
"","","","","鱼糕今天困了没",1747925578,"我的ztmy呢[可怜]"
"","","","","鱼糕今天困了没",1747925228,"点哪首歌你选"
"","","","","鱼糕今天困了没",1747925220,"点个ztmy[dog]"
"","","","","鱼糕今天困了没",1747923396,"我们加拿大留学生不吃发芽土豆 请邮寄至英国"
"","","","","鱼糕今天困了没",1747923149,"为我花生啊"
"","","","","鱼糕今天困了没",1747923130,"震惊 雨诺竟喂舰长发芽土豆意图堵嘴！"
"","","","","鱼糕今天困了没",1747922965,"我说的 请拿土豆噎住我 否则我要为我花生！！！"
"","","","","鱼糕今天困了没",1747922819,"哇 菜花土豆"
"","","","","鱼糕今天困了没",1747922317," 笑死了这回刻板印象了我也学艺术的"
"","","","","鱼糕今天困了没",1747921053,"兄弟 你好香"
"","","","","鱼糕今天困了没",1747920754,"000"
"","","","","鱼糕今天困了没",1747920645,"0"
"","","","","鱼糕今天困了没",1747920523,"你知道我躲避违禁词有多难吗"
"","","","","鱼糕今天困了没",1747919759,"羞涩吗 取关了（"
"","","","","鱼糕今天困了没",1747894919,"X[doge2]"
"","","","","鱼糕今天困了没",1747894142,"二刷省时间"
"","","","","鱼糕今天困了没",1747894132,"不对 因为我开9999了"
"","","","","鱼糕今天困了没",1747893860,"感谢Vida的粉丝团灯牌~"
"","","","","鱼糕今天困了没",1747893813,"你跟seren一桌好吗（"
"","","","","鱼糕今天困了没",1747893801,"。"
"","","","","鱼糕今天困了没",1747893773,"喜欢叫"
"","","","","鱼糕今天困了没",1747893709,"heybro叉出去"
"","","","","鱼糕今天困了没",1747893706,"欢迎vida进入直播间"
"","","","","鱼糕今天困了没",1747893680,"你玩尼姆的"
"","","","","鱼糕今天困了没",1747893655,"密码的再念啦嗨"
"","","","","鱼糕今天困了没",1747893516,"666"
"","","","","鱼糕今天困了没",1747893503,"投喂一下 或者发言10条 就恢复"
"","","","","鱼糕今天困了没",1747893456,"persona是这样的"
"","","","","鱼糕今天困了没",1747893450,"没打完这章不能保存"
"","","","","鱼糕今天困了没",1747893396,"并非活人"
"","","","","鱼糕今天困了没",1747839102,"さ！始めましょう！このマスクレートを！"
"","","","","鱼糕今天困了没",1747838640,"这对吗 这不对吧"
"","","","","鱼糕今天困了没",1747838635,"[可怜]"
"","","","","鱼糕今天困了没",1747838305,"11111"
"","","","","鱼糕今天困了没",1747838301,"死盖说得好"
"","","","","鱼糕今天困了没",1747838155,"怎么还有花"
"","","","","鱼糕今天困了没",1747838147,"草"
"","","","","鱼糕今天困了没",1747838129,"主角呢主角呢主角呢"
"","","","","鱼糕今天困了没",1747838086,"是我吗？是我吧 是的吧"
"","","","","鱼糕今天困了没",1747837460,"诺的直播间我的我的我的"
"","","","","鱼糕今天困了没",1747837444,"把雨诺直播间买下专营权"
"","","","","鱼糕今天困了没",1747837219,"炖肉启动"
"","","","","鱼糕今天困了没",1747837213,"乳酪肉吗 好吃吗"
"","","","","鱼糕今天困了没",1747837118,"雨诺叉出去 鱼糕开播"
"","","","","鱼糕今天困了没",1747837062,"说乳酪路边一条？叉出去！叉出去！"
"","","","","鱼糕今天困了没",1747837042,"傲娇退环境早着呢"
"","","","","鱼糕今天困了没",1747836814,"（对不起（没有的（不会的"
"","","","","鱼糕今天困了没",1747836801,"那我真去咯～"
"","","","","鱼糕今天困了没",1747836664,"那不会的 我是好糕"
"","","","","鱼糕今天困了没",1747835717,"可以看别人录的剧情纯享版"
"","","","","鱼糕今天困了没",1747835628,"感觉完全可以再玩一次"
"","","","","鱼糕今天困了没",1747835607,"其实x不如再玩一遍r"
"","","","","鱼糕今天困了没",1747835514,"正在玩p5x 想念怪盗团了"
"","","","","鱼糕今天困了没",1747835353,"丸喜没什么作用+卡coop 设定上有点明显"
"","","","","鱼糕今天困了没",1747835265,"你是丸喜捏造的 愿望的产物 而我 选择拒绝你的现实"
"","","","","鱼糕今天困了没",1747835186,"你是？霞？你真的是霞吗？"
"","","","","鱼糕今天困了没",1747797808,"之前就36了呀"
"","","","","鱼糕今天困了没",1747797754,"早[dog]"
"","","","","鱼糕今天困了没",1747759322,"晚安～"
"","","","","鱼糕今天困了没",1747753330,"唱见榜是另外的榜吧"
"","","","","鱼糕今天困了没",1747752999,"想去台湾玩玩"
"","","","","鱼糕今天困了没",1747752828,"？"
"","","","","鱼糕今天困了没",1747752678,"我也想当"
"","","","","鱼糕今天困了没",1747752640,"坏了 就我最穷"
"","","","","鱼糕今天困了没",1747752393,"整这高"
"","","","","鱼糕今天困了没",1747752320,"：“点歌 歌名”"
"","","","","鱼糕今天困了没",1747751383,"可以的喔 我也是paypal[dog]"
"","","","","鱼糕今天困了没",1747751055,"一天只需要加倍一次可以一直送"
"","","","","鱼糕今天困了没",1747751035,"24小时有效嗷"
"","","","","鱼糕今天困了没",1747751018,"我还有20张"
"","","","","鱼糕今天困了没",1747751008,"有的吧"
"","","","","鱼糕今天困了没",1747750884,"那谁不在 可以打？"
"","","","","鱼糕今天困了没",1747748364,"呜呜呜"
"","","","","鱼糕今天困了没",1747748362,"犯错误了 要被电棍打了"
"","","","","鱼糕今天困了没",1747748354,"对不起对不起对不起对不起"
"","","","","鱼糕今天困了没",1747747894,"教我"
"","","","","鱼糕今天困了没",1747747829,"主要是太逆天的我估计发不出来"
"","","","","鱼糕今天困了没",1747747718,"再封我换号嗷"
"","","","","鱼糕今天困了没",1747747703,"我还敢"
"","","","","鱼糕今天困了没",1747747700,"我宣布我复活了"
"","","","","鱼糕今天困了没",1747746310,"我相信提督大人说的是对的"
"","","","","鱼糕今天困了没",1747746273,"666主播居然攻击舰长 寒心（"
"","","","","鱼糕今天困了没",1747745665,"诺！！嗷呜！"
"","","","","鱼糕今天困了没",1747584729,"午休办公室没人？"
"","","","","鱼糕今天困了没",1747584709,"666"
"","","","","鱼糕今天困了没",1747583035,"-1主播可以倒立吗（（"
"","","","","鱼糕今天困了没",1747583014,"-1"
"","","","","鱼糕今天困了没",1747582726,"主播没有199我狂炫20块原味鸡续可乐"
"","","","","鱼糕今天困了没",1747582629,"我证明主播比我高三个头 起码199了"
"","","","","鱼糕今天困了没",1747489785,"好大一只诺"
"","","","","鱼糕今天困了没",1747487253,"老板糊涂啊（meiyou"
"","","","","鱼糕今天困了没",1747486383,"[dog][dog][dog][dog]（才没有呢"
"","","","","鱼糕今天困了没",1747486377,"塞尔诺认识"
"","","","","鱼糕今天困了没",1747486370,"感觉雨诺不熟"
"","","","","鱼糕今天困了没",1747486329,"真可爱吧诺"
"","","","","鱼糕今天困了没",1747486321,"就得是经典原皮[dog]"
"","","","","鱼糕今天困了没",1747411740,"困困 眯眯 喵呜"
"","","","","鱼糕今天困了没",1747411682,"就喜欢搞点绿色的"
"","","","","鱼糕今天困了没",1747411673,"绿色不是颜色吗"
"","","","","鱼糕今天困了没",1747411297,"笑死了 被他室友狠狠吐槽"
"","","","","鱼糕今天困了没",1747411285,"宿舍住我隔壁那个哥们 晚上 青轴高速音游"
"","","","","鱼糕今天困了没",1747410933,"一起做学园偶像（雾"
"","","","","鱼糕今天困了没",1747410878,"纯路人嗷"
"","","","","鱼糕今天困了没",1747410868,"诶你谁啊 怎么不认识你 为什么在我列表里"
"","","","","鱼糕今天困了没",1747409985,"喵嗷呜"
"","","","","鱼糕今天困了没",1747409977,"喵喵喵喵"
"","","","","鱼糕今天困了没",1747331134,"我先跑了 实在太卡了 修网去"
"","","","","鱼糕今天困了没",1747331086,"诶我好像是被你私信捞过来的"
"","","","","鱼糕今天困了没",1747331011,"你看得到我很正常"
"","","","","鱼糕今天困了没",1747331005,"嗯 因为我的活动时间正好是你的晚上-早上"
"","","","","鱼糕今天困了没",1747330943,"下午三点开睡我最多晚上9点半"
"","","","","鱼糕今天困了没",1747330922,"确实比我能睡"
"","","","","鱼糕今天困了没",1747330866,"想当年合唱团的呢"
"","","","","鱼糕今天困了没",1747330849,"有的歌唱不了了"
"","","","","鱼糕今天困了没",1747330841,"疫情影响真挺大的 我感觉气不如以前了"
"","","","","鱼糕今天困了没",1747330806,"捕捉夜猫子"
"","","","","鱼糕今天困了没",1747330730,"我刚刚出去试了个视频也卡"
"","","","","鱼糕今天困了没",1747330721,"不是你直播间卡"
"","","","","鱼糕今天困了没",1747330703,"别的都不卡"
"","","","","鱼糕今天困了没",1747330698,"只有看b站缓冲"
"","","","","鱼糕今天困了没",1747330692,"不是 我一直在缓冲"
"","","","","鱼糕今天困了没",1747330670,"是我的网不好吗 还是"
"","","","","鱼糕今天困了没",1747330439,"这个剧情"
"","","","","鱼糕今天困了没",1747330432,"哈哈哈哈哈哈哈哈哈哈"
"","","","","鱼糕今天困了没",1747330223,"气的不是我"
"","","","","鱼糕今天困了没",1747330214,"我现在直接 嘻嘻嘻 哈哈哈 嗯嗯嗯"
"","","","","鱼糕今天困了没",1747330207,"以前我还骂两句"
"","","","","鱼糕今天困了没",1747330166,"我都憋不住笑了"
"","","","","鱼糕今天困了没",1747330157,"我打28/5都被倒一骂过的"
"","","","","鱼糕今天困了没",1747330136,"这种人是这样的 越菜越觉得自己能打"
"","","","","鱼糕今天困了没",1747330044,"你困了就下 明天还上班呢"
"","","","","鱼糕今天困了没",1747329921,"一般80个人在线"
"","","","","鱼糕今天困了没",1747329897,"我可坏了 我不说话上个舰让她猜[dog]"
"","","","","鱼糕今天困了没",1747329793,"改过id了 没有相似度 所以认不出来（"
"","","","","鱼糕今天困了没",1747329731,"那个人是我"
"","","","","鱼糕今天困了没",1747329725,"所以我后来说我看了好几年他们才反应过来那"
"","","","","鱼糕今天困了没",1747329707,"对对 那会儿没送过礼物 后来改过一次id"
"","","","","鱼糕今天困了没",1747329666,"哦这个历史可久远了 我初中就在看了"
"","","","","鱼糕今天困了没",1747329657,"唱见"
"","","","","鱼糕今天困了没",1747329623,"进去就会 哦哟 大牌子"
"","","","","鱼糕今天困了没",1747329611,"对的 小部分不开这个功能"
"","","","","鱼糕今天困了没",1747329558,"我自己播游戏被朋友送盲盒了都不知道"
"","","","","鱼糕今天困了没",1747329539,"打游戏不一定顾得过来弹幕"
"","","","","鱼糕今天困了没",1747329443,"我逛街都是关牌子隐身[dog]"
"","","","","鱼糕今天困了没",1747329427,"一般说话上灯牌都会有回复的"
"","","","","鱼糕今天困了没",1747329345,"习惯咯 我私信早炸了[dog][dog][dog]"
"","","","","鱼糕今天困了没",1747329277,"没事 本来也是逛街"
"","","","","鱼糕今天困了没",1747329197,"我秒退"
"","","","","鱼糕今天困了没",1747329190,"还有一个人跟舰长对骂"
"","","","","鱼糕今天困了没",1747329182,"去过几次 两个人追着我问我打不打瓦"
"","","","","鱼糕今天困了没",1747329147,"哦哟你们二厅是真吵"
"","","","","鱼糕今天困了没",1747329130,"厅里面还行 只要不是太吵我都还好"
"","","","","鱼糕今天困了没",1747329012,"虽然早上会变成调休（"
"","","","","鱼糕今天困了没",1747328996,"我是 时间小偷[doge2]"
"","","","","鱼糕今天困了没",1747328905,"猜的好准 就是这么回事"
"","","","","鱼糕今天困了没",1747328851,"设定上就是个猫猫"
"","","","","鱼糕今天困了没",1747328843,"我这个id前身是橘猫"
"","","","","鱼糕今天困了没",1747328801,"目前生物钟2-10"
"","","","","鱼糕今天困了没",1747328794,"睡不着喵"
"","","","","鱼糕今天困了没",1747328784,"喵呜"
"","","","","鱼糕今天困了没",1747328646,"我也羡慕[dog]"
"","","","","鱼糕今天困了没",1747328621,"新的5位起步"
"","","","","鱼糕今天困了没",1747328609,"那种得长焦"
"","","","","鱼糕今天困了没",1747328568,"纯是贵在机子和镜头上了"
"","","","","鱼糕今天困了没",1747328553,"我的桌面设备意外的简陋 只有500块"
"","","","","鱼糕今天困了没",1747328536,"算是 便宜的也能用 就是有些功能要手搓"
"","","","","鱼糕今天困了没",1747328451,"我这是攒的压岁钱的嗷"
"","","","","鱼糕今天困了没",1747328435,"他天天换（"
"","","","","鱼糕今天困了没",1747328426,"我是穷哥们 我朋友8w了（（（"
"","","","","鱼糕今天困了没",1747328394,"改天给你展示一下"
"","","","","鱼糕今天困了没",1747328381,"完整起码翻倍啊"
"","","","","鱼糕今天困了没",1747328373,"我那套不完整的 设备 3w这样"
"","","","","鱼糕今天困了没",1747328337,"[doge2][doge2]"
"","","","","鱼糕今天困了没",1747328305,"我们镜头和设备 4000起步"
"","","","","鱼糕今天困了没",1747328266,"又菜又爱玩 又想购入新玩意"
"","","","","鱼糕今天困了没",1747328241,"每次拍不出东西 总不能怪设备不行"
"","","","","鱼糕今天困了没",1747328231,"话是这么说"
"","","","","鱼糕今天困了没",1747328195,"算了算后面几个月感觉需要点资金注入（"
"","","","","鱼糕今天困了没",1747328164,"做一半"
"","","","","鱼糕今天困了没",1747328154,"我也 想上班（"
"","","","","鱼糕今天困了没",1747327967,"你们那个任务确实有点高的"
"","","","","鱼糕今天困了没",1747327938,"没拉着人？"
"","","","","鱼糕今天困了没",1747327862,"没 我倒是才躺床上一会儿"
"","","","","鱼糕今天困了没",1747327793,"（"
"","","","","鱼糕今天困了没",1747327790,"我来领罪"
"","","","","鱼糕今天困了没",1747319246,"诺 三个舰长可以三个举牌吗 我准备一下（（"
"","","","","鱼糕今天困了没",1747319111,"乖小诺好 小诺可以播播"
"","","","","鱼糕今天困了没",1747319091,"嘿嘿嘿 *流口水"
"","","","","鱼糕今天困了没",1747318951,"我跪一个 好吗"
"","","","","鱼糕今天困了没",1747318511,"为什么死盖用水友的牌子"
"","","","","鱼糕今天困了没",1747318293,"感谢死盖QAQ的138SC 老板大气 祝老板永远活着 永远不死"
"","","","","鱼糕今天困了没",1747318087,"诺鱼糕哦"
"","","","","鱼糕今天困了没",1747318084,"关注投喂灯牌可以拿到我的牌牌"
"","","","","鱼糕今天困了没",1747318073,"大家好这里是二台鱼糕今天困了没"
"","","","","鱼糕今天困了没",1747318063,"大王一定要是雨诺akari"
"","","","","鱼糕今天困了没",1747316988,"那身体很强劲了"
"","","","","鱼糕今天困了没",1747316925,"b站好多up当时优酷土豆过来的"
"","","","","鱼糕今天困了没",1747316511,"这就是你鱼糕啊 鱼鱼又糕糕"
"","","","","鱼糕今天困了没",1747316497,"我干的 我举手"
"","","","","鱼糕今天困了没",1747316352,"111 q"
"","","","","鱼糕今天困了没",1747316315,"不谢"
"","","","","鱼糕今天困了没",1747316305,"BV1KZLXzEEm2"
"","","","","鱼糕今天困了没",1747316265,"蹲芳魂"
"","","","","鱼糕今天困了没",1747316236,"纯路人 第一天进来 粉了"
"","","","","鱼糕今天困了没",1747316168,"0.7"
"","","","","鱼糕今天困了没",1747316081,"crocodilo bombrola"
"","","","","鱼糕今天困了没",1747316070,"天雷滚滚我好怕怕 tralarero tralala 劈的我浑身掉渣渣 "
"","","","","鱼糕今天困了没",1747316020,"建议播放实战打出耄耋a梦"
"","","","","鱼糕今天困了没",1747316007,"但是虎纹章鱼不是主打这个的吧（"
"","","","","鱼糕今天困了没",1747315981,"虎纹章鱼吗 那很好了"
"","","","","鱼糕今天困了没",1747315964,"啊啊啊啊啊啊啊啊宝宝你是一个香香甜甜咸咸鲜鲜软软糯糯"
"","","","","鱼糕今天困了没",1747315924,"吓哭了"
"","","","","鱼糕今天困了没",1747315681,"我要厂家直发"
"","","","","鱼糕今天困了没",1747315674,"求厂商地址"
"","","","","鱼糕今天困了没",1747315604,"说 这把是不是你打的有问题？"
"","","","","鱼糕今天困了没",1747315585,"棍子是电棍来的"
"","","","","鱼糕今天困了没",1747315472,"这个大王怎么这么坏啊 抽烟喝酒烫头（（（"
"","","","","鱼糕今天困了没",1747315328,"手指什么的 不重要"
"","","","","鱼糕今天困了没",1747315311,"我为了点赞 把手指焊在了K键上"
"","","","","鱼糕今天困了没",1747314080,"主包骂我一下好吗（"
"","","","","鱼糕今天困了没",1747314075,"我是主动的 呜呜呜呜呜呜呜呜"
"","","","","鱼糕今天困了没",1747314064,"主包还把舰长关在笼子里接电不给饭吃 呜呜呜呜呜呜呜呜哇"
"","","","","鱼糕今天困了没",1747314003,"主打一个自觉"
"","","","","鱼糕今天困了没",1747313997,"想必老板是主动被主包80的"
"","","","","鱼糕今天困了没",1747313906,"对不起对不起对不起对不起对不起（"
"","","","","鱼糕今天困了没",1747313422,"alien intelligence"
"","","","","鱼糕今天困了没",1747313410,"主播是ai"
"","","","","鱼糕今天困了没",1747313323,"禁了 俩小时"
"","","","","鱼糕今天困了没",1747313212,"诺主任今天收学生手机了没"
"","","","","鱼糕今天困了没",1747276397,"蓝莓的"
"","","","","鱼糕今天困了没",1747276377,"原来还有榛果巧克力酱但是吃完了"
"","","","","鱼糕今天困了没",1747276367,"好吃 但是今天鸡蛋是煮蛋 所以是涂果酱的"
"","","","","鱼糕今天困了没",1747276323,"果酱（"
"","","","","鱼糕今天困了没",1747276318,"面包（"
"","","","","鱼糕今天困了没",1747276275,"饭饭 才起"
"","","","","鱼糕今天困了没",1747235702,"好厉害"
"","","","","鱼糕今天困了没",1747235628,"晚上好！"
"","","","","鱼糕今天困了没",1747235624,"oi！"
"","","","","鱼糕今天困了没",1747234916,"到30张有抽奖环节"
"","","","","鱼糕今天困了没",1747234906,"一碰+1张 一张幸运牌+1"
"","","","","鱼糕今天困了没",1747234719,"过程错误 结果正确"
"","","","","鱼糕今天困了没",1747234655,"5"
"","","","","鱼糕今天困了没",1747234633,"哦吼那很好咯（"
"","","","","鱼糕今天困了没",1747234536,"补兑（"
"","","","","鱼糕今天困了没",1747234503,"wwwwwwwwww"
"","","","","鱼糕今天困了没",1747234454,"就抽过一次"
"","","","","鱼糕今天困了没",1747234451,"不记得了"
"","","","","鱼糕今天困了没",1747234443,"提督版好像是两口？"
"","","","","鱼糕今天困了没",1747234434,"紫色 4次"
"","","","","鱼糕今天困了没",1747234281,"16张两口奶玩家大加强"
"","","","","鱼糕今天困了没",1747234255,"几个盲盒一次来着"
"","","","","鱼糕今天困了没",1747234160,"没事 想不起来挺好"
"","","","","鱼糕今天困了没",1747234086,"狗酱今天战绩如何了"
"","","","","鱼糕今天困了没",1747232620,"补兑！"
"","","","","鱼糕今天困了没",1747232596,"甚至有广播吗"
"","","","","鱼糕今天困了没",1747232471,"烧的Cali"
"","","","","鱼糕今天困了没",1747232285,"神人把泡面扔微波炉30分钟"
"","","","","鱼糕今天困了没",1747232150,"1400？那真抢钱了"
"","","","","鱼糕今天困了没",1747232126,"做完饭再取下来"
"","","","","鱼糕今天困了没",1747232119,"直接弄个塑料罩子把烟感罩上"
"","","","","鱼糕今天困了没",1747231529,"开了"
"","","","","鱼糕今天困了没",1747231522,"哟 这么整齐"
"","","","","鱼糕今天困了没",1747231473,"晚上好~"
"","","","","鱼糕今天困了没",1747231274,"羡慕发质"
"","","","","鱼糕今天困了没",1747230631,"24小时吧 挺好"
"","","","","鱼糕今天困了没",1747230527,"诶雨诺两个字有日语读法吗（"
"","","","","鱼糕今天困了没",1747230499,"目的达成"
"","","","","鱼糕今天困了没",1747230496,"那很对了"
"","","","","鱼糕今天困了没",1747230361,"我支持"
"","","","","鱼糕今天困了没",1747230359,"加的好"
"","","","","鱼糕今天困了没",1747229664,"被我抓到咯"
"","","","","鱼糕今天困了没",1747229660,"有人刚刚偷偷进入我的直播间"
"","","","","鱼糕今天困了没",1747229513,"不卡"
"","","","","鱼糕今天困了没",1747229344,"是雨诺的诺"
"","","","","鱼糕今天困了没",1747229284,"真的是诺鱼糕"
"","","","","鱼糕今天困了没",1747229280,"你喂个灯牌给我就知道了"
"","","","","鱼糕今天困了没",1747229205,"我想带诺鱼糕来着"
"","","","","鱼糕今天困了没",1747229198,"自己不能自己牌子吧"
"","","","","鱼糕今天困了没",1747229112,"想必是两个直播间同时看（"
"","","","","鱼糕今天困了没",1747229100,"[dog][dog][dog][dog][dog]"
"","","","","鱼糕今天困了没",1747229097,"我持保留意见"
"","","","","鱼糕今天困了没",1747228937,"[dog]"
"","","","","鱼糕今天困了没",1747228934,"我错哪儿了？我没错！这就不是我！"
"","","","","鱼糕今天困了没",1747228856,"我错啦（"
"","","","","鱼糕今天困了没",1747228850,"呜呜呜呜呜呜呜"
"","","","","鱼糕今天困了没",1747228844,"不要啊！"
"","","","","鱼糕今天困了没",1747228829,"只能在这边play了（"
"","","","","鱼糕今天困了没",1747228820,"不行 那边不给换牌（"
"","","","","鱼糕今天困了没",1747228774,"就喜欢换牌play"
"","","","","鱼糕今天困了没",1747228753,"唉 什么别人的牌牌 只是另一个头上号了"
"","","","","鱼糕今天困了没",1747228648,"不要的眼镜可以送我助我化身小诺吗"
"","","","","鱼糕今天困了没",1747228444,"只有加"
"","","","","鱼糕今天困了没",1747228439,"懂了 只送携手同行"
"","","","","鱼糕今天困了没",1747228390,"奖池还在累加！"
"","","","","鱼糕今天困了没",1747228369,"一次性的 最后播了7小时有人心善解救下播的"
"","","","","鱼糕今天困了没",1747228310,"（"
"","","","","鱼糕今天困了没",1747228305,"有人被我迫害过加17小时"
"","","","","鱼糕今天困了没",1747228273,"没事 你这个 算少的"
"","","","","鱼糕今天困了没",1747228239,"很对"
"","","","","鱼糕今天困了没",1747228238,"啊对的对的"
"","","","","鱼糕今天困了没",1747228223,"我会送你到达24小时的彼岸"
"","","","","鱼糕今天困了没",1747228208,"[dog][dog]"
"","","","","鱼糕今天困了没",1747228203,"建议最高8小时"
"","","","","鱼糕今天困了没",1747228182,"未成年退款！"
"","","","","鱼糕今天困了没",1747228154,"出现了 诺牌存钱罐"
"","","","","鱼糕今天困了没",1747228136,"为什么都是加一减一"
"","","","","鱼糕今天困了没",1747228125,"？"
"","","","","鱼糕今天困了没",1747228075,"本体呢 本体呢 本体呢 本体呢"
"","","","","鱼糕今天困了没",1747227971,"不懂就问 +2是+2天吗"
"","","","","鱼糕今天困了没",1747227676,"操作逻辑改掉了"
"","","","","鱼糕今天困了没",1747227667,"尤其是pr"
"","","","","鱼糕今天困了没",1747227656,"adobe2025那些个界面改的我快不认识了"
"","","","","鱼糕今天困了没",1747227590,"lr是好东西 lr调色盘比ps直接一点"
"","","","","鱼糕今天困了没",1747227538,"羡慕诺的发量"
"","","","","鱼糕今天困了没",1747227476,"诺用什么软件修图"
"","","","","鱼糕今天困了没",1747227414,"我只有上课做笔记写作业 才平板"
"","","","","鱼糕今天困了没",1747227326,"腿太长了被桌子卡住了动不了的（"
"","","","","鱼糕今天困了没",1747156443,"晚安～"
"","","","","鱼糕今天困了没",1747156181,"团团！"
"","","","","鱼糕今天困了没",1747156052,"apple u 相信要一个有的嘛"
"","","","","鱼糕今天困了没",1747155998,"狗酱这不得狠狠抽一雪前耻"
"","","","","鱼糕今天困了没",1747155838,"因为我拿到了"
"","","","","鱼糕今天困了没",1747155833,"之前的寄了的"
"","","","","鱼糕今天困了没",1747155540,"我想起了一件趣事"
"","","","","鱼糕今天困了没",1747155457,"明天不是龟龟牌吗也打全站人气？"
"","","","","鱼糕今天困了没",1747155398,"别喊我v50就行"
"","","","","鱼糕今天困了没",1747155364,"有的时候 找不到 也挺好的（是吧是吧"
"","","","","鱼糕今天困了没",1747155351,"hhhhhhhhhhh"
"","","","","鱼糕今天困了没",1747155327,"没手打字（"
"","","","","鱼糕今天困了没",1747155324,"我在吃甜甜圈（"
"","","","","鱼糕今天困了没",1747154928,"电脑直接点右下角大航海 舰长权益>"
"","","","","鱼糕今天困了没",1747154802,"点那个天数 会看到数据统计页面"
"","","","","鱼糕今天困了没",1747154701,"ios可以点前往续费 - 已航行xxx天 也能看到"
"","","","","鱼糕今天困了没",1747154624,"那不好说 他有的时候在直播间的"
"","","","","鱼糕今天困了没",1747154501,"106h确实有点不对劲了"
"","","","","鱼糕今天困了没",1747154446,"[doge2][doge2][doge2]"
"","","","","鱼糕今天困了没",1747154434,"我宣布我自封个4100h"
"","","","","鱼糕今天困了没",1747154413,"不忘初心了属于是"
"","","","","鱼糕今天困了没",1747154401,"。"
"","","","","鱼糕今天困了没",1747154396,"不得不提几年前看的时候也是这个号"
"","","","","鱼糕今天困了没",1747154382,"我光在学校就经常挂机（"
"","","","","鱼糕今天困了没",1747154361,"不应该啊"
"","","","","鱼糕今天困了没",1747154353,"为什么我才106h"
"","","","","鱼糕今天困了没",1747154220,"ios"
"","","","","鱼糕今天困了没",1747154192,"是因为我没更新吗我点不出来"
"","","","","鱼糕今天困了没",1747153921,"哇还有trans"
"","","","","鱼糕今天困了没",1747153895,"数据"
"","","","","鱼糕今天困了没",1747153892,"在哪里看"
"","","","","鱼糕今天困了没",1747153869,"我申诉 我最近合格了"
"","","","","鱼糕今天困了没",1747153677,"号呢"
"","","","","鱼糕今天困了没",1747153662,"我记得你以前不是一直用不过是恩狗罢了i吗"
"","","","","鱼糕今天困了没",1747153623,"那确实 没得喷"
"","","","","鱼糕今天困了没",1747153609,"…666"
"","","","","鱼糕今天困了没",1747153586,"所以你怎么注册的"
"","","","","鱼糕今天困了没",1747153573,"逮人 爽"
"","","","","鱼糕今天困了没",1747153539,"[傲娇]"
"","","","","鱼糕今天困了没",1747153466,"没人冒泡"
"","","","","鱼糕今天困了没",1747153458,"其实人数还行"
"","","","","鱼糕今天困了没",1747153420,"[可怜]"
"","","","","鱼糕今天困了没",1747153210,"豪得"
"","","","","鱼糕今天困了没",1747153117,"抢不到就躺家里"
"","","","","鱼糕今天困了没",1747153071,"我相信你的人脉[dog]"
"","","","","鱼糕今天困了没",1747153022,"送我一张"
"","","","","鱼糕今天困了没",1747152991,"看看抢不抢的到吧"
"","","","","鱼糕今天困了没",1747152836,"快了 对的"
"","","","","鱼糕今天困了没",1747152758,"无敌"
"","","","","鱼糕今天困了没",1747152602,"b站特色不得不品"
"","","","","鱼糕今天困了没",1747152538,"拿到了的"
"","","","","鱼糕今天困了没",1747152447,"哼 不要（傲娇face"
"","","","","鱼糕今天困了没",1747152430,"[dog]"
"","","","","鱼糕今天困了没",1747152424,"其实我今天上了一个"
"","","","","鱼糕今天困了没",1747151609,"他昨天问你lol吗"
"","","","","鱼糕今天困了没",1747151234,"[花]"
"","","","","鱼糕今天困了没",1747151207,"因为相信你"
"","","","","鱼糕今天困了没",1747151150,"狗酱来点点歌"
"","","","","鱼糕今天困了没",1747151061,"asaki真没辙 人太多了"
"","","","","鱼糕今天困了没",1747150848,"人脉这一块"
"","","","","鱼糕今天困了没",1747150840,"哈哈哈哈哈哈哈哈哈"
"","","","","鱼糕今天困了没",1747150815,"哦？好多好多人气票哦"
"","","","","鱼糕今天困了没",1747150278,"那是不可能的[dog]"
"","","","","鱼糕今天困了没",1747150217,"十几张二倍"
"","","","","鱼糕今天困了没",1747150208,"我还有4张3倍 一堆2倍"
"","","","","鱼糕今天困了没",1747150193,"是的喵"
"","","","","鱼糕今天困了没",1747150178,"加倍一次24小时啊"
"","","","","鱼糕今天困了没",1747150075,"甚至是at我吗"
"","","","","鱼糕今天困了没",1747149312,"所以被抓包了"
"","","","","鱼糕今天困了没",1747149308,"因为我传过瓦的视频"
"","","","","鱼糕今天困了没",1747149278,"还有人问我打瓦吗 符合印象"
"","","","","鱼糕今天困了没",1747149245,"我视频底下也有评论hhhh"
"","","","","鱼糕今天困了没",1747149185,"这个asaki 经常全站第一"
"","","","","鱼糕今天困了没",1747149130,"hhhhhhhh"
"","","","","鱼糕今天困了没",1747149127,"我私信100+"
"","","","","鱼糕今天困了没",1747149024,"不过是恩狗罢了i呢 出列！"
"","","","","鱼糕今天困了没",1747148763,"所以狗酱怎么同时那么多号的"
"","","","","鱼糕今天困了没",1747148749,"三十个号太难绷了"
"","","","","鱼糕今天困了没",1747148540,"对的"
"","","","","鱼糕今天困了没",1747148502,"狗酱补人气票补大几百票被偷了没拿唱见第一"
"","","","","鱼糕今天困了没",1747148440,"？这没第一？"
"","","","","鱼糕今天困了没",1747148393,"四川好啊 想去吃吃玩玩了"
"","","","","鱼糕今天困了没",1747147943,"是的是的"
"","","","","鱼糕今天困了没",1747147664,"我的后勤在哪里"
"","","","","鱼糕今天困了没",1747147608,"两个bw盲盒可以点歌～"
"","","","","鱼糕今天困了没",1747147601,"一个人一小时可以送100票哦"
"","","","","鱼糕今天困了没",1747147587,"老板们送送人气票支持一下主包嘛[比心]"
"","","","","鱼糕今天困了没",1747147450,"发送“点歌 歌名”"
"","","","","鱼糕今天困了没",1747147439,"两个bw盲盒"
"","","","","鱼糕今天困了没",1747147350,"送送100个人气票？"
"","","","","鱼糕今天困了没",1747147296,"我还有三倍卡"
"","","","","鱼糕今天困了没",1747147261,"为什么还是娱乐新人（"
"","","","","鱼糕今天困了没",1747147084,"点歌 回る空うさぎ"
"","","","","鱼糕今天困了没",1747146925,"昨天讲的周三龟龟牌"
"","","","","鱼糕今天困了没",1747146734,"nyanyanyanyanyanyanya"
"","","","","鱼糕今天困了没",1747146604,"mukyukyukyukyukyu"
"","","","","鱼糕今天困了没",1747146409,"啊真贵吧"
"","","","","鱼糕今天困了没",1747146396,"15？换成3cad/2usd也是抢钱"
"","","","","鱼糕今天困了没",1747146143,"[喝彩][喝彩][喝彩][喝彩][喝彩][喝彩][喝彩][喝彩][喝彩][喝彩][喝彩]"
"","","","","鱼糕今天困了没",1747146017,"往好处想 起码我最近出勤率合格[dog]"
"","","","","鱼糕今天困了没",1747145971,"啊对吧 你跟狗酱比 肯定是少的"
"","","","","鱼糕今天困了没",1747145954,"多少好看跟谁比"
"","","","","鱼糕今天困了没",1747145921,"包月充电享受下播图哦[花]"
"","","","","鱼糕今天困了没",1747145765,"花花10/10 猫猫9.999/10"
"","","","","鱼糕今天困了没",1747145648,"我再想起来截屏的时候366 有点想笑"
"","","","","鱼糕今天困了没",1747145588,"我忘记截屏365了"
"","","","","鱼糕今天困了没",1747145541,"那有段时候了"
"","","","","鱼糕今天困了没",1747144921,"晚上好！"
"","","","","鱼糕今天困了没",1747118548,"有可能 我平时是web 今天是pad"
"","","","","鱼糕今天困了没",1747118496,"诶你们在pk吗 为什么我看不到ui"
"","","","","鱼糕今天困了没",1747115160,"我宣布我是团长 纤雪是谁啊 叉出去（[dog]"
"","","","","鱼糕今天困了没",1747115082,"hhhhhhhh"
"","","","","鱼糕今天困了没",1747114986,"好好好 大聪明宝"
"","","","","鱼糕今天困了没",1747114963,"[doge2][doge2]"
"","","","","鱼糕今天困了没",1747114936,"我一直在啊"
"","","","","鱼糕今天困了没",1747114912,"憋笑（"
"","","","","鱼糕今天困了没",1747104882,"游戏收拾的比我家好看"
"","","","","鱼糕今天困了没",1747104846,"种田游戏吧"
"","","","","鱼糕今天困了没",1747104835,"没有一点像"
"","","","","鱼糕今天困了没",1747104800,"装修"
"","","","","鱼糕今天困了没",1747104795,"我在 星露谷"
"","","","","鱼糕今天困了没",1747104336,"那很通畅了"
"","","","","鱼糕今天困了没",1747104327,"?"
"","","","","鱼糕今天困了没",1747104142,"并非是我说的"
"","","","","鱼糕今天困了没",1747104135,"？"
"","","","","鱼糕今天困了没",1747103824,"别人盲盒加班我们都是直接送24小时起步[dog]"
"","","","","鱼糕今天困了没",1747103797,"就没有这回事"
"","","","","鱼糕今天困了没",1747103790,"我啥时候当过好人"
"","","","","鱼糕今天困了没",1747103642,"不知道哦 感觉能让你尴尬就是好活（sry"
"","","","","鱼糕今天困了没",1747103478,"我充电池要1分钟[可怜]"
"","","","","鱼糕今天困了没",1747103424,"白在哪里"
"","","","","鱼糕今天困了没",1747103420,"？"
"","","","","鱼糕今天困了没",1747103382,"我以为是让你开麦整活呢"
"","","","","鱼糕今天困了没",1747103372,"那没意思"
"","","","","鱼糕今天困了没",1747103361,"所以这就是惩罚吗"
"","","","","鱼糕今天困了没",1747103356,"看到了"
"","","","","鱼糕今天困了没",1747103299,"有点想看惩罚你知道吗（"
"","","","","鱼糕今天困了没",1747103098,"喵"
"","","","","鱼糕今天困了没",1747070361,"必须得依靠别的感官"
"","","","","鱼糕今天困了没",1747070354,"因为你闭眼睛没有视觉参照了"
"","","","","鱼糕今天困了没",1747063297,"想必是的"
"","","","","鱼糕今天困了没",1747063007,"copy 到word 文件 丢我"
"","","","","鱼糕今天困了没",1747062989,"发我吧 我整一下"
"","","","","鱼糕今天困了没",1747062885,"可能要登录 你要不全文发我我gpt plus试试"
"","","","","鱼糕今天困了没",1747062851,"一两分钟"
"","","","","鱼糕今天困了没",1747062748,"可以 canvas"
"","","","","鱼糕今天困了没",1747062717,"乳酪绝赞参演中"
"","","","","鱼糕今天困了没",1747062658,"橘猫味香气10.1分"
"","","","","鱼糕今天困了没",1747062607,"gpt还是好用嗷"
"","","","","鱼糕今天困了没",1747058698,"怎么雨诺和akari在一起了啊喂"
"","","","","鱼糕今天困了没",1747058538,"那很喜欢了"
"","","","","鱼糕今天困了没",1747058532,"哦还有百合剧情"
"","","","","鱼糕今天困了没",1747056533,"我是一个卖橘猫的鱼糕店"
"","","","","鱼糕今天困了没",1747056499,"请写我好吗"
"","","","","鱼糕今天困了没",1747056402,"我还会天雷滚滚我好怕怕 tralarero tralala"
"","","","","鱼糕今天困了没",1747056169,"123字都能写"
"","","","","鱼糕今天困了没",1747056152,"akari可以写成灯吧"
"","","","","鱼糕今天困了没",1747056045,"akari 雨诺"
"","","","","鱼糕今天困了没",1747056017,"abnormal好像是第二个词"
"","","","","鱼糕今天困了没",1747056002,"还有这种要求的哦"
"","","","","鱼糕今天困了没",1747055974,"abnormal"
"","","","","鱼糕今天困了没",1747055886,"禁言雨诺吗 那我的逆天sc环节谁给我补啊"
"","","","","鱼糕今天困了没",1747055003,"已经不是一般的饭卷了 一定要大口吃掉"
"","","","","鱼糕今天困了没",1747054929,"营养奋进生日快乐[花]"
"","","","","鱼糕今天困了没",1747032642,"他不说来我肯定几个月才收（"
"","","","","鱼糕今天困了没",1747032618,"我也不知道"
"","","","","鱼糕今天困了没",1747032613,"但是那是上午九点说的"
"","","","","鱼糕今天困了没",1747032601,"他说他会联系我的"
"","","","","鱼糕今天困了没",1747032516,"那很好了"
"","","","","鱼糕今天困了没",1747032499,"诶原来能看到天数吗"
"","","","","鱼糕今天困了没",1747032476,"差不多 收拾完了[dog]"
"","","","","鱼糕今天困了没",1746979214,"？666超管头昏了"
"","","","","鱼糕今天困了没",1746975891,"我没看过 我是丈育（"
"","","","","鱼糕今天困了没",1746975820,"哇那虾壳很补钙了"
"","","","","鱼糕今天困了没",1746975709,"出现了 呆呆诺（"
"","","","","鱼糕今天困了没",1746889944,"凑整！接着！凑整！"
"","","","","鱼糕今天困了没",1746889897,"在现场！（"
"","","","","鱼糕今天困了没",1746889888,"ok 我负责当诺的bass"
"","","","","鱼糕今天困了没",1746889842,"诺，我要跟你组乐队[委屈]"
"","","","","鱼糕今天困了没",1746889783,"主线任务：不要被指认 不要让对面能说话"
"","","","","鱼糕今天困了没",1746889686,"要不然你打他一顿然后跑的够快"
"","","","","鱼糕今天困了没",1746889668,"遇到这种事要不然你跑得快"
"","","","","鱼糕今天困了没",1746889661,"tazer也不可以 喷雾看成分 大部分不行"
"","","","","鱼糕今天困了没",1746889621,"凑整！凑整！"
"","","","","鱼糕今天困了没",1746889569,"不可以 你本人有攻击意图就抓你"
"","","","","鱼糕今天困了没",1746889527,"笑死了还有跟他对骂的 看戏face"
"","","","","鱼糕今天困了没",1746889488,"见人就骂 平等的骂每一个人"
"","","","","鱼糕今天困了没",1746889477,"啊骂人吗 我在dt也遇到过一个疯子"
"","","","","鱼糕今天困了没",1746889454,"没有 我们跑起来他就转头走了"
"","","","","鱼糕今天困了没",1746889435,"侵犯吗 遇到扎过的针你不炸了（"
"","","","","鱼糕今天困了没",1746889406,"我们跑得快赶紧进酒店 还好大厅也有锁"
"","","","","鱼糕今天困了没",1746889380,"感觉是有武器"
"","","","","鱼糕今天困了没",1746889309,"btw我们体型还算挺大的 所以 难说哦"
"","","","","鱼糕今天困了没",1746889280,"被一群homeless盯着+小尾随"
"","","","","鱼糕今天困了没",1746889263,"美服是这样的 我们8个男生晚上11点吃完饭回酒店"
"","","","","鱼糕今天困了没",1746888860,"我可以变成小孩吗 我想被诺老师哄"
"","","","","鱼糕今天困了没",1746888004,"死盖指定了一整周"
"","","","","鱼糕今天困了没",1746887809,"甚至没到明天"
"","","","","鱼糕今天困了没",1746887795,"是诚心的喵"
"","","","","鱼糕今天困了没",1746887439,"前面逆天弹幕没发出来"
"","","","","鱼糕今天困了没",1746887419,"。"
"","","","","鱼糕今天困了没",1746887417,"我弹幕被吃了"
"","","","","鱼糕今天困了没",1746887366,"[doge2][doge2]"
"","","","","鱼糕今天困了没",1746886997,"冰红茶（"
"","","","","鱼糕今天困了没",1746885662,"答应我 冬天结冰的时候过海峡好吗"
"","","","","鱼糕今天困了没",1746885401,"有streetcar交通也方便"
"","","","","鱼糕今天困了没",1746885386,"Spadina Ave全是"
"","","","","鱼糕今天困了没",1746884871,"级别什么的 不关键（"
"","","","","鱼糕今天困了没",1746884857,"咳咳 牌子不重要 对吧"
"","","","","鱼糕今天困了没",1746884822,"去协定国考一个吧 有的地方考得很快的"
"","","","","鱼糕今天困了没",1746884557,"所以idp在国内也没意义喵"
"","","","","鱼糕今天困了没",1746884548,"顺带一提外国的驾照+3个月出境证明可以只考科目一换领"
"","","","","鱼糕今天困了没",1746884491,"因为没签协定 不是管理问题"
"","","","","鱼糕今天困了没",1746884416,"必须得是香港考试拿到的hk驾照才可以"
"","","","","鱼糕今天困了没",1746884402,"国内驾照转香港驾照也不能办idp"
"","","","","鱼糕今天困了没",1746884390,"你想办idp得先考一遍加拿大G牌"
"","","","","鱼糕今天困了没",1746884313,"只有1949那个协定签字的国家才认"
"","","","","鱼糕今天困了没",1746884289,"idp国内驾照没签协议办不了的"
"","","","","鱼糕今天困了没",1746884279,"一想到我要冬天G2考G我就浑身难受"
"","","","","鱼糕今天困了没",1746884209,"我直接考G了"
"","","","","鱼糕今天困了没",1746884202,"只能临时90天还是多久"
"","","","","鱼糕今天困了没",1746884190,"不能"
"","","","","鱼糕今天困了没",1746884075,"我忏悔 我昨天也不在"
"","","","","鱼糕今天困了没",1746883875,"好玩的 请玩"
"","","","","鱼糕今天困了没",1746883835,"[dog]"
"","","","","鱼糕今天困了没",1746883832,"那我要以身作则了"
"","","","","鱼糕今天困了没",1746883821,"懂了 诺想让舰长去找别的妹妹"
"","","","","鱼糕今天困了没",1746883506,"脆肉皖飞踢！"
"","","","","鱼糕今天困了没",1746883375,"翻译君：哼 才没有喜欢雨诺akari呢"
"","","","","鱼糕今天困了没",1746883296,"フフフ　akariちゃんのこと　全然好きじゃないわ[傲娇]"
"","","","","鱼糕今天困了没",1746883124,"对的 是录播"
"","","","","鱼糕今天困了没",1746806617,"晚安～"
"","","","","鱼糕今天困了没",1746806585,"下班下班！"
"","","","","鱼糕今天困了没",1746806555,"没看到在榜"
"","","","","鱼糕今天困了没",1746806247,"先解放右边计时器"
"","","","","鱼糕今天困了没",1746806238,"你接着唱"
"","","","","鱼糕今天困了没",1746806216,"豪得"
"","","","","鱼糕今天困了没",1746805887,"确实有点东西 思路这一块"
"","","","","鱼糕今天困了没",1746805819,"[dog]"
"","","","","鱼糕今天困了没",1746805816,"狗酱你看看人家这个抱枕"
"","","","","鱼糕今天困了没",1746805324,"kyukyukyukyukyukyu"
"","","","","鱼糕今天困了没",1746805281,"难说 我记得之前什么时候是不是出过4个"
"","","","","鱼糕今天困了没",1746805001,"有的有的"
"","","","","鱼糕今天困了没",1746804983,"[dog]"
"","","","","鱼糕今天困了没",1746804980,"活动过了再救"
"","","","","鱼糕今天困了没",1746804701,"[喝彩][喝彩][喝彩][喝彩][喝彩][喝彩][喝彩][喝彩][喝彩]"
"","","","","鱼糕今天困了没",1746804469,"A大一个记者团"
"","","","","鱼糕今天困了没",1746804378,"b站小动作不少[dog]"
"","","","","鱼糕今天困了没",1746804369,"其实我更怀疑加倍城堡限定是全服还是房间[dog]"
"","","","","鱼糕今天困了没",1746804297,"[dog]"
"","","","","鱼糕今天困了没",1746804293,"我有提"
"","","","","鱼糕今天困了没",1746804247,"哦哦哦 权杖 好"
"","","","","鱼糕今天困了没",1746804223,"wwwwwwww"
"","","","","鱼糕今天困了没",1746804136,"zfb+3%手续费"
"","","","","鱼糕今天困了没",1746804115,"b站甚至paypal接口维护"
"","","","","鱼糕今天困了没",1746804076,"我单抽出过8连棉花糖"
"","","","","鱼糕今天困了没",1746804060,"应该没有保底"
"","","","","鱼糕今天困了没",1746804018,"再来10个 肯定有"
"","","","","鱼糕今天困了没",1746803997,"这是b站在来城堡之前对意志力的考验（编不下去了"
"","","","","鱼糕今天困了没",1746803942,"我已经躺下了"
"","","","","鱼糕今天困了没",1746803928,"难绷"
"","","","","鱼糕今天困了没",1746803702,"xswl"
"","","","","鱼糕今天困了没",1746803701,"wwwwwwwwwwwwwwww"
"","","","","鱼糕今天困了没",1746803582,"一定是城堡要来了"
"","","","","鱼糕今天困了没",1746803578,"为什么你电影票这么少"
"","","","","鱼糕今天困了没",1746803460,"来个人出城堡让我看到24好吗"
"","","","","鱼糕今天困了没",1746803175,"我在想续提督其实 再喂这个月提没了"
"","","","","鱼糕今天困了没",1746803073,"有点伤心了"
"","","","","鱼糕今天困了没",1746803023,"当前总计390"
"","","","","鱼糕今天困了没",1746803013,"我不知道啊 我城堡呢"
"","","","","鱼糕今天困了没",1746802920,"对的兄弟 对的"
"","","","","鱼糕今天困了没",1746802910,"bur"
"","","","","鱼糕今天困了没",1746802884,"算上上次当前总计350"
"","","","","鱼糕今天困了没",1746802862,"掉小珍珠了"
"","","","","鱼糕今天困了没",1746802812,"感觉是"
"","","","","鱼糕今天困了没",1746802809,"点赞的都是你的号吗"
"","","","","鱼糕今天困了没",1746802755,"你看 这不就加了"
"","","","","鱼糕今天困了没",1746802694,"会有的 6%呢"
"","","","","鱼糕今天困了没",1746802638,"我想着 整点之前 和整点 整个10连"
"","","","","鱼糕今天困了没",1746802586,"我有罪"
"","","","","鱼糕今天困了没",1746802551,"可以挑战一下最高纪录[dog]"
"","","","","鱼糕今天困了没",1746802532,"心动盲盒～ 今天概率加倍～[dog]"
"","","","","鱼糕今天困了没",1746802486,"工具人的自我修养"
"","","","","鱼糕今天困了没",1746802254,"对的 正确的"
"","","","","鱼糕今天困了没",1746802010,"wwwwwwww"
"","","","","鱼糕今天困了没",1746801905,"懂了 时长快没了再补"
"","","","","鱼糕今天困了没",1746801548,"[喝彩][喝彩][喝彩][喝彩][喝彩][喝彩][喝彩][喝彩][喝彩][喝彩][喝彩][喝彩][喝彩]"
"","","","","鱼糕今天困了没",1746801424,"[dog]"
"","","","","鱼糕今天困了没",1746801422,"好的 开播"
"","","","","鱼糕今天困了没",1746801409,"怎么还是减时长（"
"","","","","鱼糕今天困了没",1746800924,"点歌 yorushika"
"","","","","鱼糕今天困了没",1746800509,"24小时 启动[dog]"
"","","","","鱼糕今天困了没",1746800484,"今天4倍"
"","","","","鱼糕今天困了没",1746799542,"美女你谁"
"","","","","鱼糕今天困了没",1746796278,"我宣布我今天晚上吃的重庆火锅[dog]"
"","","","","鱼糕今天困了没",1746757979,"去日本和香港花的有点超预算 再存存"
"","","","","鱼糕今天困了没",1746757925,"好像9.3开始上课"
"","","","","鱼糕今天困了没",1746757915,"8月底 9月头"
"","","","","鱼糕今天困了没",1746757878,"没事干"
"","","","","鱼糕今天困了没",1746757876,"我在刷手机呢"
"","","","","鱼糕今天困了没",1746757448,"xswl"
"","","","","鱼糕今天困了没",1746757443,"5个250吗"
"","","","","鱼糕今天困了没",1746713900,"喂我（"
"","","","","鱼糕今天困了没",1746713895,"晚上好！是饭饭诺！"
"","","","","鱼糕今天困了没",1746629752,"ztmy的我大部分看着词都会"
"","","","","鱼糕今天困了没",1746629730,"我也摸了好久才熟"
"","","","","鱼糕今天困了没",1746629719,"你慢慢学"
"","","","","鱼糕今天困了没",1746629716,"不急[dog]"
"","","","","鱼糕今天困了没",1746629669,"晚上好[花]"
"","","","","鱼糕今天困了没",1746629620,"ben"
"","","","","鱼糕今天困了没",1746629582,"犇[dog]"
"","","","","鱼糕今天困了没",1746629472,"为何行此大礼"
"","","","","鱼糕今天困了没",1746629382,"不是造纸？[dog][dog]"
"","","","","鱼糕今天困了没",1746629304,"you4 shuang1 ruo4 zhuo2"
"","","","","鱼糕今天困了没",1746629157,"plz：又双叒叕"
"","","","","鱼糕今天困了没",1746628866,"考考诺英语吧"
"","","","","鱼糕今天困了没",1746628771,"诶 别教她[dog]"
"","","","","鱼糕今天困了没",1746628543,"跟我交换吧 我想要诺脑"
"","","","","鱼糕今天困了没",1746628442,"呆呆诺 进化为了 诺鱼糕！"
"","","","","鱼糕今天困了没",1746628389,"诺并非在法语区"
"","","","","鱼糕今天困了没",1746628361,"tsukamaeta"
"","","","","鱼糕今天困了没",1746628355,"这是 宝可梦的 捕捉台词"
"","","","","鱼糕今天困了没",1746628074,"啊啊啊有呆呆诺[傲娇]"
"","","","","鱼糕今天困了没",1746628026,"坏了 不会因为丈育不知道是哪个字吧"
"","","","","鱼糕今天困了没",1746627847,"呆呆诺（"
"","","","","鱼糕今天困了没",1746627822,"单位呢 单位呢"
"","","","","鱼糕今天困了没",1746627762,"直钩也能钓到啊"
"","","","","鱼糕今天困了没",1746627699,"晚上好[花]"
"","","","","鱼糕今天困了没",1746584029,"对的对的"
"","","","","鱼糕今天困了没",1746583977,"正在思考午饭"
"","","","","鱼糕今天困了没",1746583968,"算是"
"","","","","鱼糕今天困了没",1746583942,"oi 早！"
"","","","","鱼糕今天困了没",1746543482,"好使"
"","","","","鱼糕今天困了没",1746543479,"京都念慈庵 川贝枇杷膏"
"","","","","鱼糕今天困了没",1746543434,"难绷10:16"
"","","","","鱼糕今天困了没",1746543373,"b站对于竖屏的谜之坚持"
"","","","","鱼糕今天困了没",1746543194,"想起了一件对对碰趣事"
"","","","","鱼糕今天困了没",1746542818,"那很有实力了"
"","","","","鱼糕今天困了没",1746542761,"感觉是最近小孩放假了"
"","","","","鱼糕今天困了没",1746542652,"🦵这个icon可以"
"","","","","鱼糕今天困了没",1746542644,"腿发不出来的"
"","","","","鱼糕今天困了没",1746542529,"在你私信里面"
"","","","","鱼糕今天困了没",1746542451,"发生啥了"
"","","","","鱼糕今天困了没",1746542354,"啊对的对的"
"","","","","鱼糕今天困了没",1746542324,"哦哦哦等一下 ztmy的 片假名我找一下"
"","","","","鱼糕今天困了没",1746542301,"你先吃着"
"","","","","鱼糕今天困了没",1746542263,"点歌 mirror tune"
"","","","","鱼糕今天困了没",1746541950,"我请求录播姬"
"","","","","鱼糕今天困了没",1746541928,"哈哈哈哈哈哈哈哈哈哈哈哈哈"
"","","","","鱼糕今天困了没",1746541920,"草"
"","","","","鱼糕今天困了没",1746541860,"主包能不能模仿敲门的声音"
"","","","","鱼糕今天困了没",1746541829,"神秘音效模拟器"
"","","","","鱼糕今天困了没",1746541531,"参考我ip"
"","","","","鱼糕今天困了没",1746541510,"可以登的 只是慢"
"","","","","鱼糕今天困了没",1746541482,"[dog]"
"","","","","鱼糕今天困了没",1746541476,"诶 其实我可以开播p5s然后宣称是你"
"","","","","鱼糕今天困了没",1746541461,"crocodilo bombardiro"
"","","","","鱼糕今天困了没",1746541413,"分身是我播的 关注我就有的看[dog]"
"","","","","鱼糕今天困了没",1746541262,"晚上好～"
"","","","","鱼糕今天困了没",1746541177,"感觉诺好小一只"
"","","","","鱼糕今天困了没",1746541123,"想吃龙尾巴"
"","","","","鱼糕今天困了没",1746540956,"诺 如果我的另外一个头占据我的意识 你会想我的吧[dog]"
"","","","","鱼糕今天困了没",1746540872,"哇还有玩战雷的"
"","","","","鱼糕今天困了没",1746540681,"诺steam好像没怎么加wishlist？"
"","","","","鱼糕今天困了没",1746540583,"那很直球了"
"","","","","鱼糕今天困了没",1746540570,"咳 有"
"","","","","鱼糕今天困了没",1746540497,"除了fps以外我交流都包友好啊[dog]"
"","","","","鱼糕今天困了没",1746540429,"符合我对fps的理解"
"","","","","鱼糕今天困了没",1746540326,"打fps吗 不好说交流友不友好啊👌"
"","","","","鱼糕今天困了没",1746540275,"助眠也好 带个耳机看一会儿就眯着了"
"","","","","鱼糕今天困了没",1746540194,"大家好 我是雨诺王"
"","","","","鱼糕今天困了没",1746540131,"恐怖故事2 其实诺见过我名字"
"","","","","鱼糕今天困了没",1746540098,"不是 三个字那个"
"","","","","鱼糕今天困了没",1746540084,"跟我名字发音就差一点"
"","","","","鱼糕今天困了没",1746540072,"草 这个id 我差点以为谁开我盒了"
"","","","","鱼糕今天困了没",1746539959,"喜欢诺喜欢诺喜欢诺喜欢诺喜欢诺"
"","","","","鱼糕今天困了没",1746539943,"诺真是cos什么本体就像什么（"
"","","","","鱼糕今天困了没",1746539860,"因为是录播 这是录播的痕迹"
"","","","","鱼糕今天困了没",1746539791,"一时欺负一时爽 一直欺负一直爽"
"","","","","鱼糕今天困了没",1746539733,"诺宝小脸好软啊 想炖"
"","","","","鱼糕今天困了没",1746539237,"那可好玩了"
"","","","","鱼糕今天困了没",1746539230,"我之前在学校艺术教室里面拿素描纸搓过手枪和枪套"
"","","","","鱼糕今天困了没",1746539168,"想cos雨诺，cos服哪里可以买"
"","","","","鱼糕今天困了没",1746539116,"东方知名度挺高的"
"","","","","鱼糕今天困了没",1746539044,"男的出妹妹角色吗 更喜欢了"
"","","","","鱼糕今天困了没",1746505533,"不好说"
"","","","","鱼糕今天困了没",1746505531,"今天早上7.醒了"
"","","","","鱼糕今天困了没",1746505525,"昨天晚上三点睡着的"
"","","","","鱼糕今天困了没",1746505519,"应该不是"
"","","","","鱼糕今天困了没",1746505344,"头晕晕的"
"","","","","鱼糕今天困了没",1746505336,"生物钟太乱了"
"","","","","鱼糕今天困了没",1746505262,"眯着了"
"","","","","鱼糕今天困了没",1746505053,"下一个该球了"
"","","","","鱼糕今天困了没",1746505029,"兔子玩球（1/1）"
"","","","","鱼糕今天困了没",1746504752,"掉小珍珠了"
"","","","","鱼糕今天困了没",1746504741,"？"
"","","","","鱼糕今天困了没",1746504626,"哇 花车"
"","","","","鱼糕今天困了没",1746467550,"晚安小公举～"
"","","","","鱼糕今天困了没",1746467429,"我都多少年没充过大会员了"
"","","","","鱼糕今天困了没",1746467417,"想吃米了是这样的"
"","","","","鱼糕今天困了没",1746467268,"我干脆展示052了"
"","","","","鱼糕今天困了没",1746467234,"小隐藏都008了"
"","","","","鱼糕今天困了没",1746467225,"我当时抽晚了"
"","","","","鱼糕今天困了没",1746467004,"hhhhhhh好"
"","","","","鱼糕今天困了没",1746466961,"明天还有播播吗"
"","","","","鱼糕今天困了没",1746466890,"肥肠好吃"
"","","","","鱼糕今天困了没",1746466852,"问就是北美猪肉是这么来的"
"","","","","鱼糕今天困了没",1746466828,"那可难吃了"
"","","","","鱼糕今天困了没",1746466717,"草 那个我看到了"
"","","","","鱼糕今天困了没",1746466697,"看不下去"
"","","","","鱼糕今天困了没",1746466691,"现在还有ai文的"
"","","","","鱼糕今天困了没",1746466671,"油碟也好吃"
"","","","","鱼糕今天困了没",1746466664,"麻酱 好吃"
"","","","","鱼糕今天困了没",1746466585,"你播呗"
"","","","","鱼糕今天困了没",1746466552,"逻辑是这么个逻辑"
"","","","","鱼糕今天困了没",1746466543,"对的对的"
"","","","","鱼糕今天困了没",1746466512,"我都没打完呢"
"","","","","鱼糕今天困了没",1746466503,"狗酱打字真快吧"
"","","","","鱼糕今天困了没",1746466494,"你帮你亲戚带孩子也行"
"","","","","鱼糕今天困了没",1746466482,"不好说 十年后你不得带孩子"
"","","","","鱼糕今天困了没",1746466403,"没办法 余额0了"
"","","","","鱼糕今天困了没",1746466354,"我还没充"
"","","","","鱼糕今天困了没",1746466351,"你数慢点"
"","","","","鱼糕今天困了没",1746466312,"那很开明了"
"","","","","鱼糕今天困了没",1746466237,"感觉bro单线程cpu要烧了"
"","","","","鱼糕今天困了没",1746466224,"那很好请问你辩论的点在哪里"
"","","","","鱼糕今天困了没",1746466172,"我没意见 纯养活我的"
"","","","","鱼糕今天困了没",1746466163,"你多生点 我学个教资去"
"","","","","鱼糕今天困了没",1746466070,"可以编一集神人tv了"
"","","","","鱼糕今天困了没",1746466013,"能先让我活着吗."
"","","","","鱼糕今天困了没",1746465998,"我都不知道我下一顿吃啥"
"","","","","鱼糕今天困了没",1746465987,"就目前来看我毕业是要失业的"
"","","","","鱼糕今天困了没",1746465970,"难说"
"","","","","鱼糕今天困了没",1746465928,"团总乖 咱不听他吓你"
"","","","","鱼糕今天困了没",1746465914,"如果没钱 那程序是这么写的"
"","","","","鱼糕今天困了没",1746465896,"你父母这么有钱还被当成是当然的 那你的理解层面也就到这边了"
"","","","","鱼糕今天困了没",1746465813,"我不好说"
"","","","","鱼糕今天困了没",1746465808,"确实硬气啊"
"","","","","鱼糕今天困了没",1746465739,"我没意见"
"","","","","鱼糕今天困了没",1746465734,"这样 那房子你送我一套"
"","","","","鱼糕今天困了没",1746465682,"别忘了付抚养费"
"","","","","鱼糕今天困了没",1746465675,"也算生了"
"","","","","鱼糕今天困了没",1746465670,"你这么想生你可以去捐"
"","","","","鱼糕今天困了没",1746465611,"符合刻板印象"
"","","","","鱼糕今天困了没",1746465573,"。"
"","","","","鱼糕今天困了没",1746465547,"你自己说的找亲戚 神人逻辑系统"
"","","","","鱼糕今天困了没",1746465458,"0个人喜欢处理亲戚关系"
"","","","","鱼糕今天困了没",1746465382,"bro觉得中间可以gap一代变出孩子"
"","","","","鱼糕今天困了没",1746465368,"50年我都70了谁家还考虑生孩子"
"","","","","鱼糕今天困了没",1746465148,"再降我要饿死了"
"","","","","鱼糕今天困了没",1746465133,"降低消费吗 来一个人跟我豌杂面$19讲道理呢"
"","","","","鱼糕今天困了没",1746465034,"我都不知道我有啥岗位能进的"
"","","","","鱼糕今天困了没",1746464966,"养得还行 和养的很好 是两回事"
"","","","","鱼糕今天困了没",1746464875,"分走修为hhhhh"
"","","","","鱼糕今天困了没",1746464793,"有钱没地方花的建议把钱给我花"
"","","","","鱼糕今天困了没",1746464669,"true dude"
"","","","","鱼糕今天困了没",1746464627,"我生活费支撑自己都难"
"","","","","鱼糕今天困了没",1746464616,"都没几个谈得稳定的"
"","","","","鱼糕今天困了没",1746464602,"22-25都没有几个结婚的"
"","","","","鱼糕今天困了没",1746464582,"22-25？"
"","","","","鱼糕今天困了没",1746458853,"我是想回应一下来着"
"","","","","鱼糕今天困了没",1746458827,"啊哦哦哦你们家有个人叫嗷呜（"
"","","","","鱼糕今天困了没",1746458805,"嗷呜"
"","","","","鱼糕今天困了没",1746453222,"我… 我要天天发变态sc[妙]"
"","","","","鱼糕今天困了没",1746453191,"如果诺每7天就忘记诺球球一次[委屈]"
"","","","","鱼糕今天困了没",1746453079,"bur"
"","","","","鱼糕今天困了没",1746452910,"其实在那之前刷到过诺（ 只是没点进来（"
"","","","","鱼糕今天困了没",1746452755,"诺好棒哦"
"","","","","鱼糕今天困了没",1746452750,"是黑猴开荒直播 对的喵"
"","","","","鱼糕今天困了没",1746452634,"那我不禁想问 诺记得我第一次什么时候来的吗（"
"","","","","鱼糕今天困了没",1746452476,"呜呜呜 虽然我跪着有点痛 但是为了诺 我愿意呜呜呜 （哼）"
"","","","","鱼糕今天困了没",1746452403,"チョコミント！よりも　akari！"
"","","","","鱼糕今天困了没",1746452386,"诺会理解一下的吧 我才不会喜欢别的主包呢"
"","","","","鱼糕今天困了没",1746452337,"滑跪"
"","","","","鱼糕今天困了没",1746452333,"草"
"","","","","鱼糕今天困了没",1746452327,"啊我戴的狐宝吗"
"","","","","鱼糕今天困了没",1746452281,"喜欢诺喜欢诺喜欢诺喜欢诺喜欢诺喜欢诺喜欢诺喜欢诺喜欢诺喜欢诺喜欢诺喜欢诺喜欢诺"
"","","","","鱼糕今天困了没",1746452159,"整块的鲜味足喔"
"","","","","鱼糕今天困了没",1746452054,"[dog]"
"","","","","鱼糕今天困了没",1746452050,"你的就是我的 我的还是我的"
"","","","","鱼糕今天困了没",1746452041,"这样 死盖 你分诺 我绑你"
"","","","","鱼糕今天困了没",1746451945,"护食 发来！"
"","","","","鱼糕今天困了没",1746451934,"你小子"
"","","","","鱼糕今天困了没",1746451846,"我支持"
"","","","","鱼糕今天困了没",1746451671,"所以死盖qaq是代餐 对的对的"
"","","","","鱼糕今天困了没",1746451613,"是诺的味道"
"","","","","鱼糕今天困了没",1746451526,"死盖qaq… 我要吃掉你…"
"","","","","鱼糕今天困了没",1746451431,"老板糊涂啊"
"","","","","鱼糕今天困了没",1746451370,"麻辣 嘿嘿嘿 麻辣"
"","","","","鱼糕今天困了没",1746451361,"我要诺脑"
"","","","","鱼糕今天困了没",1746451214,"请骂我好吗[可怜]"
"","","","","鱼糕今天困了没",1746451191,"[dog][dog]"
"","","","","鱼糕今天困了没",1746451185,"那啥 提督能多分一点就行 我要求不高"
"","","","","鱼糕今天困了没",1746451086,"啊呜啊呜啊呜 好香"
"","","","","鱼糕今天困了没",1746451077,"没有肩膀粉吗 那我吃咯"
"","","","","鱼糕今天困了没",1746450994,"我也要（"
"","","","","鱼糕今天困了没",1746450990,"你不要吃太好了啊喂"
"","","","","鱼糕今天困了没",1746450868,"不要… 不要… 我要待在这里…"
"","","","","鱼糕今天困了没",1746450855,"逆天鱼糕 叉出去[生气]"
"","","","","鱼糕今天困了没",1746450652,"别管细节 你就说是不是正确用法吧"
"","","","","鱼糕今天困了没",1746368136,"明天赶飞机 眯了 晚安喵"
"","","","","鱼糕今天困了没",1746367169,"鸡没鸡味 失败（）"
"","","","","鱼糕今天困了没",1746367130,"还干"
"","","","","鱼糕今天困了没",1746367122,"挺 没味"
"","","","","鱼糕今天困了没",1746367100,"加拿大的鸡肉我不好说"
"","","","","鱼糕今天困了没",1746366972,"炸鸡师傅是印度老哥吗 那很不健康了"
"","","","","鱼糕今天困了没",1746366944,"捕捉一只c"
"","","","","鱼糕今天困了没",1746366893,"有的 清水猪脑有猪味"
"","","","","鱼糕今天困了没",1746366826,"要不然味道重"
"","","","","鱼糕今天困了没",1746366816,"但是麻辣脑花 香香"
"","","","","鱼糕今天困了没",1746366763,"你好 那个补猪脑喔"
"","","","","鱼糕今天困了没",1746366582,"确实不是雨诺"
"","","","","鱼糕今天困了没",1746366577,"其实是鱼糕代播"
"","","","","鱼糕今天困了没",1746366492,"怪怪的"
"","","","","鱼糕今天困了没",1746366488,"root beer真的接受不了"
"","","","","鱼糕今天困了没",1746366478,"猫猫那么可爱"
"","","","","鱼糕今天困了没",1746366474,"谁会吃猫肉啊喂"
"","","","","鱼糕今天困了没",1746366341,"炸鸡好啊 我框框炫"
"","","","","鱼糕今天困了没",1746366194,"笑（"
"","","","","鱼糕今天困了没",1746366173,"结城理看完我的饭可能会饿"
"","","","","鱼糕今天困了没",1746366083,"而且用不着啊（"
"","","","","鱼糕今天困了没",1746366061,"并非会"
"","","","","鱼糕今天困了没",1746365941,"我勒个十全大补羹"
"","","","","鱼糕今天困了没",1746365930,"这能喝吗"
"","","","","鱼糕今天困了没",1746365764,"可爱捏"
"","","","","鱼糕今天困了没",1746365494,"诺ssr皮肤之帅t"
"","","","","鱼糕今天困了没",1746365182,"诺小王"
"","","","","鱼糕今天困了没",1746365159,"哇 好小一只"
"","","","","鱼糕今天困了没",1746365001,"草 好大的衣服"
"","","","","鱼糕今天困了没",1746364931,"偷穿大人衣服"
"","","","","鱼糕今天困了没",1746364832,"四舍五入我戴眼镜可以变身诺"
"","","","","鱼糕今天困了没",1746364807,"为什么戴上眼镜 更像诺了"
"","","","","鱼糕今天困了没",1746364785,"诺要是有线下活动 我也可以秒飞广东的[doge2]"
"","","","","鱼糕今天困了没",1746364416,"yeah～"
"","","","","鱼糕今天困了没",1746364340,"传下去 诺喜欢小男孩"
"","","","","鱼糕今天困了没",1746281128,"跑咯 眯[dog]"
"","","","","鱼糕今天困了没",1746281062,"草"
"","","","","鱼糕今天困了没",1746280981,"好名喔"
"","","","","鱼糕今天困了没",1746280931,"求歌名"
"","","","","鱼糕今天困了没",1746279487,"想念连续直播12小时了"
"","","","","鱼糕今天困了没",1746278941,"prprprprprprprpr"
"","","","","鱼糕今天困了没",1746278932,"诺哥哥 prprprprprprpr"
"","","","","鱼糕今天困了没",1746278864,"哇 还有大隐藏款"
"","","","","鱼糕今天困了没",1746278836,"诺是男孩子的话 那更喜欢了[傲娇]"
"","","","","鱼糕今天困了没",1746278705,"[手机]"
"","","","","鱼糕今天困了没",1746278620,"（动物交谈）"
"","","","","鱼糕今天困了没",1746278613,"汪汪汪 汪 汪汪汪汪汪"
"","","","","鱼糕今天困了没",1746278488,"我不抢地盘的"
"","","","","鱼糕今天困了没",1746278474,"没事 我允许你再养一只猫"
"","","","","鱼糕今天困了没",1746278420,"我宣布我是雨诺akari的狗"
"","","","","鱼糕今天困了没",1746278414,"你看 她答应了"
"","","","","鱼糕今天困了没",1746278246,"哇 摘眼镜好帅"
"","","","","鱼糕今天困了没",1746278026,"金粉"
"","","","","鱼糕今天困了没",1746277981,"有十几贯 不记得了（"
"","","","","鱼糕今天困了没",1746277969,"这可能是鲷鱼"
"","","","","鱼糕今天困了没",1746277957,"醋冻+蜂蜜"
"","","","","鱼糕今天困了没",1746277939,"5天 两场ztmy（"
"","","","","鱼糕今天困了没",1746277881,"是现做的喔 板前喔"
"","","","","鱼糕今天困了没",1746277838,"腌三文鱼籽 金枪鱼 芽葱 和 蛋黄"
"","","","","鱼糕今天困了没",1746277721,"没卡"
"","","","","鱼糕今天困了没",1746277553,"是的喵 日本合集喔"
"","","","","鱼糕今天困了没",1746277407,"9月头[dog]"
"","","","","鱼糕今天困了没",1746277272,"肉有点少 香是很香[dog]"
"","","","","鱼糕今天困了没",1746277215,"好 有得食！"
"","","","","鱼糕今天困了没",1746277169,"图太多了"
"","","","","鱼糕今天困了没",1746277163,"虾饺猪杂粥啥的没发"
"","","","","鱼糕今天困了没",1746276950,"111 发了请看 q"
"","","","","鱼糕今天困了没",1746237355,"你猜（yes（"
"","","","","鱼糕今天困了没",1746237327,"网挺卡的这会儿"
"","","","","鱼糕今天困了没",1746237315,"没 我过会儿又出去 就来看一眼"
"","","","","鱼糕今天困了没",1746237291,"早[花]"
"","","","","鱼糕今天困了没",1746199258,"其实是把主包变成他们play的一环"
"","","","","鱼糕今天困了没",1746199079,"还有横扫之刃"
"","","","","鱼糕今天困了没",1746198241,"点歌 花に亡霊"
"","","","","鱼糕今天困了没",1746197178,"可能入驻神作转投也才30w"
"","","","","鱼糕今天困了没",1746197134,"多久没见过百万作了"
"","","","","鱼糕今天困了没",1746197002,"那包来的[dog]"
"","","","","鱼糕今天困了没",1746196838,"[喝彩][喝彩][喝彩][喝彩][喝彩][喝彩][喝彩][喝彩]"
"","","","","鱼糕今天困了没",1746196575,"ruarua"
"","","","","鱼糕今天困了没",1746196571,"团总好乖哦"
"","","","","鱼糕今天困了没",1746195171,"不到 我没卡"
"","","","","鱼糕今天困了没",1746194935,"咳 to签（"
"","","","","鱼糕今天困了没",1746194902,"这套好好看"
"","","","","鱼糕今天困了没",1746194808,"晚上好[花]"
"","","","","鱼糕今天困了没",1746190896,"骗吃骗喝"
"","","","","鱼糕今天困了没",1746108348,"对的对的[委屈]"
"","","","","鱼糕今天困了没",1746108316,"（"
"","","","","鱼糕今天困了没",1746108314,"我的网 它卡卡的"
"","","","","鱼糕今天困了没",1745945285,"[委屈]"
"","","","","鱼糕今天困了没",1745945282,"她 不让 我 刷"
"","","","","鱼糕今天困了没",1745945254,"[doge2]"
"","","","","鱼糕今天困了没",1745945244,"不理智可以欺负鱼糕 鱼糕不会伤心难过的"
"","","","","鱼糕今天困了没",1745945194,"不刷怎么引流"
"","","","","鱼糕今天困了没",1745945102,"兔子玩球（1/1）"
"","","","","鱼糕今天困了没",1745945082,"？"
"","","","","鱼糕今天困了没",1745945065,"才多久 就忘记那个环节了吗（"
"","","","","鱼糕今天困了没",1745945023,"有点想念那个环节了"
"","","","","鱼糕今天困了没",1745944975,"单抽一个660"
"","","","","鱼糕今天困了没",1745944960,"哦哟 挺白"
"","","","","鱼糕今天困了没",1745944852,"气鼓鼓的 想戳"
"","","","","鱼糕今天困了没",1745944833,"怎么了[委屈]"
"","","","","鱼糕今天困了没",1745944829,"我升个26级"
"","","","","鱼糕今天困了没",1745944820,"[委屈]"
"","","","","鱼糕今天困了没",1745944719,"你要听实话 还是要听好听的（"
"","","","","鱼糕今天困了没",1745944680,"我不打瓦（"
"","","","","鱼糕今天困了没",1745944639,"美女你谁"
"","","","","鱼糕今天困了没",1745944608,"群众当中出了个坏蛋[dog]"
"","","","","鱼糕今天困了没",1745944590,"旅游 花销 签证 等"
"","","","","鱼糕今天困了没",1745944544,"0个人监控直播间弹幕"
"","","","","鱼糕今天困了没",1745944491,"倒是没去过 可以去玩一下"
"","","","","鱼糕今天困了没",1745944478,"hhhhhhh"
"","","","","鱼糕今天困了没",1745944431,"那很有判头了"
"","","","","鱼糕今天困了没",1745944379,"那得有预约医院和缴费证明呢"
"","","","","鱼糕今天困了没",1745944358,"好像没开"
"","","","","鱼糕今天困了没",1745944328,"除非办商务"
"","","","","鱼糕今天困了没",1745944319,"台湾现在没开个人旅游签注"
"","","","","鱼糕今天困了没",1745944273,"别的周边买的我就不算了"
"","","","","鱼糕今天困了没",1745944260,"我这次机票酒店加在一起7000"
"","","","","鱼糕今天困了没",1745944212,"几万块不至于"
"","","","","鱼糕今天困了没",1745944208,"应该不至于 但是得有"
"","","","","鱼糕今天困了没",1745944196,"吃饭你按一顿2000日元算"
"","","","","鱼糕今天困了没",1745944178,"这就是基本花销了"
"","","","","鱼糕今天困了没",1745944173,"再加上往返机票"
"","","","","鱼糕今天困了没",1745944164,"城市里面酒店一晚上1k+吧"
"","","","","鱼糕今天困了没",1745944132,"100日元一瓶饮料都不够"
"","","","","鱼糕今天困了没",1745944124,"其实是资产签"
"","","","","鱼糕今天困了没",1745944020,"我穷学生都下签了"
"","","","","鱼糕今天困了没",1745943996,"五年多次550"
"","","","","鱼糕今天困了没",1745943992,"三年多次450"
"","","","","鱼糕今天困了没",1745943984,"单次个人才250"
"","","","","鱼糕今天困了没",1745943947,"不跟团也不要500块"
"","","","","鱼糕今天困了没",1745943903,"ps 要签证"
"","","","","鱼糕今天困了没",1745943888,"起码提前两周票价才正常"
"","","","","鱼糕今天困了没",1745943877,"没有查第二天票价的 这种时候都不是常规票"
"","","","","鱼糕今天困了没",1745943862,"厦门航空750"
"","","","","鱼糕今天困了没",1745943782,"我这一趟往返2k5"
"","","","","鱼糕今天困了没",1745943775,"南京航线不行"
"","","","","鱼糕今天困了没",1745943769,"上海是便宜一点"
"","","","","鱼糕今天困了没",1745943723,"多说话就亮了"
"","","","","鱼糕今天困了没",1745943690,"小猫咪乖 请小猫咪吃罐罐"
"","","","","鱼糕今天困了没",1745943635,"他们就是知道你要去 然后涨价"
"","","","","鱼糕今天困了没",1745943610,"小猫咪"
"","","","","鱼糕今天困了没",1745943587,"就是不降价"
"","","","","鱼糕今天困了没",1745943581,"我们也觉得机票贵 奈何竞争不行"
"","","","","鱼糕今天困了没",1745943532,"飞北美起码12"
"","","","","鱼糕今天困了没",1745943528,"飞日本俩小时"
"","","","","鱼糕今天困了没",1745943522,"远啊"
"","","","","鱼糕今天困了没",1745943501,"人流少的时候1w 8k"
"","","","","鱼糕今天困了没",1745943486,"要去北美的话往返2w了"
"","","","","鱼糕今天困了没",1745943470,"我意思也有欧美人"
"","","","","鱼糕今天困了没",1745943423,"欧美也有"
"","","","","鱼糕今天困了没",1745943420,"可能往返4k吧"
"","","","","鱼糕今天困了没",1745943408,"全是人"
"","","","","鱼糕今天困了没",1745943347,"很热闹"
"","","","","鱼糕今天困了没",1745943342,"嗯 都是东京知名地方"
"","","","","鱼糕今天困了没",1745943032,"所以 咳咳（"
"","","","","鱼糕今天困了没",1745943026,"之前就有莫名其妙精神失常开始捅刀子的（"
"","","","","鱼糕今天困了没",1745943002,"你要是碰到地雷 炸了 就不好笑了"
"","","","","鱼糕今天困了没",1745942993,"好看归好看"
"","","","","鱼糕今天困了没",1745942987,"叫地雷肯定是有原因的"
"","","","","鱼糕今天困了没",1745942976,"有"
"","","","","鱼糕今天困了没",1745942906,"答应我别碰地雷好吗"
"","","","","鱼糕今天困了没",1745942898,"全是人啊 8千多人"
"","","","","鱼糕今天困了没",1745942839,"我听完了都"
"","","","","鱼糕今天困了没",1745942831,"昨天晚上 今天下午"
"","","","","鱼糕今天困了没",1745942793,"就你刚刚听的那个"
"","","","","鱼糕今天困了没",1745942788,"我来听演唱会的"
"","","","","鱼糕今天困了没",1745942738,"确实没兴趣"
"","","","","鱼糕今天困了没",1745942694,"我是正经人嗷[dog]"
"","","","","鱼糕今天困了没",1745942626,"还有别的更那啥的也多"
"","","","","鱼糕今天困了没",1745942619,"确实很多"
"","","","","鱼糕今天困了没",1745942539,"太好听了吧 简直是天籁"
"","","","","鱼糕今天困了没",1745942483,"ok"
"","","","","鱼糕今天困了没",1745942295,"会的 我有一门课教授日本人"
"","","","","鱼糕今天困了没",1745942271,"秒針を噛む"
"","","","","鱼糕今天困了没",1745942265,"嗯嗯 挺有名的这首"
"","","","","鱼糕今天困了没",1745942245,"你搜一下 嗯嗯 歌手名"
"","","","","鱼糕今天困了没",1745942226,"zutomayo会吗（"
"","","","","鱼糕今天困了没",1745942222,"我听的挺杂的"
"","","","","鱼糕今天困了没",1745942139,"回了 又出去玩了 现在在日本"
"","","","","鱼糕今天困了没",1745942110,"4.16开始的"
"","","","","鱼糕今天困了没",1745942103,"四个 半 月[dog]"
"","","","","鱼糕今天困了没",1745942067,"放到8月底[花]"
"","","","","鱼糕今天困了没",1745942050,"因为我放假了呀"
"","","","","鱼糕今天困了没",1745942041,"晚上好[花]"
"","","","","鱼糕今天困了没",1745941648,"[喝彩][喝彩][喝彩][喝彩][喝彩][喝彩][喝彩][喝彩][喝彩][喝彩][喝彩]"
"","","","","鱼糕今天困了没",1745941555,"好[花]"
"","","","","鱼糕今天困了没",1745941534,"歌手"
"","","","","鱼糕今天困了没",1745941532,"对"
"","","","","鱼糕今天困了没",1745941530,"你随便 找一首"
"","","","","鱼糕今天困了没",1745941521,"660"
"","","","","鱼糕今天困了没",1745940795,"[dog]"
"","","","","鱼糕今天困了没",1745940789,"点歌 zutomayo"
"","","","","鱼糕今天困了没",1745940719,"wwwwwww"
"","","","","鱼糕今天困了没",1745940698,"今天点歌怎么/99了"
"","","","","鱼糕今天困了没",1745940366,"我今天才听完的ztmy演唱会[dog]"
"","","","","鱼糕今天困了没",1745940356,"放假了"
"","","","","鱼糕今天困了没",1745940335,"晚上好[比心]"
"","","","","鱼糕今天困了没",1745889632,"拍照"
"","","","","鱼糕今天困了没",1745889630,"拍卖有点bt了"
"","","","","鱼糕今天困了没",1745889621,"没活了 来这么多次基本上都去过了"
"","","","","鱼糕今天困了没",1745889601,"今天晚上再去拍点东西"
"","","","","鱼糕今天困了没",1745889587,"前几天动过了"
"","","","","鱼糕今天困了没",1745889569,"除了演唱会以外"
"","","","","鱼糕今天困了没",1745889562,"我没活动"
"","","","","鱼糕今天困了没",1745889485,"约等于没有"
"","","","","鱼糕今天困了没",1745889481,"我10:17"
"","","","","鱼糕今天困了没",1745889474,"1h"
"","","","","鱼糕今天困了没",1745889459,"床倒还好 酒店没少住"
"","","","","鱼糕今天困了没",1745889444,"生物钟吧 得调段时间了"
"","","","","鱼糕今天困了没",1745889425,"8.30醒的"
"","","","","鱼糕今天困了没",1745889419,"睡不着了（"
"","","","","鱼糕今天困了没",1745889370,"早[比心]"
"","","","","鱼糕今天困了没",1745802609,"？我进了什么什么房间了吗"
"","","","","鱼糕今天困了没",1745765317,"这样 你让他上麦替代你上班"
"","","","","鱼糕今天困了没",1745765255,"有人id没了"
"","","","","鱼糕今天困了没",1745716010,"但是在胶片机上[dog]"
"","","","","鱼糕今天困了没",1745716000,"拍了其实"
"","","","","鱼糕今天困了没",1745679002,"跨洋的就是说"
"","","","","鱼糕今天困了没",1745678994,"我不在国内没办法一起联机"
"","","","","鱼糕今天困了没",1745678918,"我不在国内啊（"
"","","","","鱼糕今天困了没",1745678868,"晕不晕没办法"
"","","","","鱼糕今天困了没",1745678832,"嗯？"
"","","","","鱼糕今天困了没",1745678780,"我是steam大玩家"
"","","","","鱼糕今天困了没",1745678751,"不玩（"
"","","","","鱼糕今天困了没",1745678738,"我vr也不晕"
"","","","","鱼糕今天困了没",1745678732,"不晕"
"","","","","鱼糕今天困了没",1745678642,"不是（"
"","","","","鱼糕今天困了没",1745678602,"唉 男人[dog]"
"","","","","鱼糕今天困了没",1745678482,"晚安电台（"
"","","","","鱼糕今天困了没",1745678470,"对的（"
"","","","","鱼糕今天困了没",1745678445,"困了（"
"","","","","鱼糕今天困了没",1745677970,"不用谢我[dog]"
"","","","","鱼糕今天困了没",1745677966,"诺！我会明天再吃别的部分的[可怜]"
"","","","","鱼糕今天困了没",1745677699,"那很美味了"
"","","","","鱼糕今天困了没",1745677659,"我要腿那部分"
"","","","","鱼糕今天困了没",1745675620,"诺有没有看过那个奇怪口味肠粉系列视频"
"","","","","鱼糕今天困了没",1745675586,"雨诺怎么这么坏啊"
"","","","","鱼糕今天困了没",1745675532,"诺不能变成很坏很坏的人"
"","","","","鱼糕今天困了没",1745675317,"捏捏小🦵"
"","","","","鱼糕今天困了没",1745675265,"灯赚的 赚70"
"","","","","鱼糕今天困了没",1745675181,"7.3"
"","","","","鱼糕今天困了没",1745675174,"我经常去那个gyubee"
"","","","","鱼糕今天困了没",1745675164,"多伦多烤肉自助可能40cad吧"
"","","","","鱼糕今天困了没",1745675135,"60usd有点bt了"
"","","","","鱼糕今天困了没",1745675108,"烤诺！劲呐"
"","","","","鱼糕今天困了没",1745674906,"虽然质量不行 全靠同行衬托"
"","","","","鱼糕今天困了没",1745674809,"诺！"
"","","","","鱼糕今天困了没",1745674701,"哦还有电话环节"
"","","","","鱼糕今天困了没",1745674679,"离蒙村近 ny？ma？"
"","","","","鱼糕今天困了没",1745674091,"阿尔兹海诺吗 我可以得一下吗[可怜]"
"","","","","鱼糕今天困了没",1745674013,"感觉丢了replace就很麻烦"
"","","","","鱼糕今天困了没",1745674003,"最近变成一直检查信用卡刷完有没有放好了"
"","","","","鱼糕今天困了没",1745673893,"我是一直检查驾照护照"
"","","","","鱼糕今天困了没",1745673877,"+10086"
"","","","","鱼糕今天困了没",1745673822,"十分钟"
"","","","","鱼糕今天困了没",1745673819,"yyz人流不多的情况下值机到走到登机口"
"","","","","鱼糕今天困了没",1745673796,"坐多了就学会卡点了"
"","","","","鱼糕今天困了没",1745673658,"毕竟累计航段不需要铁屁股[dog]"
"","","","","鱼糕今天困了没",1745673645,"攒里程可以考虑短途飞机"
"","","","","鱼糕今天困了没",1745673540,"yyz-yul倒还行"
"","","","","鱼糕今天困了没",1745673529,"yul还不能5分钟fast track"
"","","","","鱼糕今天困了没",1745673479,"诺你怎么变成炸鸡了呜呜呜好可口斯哈斯哈"
"","","","","鱼糕今天困了没",1745673213,"if线：屁股坐的裂成四块"
"","","","","鱼糕今天困了没",1745673168,"好的狱长大人"
"","","","","鱼糕今天困了没",1745673121,"回的 接着在国内吃吃吃"
"","","","","鱼糕今天困了没",1745673092,"我是传奇铁屁股飞人鱼糕"
"","","","","鱼糕今天困了没",1745673076,"五一接着跑hk[dog]"
"","","","","鱼糕今天困了没",1745673061,"你怎么知道我从4.16放到8.31"
"","","","","鱼糕今天困了没",1745672940,"四舍五入吃辣吃苦是良性m啊[dog]"
"","","","","鱼糕今天困了没",1745672826,"我呜呜呜呜呜呜呜呜呜"
"","","","","鱼糕今天困了没",1745672823,"雨诺不喜欢鱼 那是不是 也不喜欢鱼糕了"
"","","","","鱼糕今天困了没",1745672784,"人生3w多天进入直播间，快去打个招呼吧！"
"","","","","鱼糕今天困了没",1745672717,"或者去cdkey shop找后缀（us）"
"","","","","鱼糕今天困了没",1745672698,"你得开美区号用美卡送"
"","","","","鱼糕今天困了没",1745672684,"因为低价区不能送高价"
"","","","","鱼糕今天困了没",1745672677,"不能跨区送礼"
"","","","","鱼糕今天困了没",1745672666,"可以的 这样我变身半个诺大家没意见吧"
"","","","","鱼糕今天困了没",1745672608,"对对 我看ztmy演唱会去了[dog]"
"","","","","鱼糕今天困了没",1745672580,"与此同时鱼糕闪现到了大阪吃吃吃（"
"","","","","鱼糕今天困了没",1745672495,"辻利茶舗 叫这个名字"
"","","","","鱼糕今天困了没",1745672468,"我去找一下 copy paste一下"
"","","","","鱼糕今天困了没",1745672417,"那个牌子你应该见过 但我不会打那个字（"
"","","","","鱼糕今天困了没",1745672385,"好喝！"
"","","","","鱼糕今天困了没",1745672371,"我们学校旁边有一家tsujiri茶铺"
"","","","","鱼糕今天困了没",1745672303,"诺！诺诺诺诺诺诺诺！[比心]"
"","","","","鱼糕今天困了没",1745649692,"封号版是什么版"
"","","","","鱼糕今天困了没",1745649544,"hhhh"
"","","","","鱼糕今天困了没",1745649266,"可能有一部分图得很晚才出了"
"","","","","鱼糕今天困了没",1745649255,"可以 我拍拍"
"","","","","鱼糕今天困了没",1745649221,"我不知道能拍到啥 晚上出去逛去"
"","","","","鱼糕今天困了没",1745649207,"[dog]"
"","","","","鱼糕今天困了没",1745649181,"前面单次签还有3回"
"","","","","鱼糕今天困了没",1745649168,"我光多次签去了5回了（"
"","","","","鱼糕今天困了没",1745649148,"但是我懒狗 到现在照片还没搞出来"
"","","","","鱼糕今天困了没",1745649138,"诶其实我去年去看樱花了"
"","","","","鱼糕今天困了没",1745649089,"不能接受半生不熟的"
"","","","","鱼糕今天困了没",1745649084,"我能接受熟的 能接受生的"
"","","","","鱼糕今天困了没",1745649042,"对对对"
"","","","","鱼糕今天困了没",1745649015,"可能再找个烧鸟"
"","","","","鱼糕今天困了没",1745649009,"吃蘸面 明天晚上海鲜[dog]"
"","","","","鱼糕今天困了没",1745648989,"喵"
"","","","","鱼糕今天困了没",1745648577,"我拍个照片给你看看（"
"","","","","鱼糕今天困了没",1745648571,"就 长酒店样（"
"","","","","鱼糕今天困了没",1745648549,"在床上躺着呢"
"","","","","鱼糕今天困了没",1745648543,"到了喵"
"","","","","鱼糕今天困了没",1745549487,"跑了 出门饭饭了"
"","","","","鱼糕今天困了没",1745548765,"笑死了"
"","","","","鱼糕今天困了没",1745548442,"我向来都是 交给你选歌"
"","","","","鱼糕今天困了没",1745547892,"那想必 是不行的"
"","","","","鱼糕今天困了没",1745547867,"那不得不看了"
"","","","","鱼糕今天困了没",1745547861,"还有这种要求"
"","","","","鱼糕今天困了没",1745547751,"真能忍吧 就没人说话"
"","","","","鱼糕今天困了没",1745547311,"你看 准不准"
"","","","","鱼糕今天困了没",1745546965,"老粉已经坐下等惩罚了"
"","","","","鱼糕今天困了没",1745546310,"掉小珍珠了"
"","","","","鱼糕今天困了没",1745546298,"天蝎怎么了"
"","","","","鱼糕今天困了没",1745546206,"相信不了一点倍率"
"","","","","鱼糕今天困了没",1745545748,"准备玩游戏（"
"","","","","鱼糕今天困了没",1745545685,"好爽的键盘声"
"","","","","鱼糕今天困了没",1745544583,"对的喵"
"","","","","鱼糕今天困了没",1745544551,"吃了 我6点多醒了一次"
"","","","","鱼糕今天困了没",1745417810,"牛"
"","","","","鱼糕今天困了没",1745417251,"vv今天也好可爱[花]"
"","","","","鱼糕今天困了没",1745417091,"[比心][比心][比心]"
"","","","","鱼糕今天困了没",1745416849,"vv晚上好[花]"
"","","","","鱼糕今天困了没",1745410307,"0"
"","","","","鱼糕今天困了没",1745406678,"顶多6小时"
"","","","","鱼糕今天困了没",1745406667,"这个红又无所谓"
"","","","","鱼糕今天困了没",1745406597,"被对面举报扣烂了"
"","","","","鱼糕今天困了没",1745406587,"21-3"
"","","","","鱼糕今天困了没",1745406582,"新号 20级 竞技 白银"
"","","","","鱼糕今天困了没",1745406535,"要我拍身份证"
"","","","","鱼糕今天困了没",1745406531,"直到我被连着举报了"
"","","","","鱼糕今天困了没",1745406520,"我上一个号就是买的"
"","","","","鱼糕今天困了没",1745406496,"对咯"
"","","","","鱼糕今天困了没",1745406473,"没弄"
"","","","","鱼糕今天困了没",1745406469,"我长时间在外面"
"","","","","鱼糕今天困了没",1745406445,"没有"
"","","","","鱼糕今天困了没",1745406254,"[可怜]"
"","","","","鱼糕今天困了没",1745405878,"我北美"
"","","","","鱼糕今天困了没",1745405865,"跨不了"
"","","","","鱼糕今天困了没",1745405858,"你们外服应该是亚太大区"
"","","","","鱼糕今天困了没",1745405820,"但我北美大区"
"","","","","鱼糕今天困了没",1745405811,"虽然我很想"
"","","","","鱼糕今天困了没",1745405736,"在呢"
"","","","","鱼糕今天困了没",1745405671,"打不动咯"
"","","","","鱼糕今天困了没",1745405652,"之前水钻"
"","","","","鱼糕今天困了没",1745405647,"之前打"
"","","","","鱼糕今天困了没",1745405633,"咳咳"
"","","","","鱼糕今天困了没",1745405600,"嗯？"
"","","","","鱼糕今天困了没",1745386100,"喵呜"
"","","","","鱼糕今天困了没",1745381171,"我在思考午饭吃什么"
"","","","","鱼糕今天困了没",1745380731,"这个qap也是你们的？"
"","","","","鱼糕今天困了没",1745380644,"18米"
"","","","","鱼糕今天困了没",1745380562,"这个程度没什么杀伤力"
"","","","","鱼糕今天困了没",1745380531,"没事 家里没人"
"","","","","鱼糕今天困了没",1745379979,"那确实 很厉害了"
"","","","","鱼糕今天困了没",1745379910,"那很好了"
"","","","","鱼糕今天困了没",1745379887,"我好像 进来的 挺是时候"
"","","","","鱼糕今天困了没",1745379849,"咳 没睡醒（"
"","","","","鱼糕今天困了没",1745286756,"[dog]"
"","","","","鱼糕今天困了没",1745286750,"因为一直在外面"
"","","","","鱼糕今天困了没",1745286727,"对对 消失个半个月"
"","","","","鱼糕今天困了没",1745286708,"四五天吧"
"","","","","鱼糕今天困了没",1745286490,"对对"
"","","","","鱼糕今天困了没",1745286485,"算调过来了"
"","","","","鱼糕今天困了没",1745286476,"1点多吧 玩游戏玩的（"
"","","","","鱼糕今天困了没",1745286443,"我还赖在床上（"
"","","","","鱼糕今天困了没",1745286425,"早！"
"","","","","鱼糕今天困了没",1745199203,"玩不懂（"
"","","","","鱼糕今天困了没",1745199147,"早[花]"
"","","","","鱼糕今天困了没",1745068047,"我会好好照顾乳酪的[委屈]"
"","","","","鱼糕今天困了没",1745068029,"给我吗[委屈]"
"","","","","鱼糕今天困了没",1745068023,"诺[委屈] 你走了[委屈] 可以把乳酪"
"","","","","鱼糕今天困了没",1745067902,"诺！"
"","","","","鱼糕今天困了没",1744722532,"诺！早！"
"","","","","鱼糕今天困了没",1744462387,"小诺 你可以吃小奶牛猫"
"","","","","鱼糕今天困了没",1744462337,"？四个奶牛吗"
"","","","","鱼糕今天困了没",1744462238,"这样 你 一天 一只 小马[dog]"
"","","","","鱼糕今天困了没",1744115977,"还能分裂成小雨诺吗 异世界魔物 抓起来！"
"","","","","鱼糕今天困了没",1744115823,"哇是美味的食材"
"","","","","鱼糕今天困了没",1744115721,"乳酪姐姐我雨诺呢"
"","","","","鱼糕今天困了没",1743862634,"问题不大"
"","","","","鱼糕今天困了没",1743862632,"大游戏本没那么集成的可以自己修"
"","","","","鱼糕今天困了没",1743862602,"对对"
"","","","","鱼糕今天困了没",1743862596,"技嘉宣传出了个事 也叫技术不行 勇气可嘉"
"","","","","鱼糕今天困了没",1743862530,"我觉得还是技嘉最幽默"
"","","","","鱼糕今天困了没",1743862463,"主板和卡"
"","","","","鱼糕今天困了没",1743862320,"自己折腾几个小时就会了"
"","","","","鱼糕今天困了没",1743862307,"别人装要加钱"
"","","","","鱼糕今天困了没",1743862254,"现在跑点小ai没问题"
"","","","","鱼糕今天困了没",1743862242,"对啊 我当时装了个游戏卡+计算卡的"
"","","","","鱼糕今天困了没",1743862173,"会的喵 算同学的 装的改的有三四台了"
"","","","","鱼糕今天困了没",1743861802,"flex票可两小时退改 升舱优先级也高[dog]"
"","","","","鱼糕今天困了没",1743861780,"加航学生票4次$3996[dog]"
"","","","","鱼糕今天困了没",1743861664,"今年境内就普及免费wifi了"
"","","","","鱼糕今天困了没",1743861656,"加航明年洲际也要免费高速wifi了"
"","","","","鱼糕今天困了没",1743861638,"立省$30"
"","","","","鱼糕今天困了没",1743861390,"看b站只能看语音直播"
"","","","","鱼糕今天困了没",1743861382,"飞机wifi看netflix没啥问题"
"","","","","鱼糕今天困了没",1743861316,"tactical 支线故事下棋那个"
"","","","","鱼糕今天困了没",1743861207,"之前我插着玩p5t来着"
"","","","","鱼糕今天困了没",1743861197,"插电玩十几个小时就落地了"
"","","","","鱼糕今天困了没",1743861186,"小游戏直接在飞机上通掉[dog]"
"","","","","鱼糕今天困了没",1743859687,"一拳把你打跑[可怜]"
"","","","","鱼糕今天困了没",1743859679,"雨诺是谁 为什么占据波奇的身体[可怜]"
"","","","","鱼糕今天困了没",1743859655,"*一拳"
"","","","","鱼糕今天困了没",1743857782,"四舍五入我也是雨诺的狗"
"","","","","鱼糕今天困了没",1743857767,"权限狗是好的 我喜欢权限狗"
"","","","","鱼糕今天困了没",1743856934,"我要当诺的替身"
"","","","","鱼糕今天困了没",1743856847,"诺 我喜欢你 跟我组乐队[比心]"
"","","","","鱼糕今天困了没",1743775548,"诺！早！（"
"","","","","鱼糕今天困了没",1743512444,"诺 早[花]"
"","","","","鱼糕今天困了没",1743345855,"给鱼糕上个舰也行 可以喜提糯鱼糕21[dog]"
"","","","","鱼糕今天困了没",1743345797,"死盖过生日能不能发个上舰红包同乐一下"
"","","","","鱼糕今天困了没",1743345733,"应该是叫这个"
"","","","","鱼糕今天困了没",1743345729,"世界は恋に落ちている"
"","","","","鱼糕今天困了没",1743345677,"（刚醒）"
"","","","","鱼糕今天困了没",1743345667,"诺 早！"
"","","","","鱼糕今天困了没",1743204442,"哦？那很好了"
"","","","","鱼糕今天困了没",1743204415,"诺现在还有多少时长"
"","","","","鱼糕今天困了没",1743204366,"草"
"","","","","鱼糕今天困了没",1743204352,"她白天"
"","","","","鱼糕今天困了没",1743204321,"哦哟诺 怎么还在播"
"","","","","鱼糕今天困了没",1743193824,"我以为是龟苓膏"
"","","","","鱼糕今天困了没",1743192770,"猫娘咖啡馆[花]"
"","","","","鱼糕今天困了没",1743191954,"21小时 今天疑似有人陪我吃晚饭了"
"","","","","鱼糕今天困了没",1743191845,"主号上反而是小号"
"","","","","鱼糕今天困了没",1743191838,"[可怜]"
"","","","","鱼糕今天困了没",1743191835,"说起舟啊 我的大号在手机副号上找不回来了"
"","","","","鱼糕今天困了没",1743191730,"pu保底200抽"
"","","","","鱼糕今天困了没",1743191724,"一看4星保底要100抽"
"","","","","鱼糕今天困了没",1743191708,"一共攒出40抽 就出四个保底"
"","","","","鱼糕今天困了没",1743191694,"来看看pjsk吧家人们 打个活动连打8h"
"","","","","鱼糕今天困了没",1743191617,"三国杀更是满门抄斩级别的[捂脸]"
"","","","","鱼糕今天困了没",1743191488,"对的喵"
"","","","","鱼糕今天困了没",1743191446,"诺！下午好！"
"","","","","鱼糕今天困了没",1743184324,"诺饭饭了没"
"","","","","鱼糕今天困了没",1743184288,"24小时"
"","","","","鱼糕今天困了没",1743184283,"哦哟怎么还在播"
"","","","","鱼糕今天困了没",1742995872,"所以记事本回播了什么"
"","","","","鱼糕今天困了没",1742995835,"那我要去找别人了[花]"
"","","","","鱼糕今天困了没",1742995751,"诺被欺负委委屈屈也好可爱 想欺负[doge2]"
"","","","","鱼糕今天困了没",1742995705,"5分钟路到教室"
"","","","","鱼糕今天困了没",1742995695,"很近啊 我on campus"
"","","","","鱼糕今天困了没",1742995677,"太舒服了 不想起[委屈]"
"","","","","鱼糕今天困了没",1742995669,"然而我还在床上"
"","","","","鱼糕今天困了没",1742995619,"对 我10点的课"
"","","","","鱼糕今天困了没",1742995613,"想要诺香柠檬茶"
"","","","","鱼糕今天困了没",1742995596,"想必不是去找别人 去找我会直接说出来[dog]"
"","","","","鱼糕今天困了没",1742995540,"被发现了 没脸待着了 离开了 不要想我"
"","","","","鱼糕今天困了没",1742995494,"这个啊 该省省该花花 该伸手要就要[dog]"
"","","","","鱼糕今天困了没",1742995316,"死盖v我1998我给诺上个提"
"","","","","鱼糕今天困了没",1742995256,"真快吧yyfj"
"","","","","鱼糕今天困了没",1742995242,"我救你出来"
"","","","","鱼糕今天困了没",1742995232,"死盖—————"
"","","","","鱼糕今天困了没",1742995184,"拿 拿 都可以拿"
"","","","","鱼糕今天困了没",1742994905,"主播是不是不能佩戴自己的牌子"
"","","","","鱼糕今天困了没",1742994863,"（"
"","","","","鱼糕今天困了没",1742994861,"诺也要变成球球吗[可怜]"
"","","","","鱼糕今天困了没",1742994680,"因为我是毛茸茸诺球球"
"","","","","鱼糕今天困了没",1742994648,"对的喵"
"","","","","鱼糕今天困了没",1742994602,"诺 早！"
"","","","","鱼糕今天困了没",1742914387,"冰镇可乐更好喝"
"","","","","鱼糕今天困了没",1742911139,"我就说吧 带多了别的牌子她就习惯了（[dog]"
"","","","","鱼糕今天困了没",1742910952,"肯定是这样的"
"","","","","鱼糕今天困了没",1742910938,"艺术史"
"","","","","鱼糕今天困了没",1742910921,"我在教室 表演不了喵"
"","","","","鱼糕今天困了没",1742910912,"天赋和刻意是有区别的"
"","","","","鱼糕今天困了没",1742910872,"不认可"
"","","","","鱼糕今天困了没",1742910864,"不行"
"","","","","鱼糕今天困了没",1742910793,"不够糖"
"","","","","鱼糕今天困了没",1742910613,"[委屈]"
"","","","","鱼糕今天困了没",1742910606,"被退了"
"","","","","鱼糕今天困了没",1742910602,"我跟死盖发的sc连字都是一样的"
"","","","","鱼糕今天困了没",1742910551,"我有意见 我连被退了3条sc"
"","","","","鱼糕今天困了没",1742910186,"[doge2]"
"","","","","鱼糕今天困了没",1742910173,"速报 我的sc被退回了"
"","","","","鱼糕今天困了没",1742909999,"没事 你现在也可以发"
"","","","","鱼糕今天困了没",1742909928,"你为什么奖励他 我也要"
"","","","","鱼糕今天困了没",1742909863,"我要唱歌"
"","","","","鱼糕今天困了没",1742909862,"没关系 你跑路了我也喜欢你"
"","","","","鱼糕今天困了没",1742909855,"诺怎么跑路了"
"","","","","鱼糕今天困了没",1742909826,"啊对的对的 你是天才"
"","","","","鱼糕今天困了没",1742909769,"死盖qaq我喜欢你"
"","","","","鱼糕今天困了没",1742909748,"正确的"
"","","","","鱼糕今天困了没",1742909674,"3w你怎么带别人的20级牌子[委屈]"
"","","","","鱼糕今天困了没",1742909589,"羡慕被诺玩弄"
"","","","","鱼糕今天困了没",1742909500,"已被房管禁言"
"","","","","鱼糕今天困了没",1742909485,"哈哈哈哈哈哈哈哈"
"","","","","鱼糕今天困了没",1742909474,"诺！早！"
"","","","","鱼糕今天困了没",1742649031,"我最喜欢小灰🐑"
"","","","","鱼糕今天困了没",1742648786,"我的框是紫色的 提督也是 我约等于提督"
"","","","","鱼糕今天困了没",1742648731,"喂心动盲盒 然后去bls对对碰"
"","","","","鱼糕今天困了没",1742648675,"哦哦哦哦哦蓝毛诺 可爱"
"","","","","鱼糕今天困了没",1742613846,"我玩不过正常 我70小时 我对面1000"
"","","","","鱼糕今天困了没",1742613815,"还没玩明白 科技点的太慢了"
"","","","","鱼糕今天困了没",1742613787,"hhhhh"
"","","","","鱼糕今天困了没",1742613783,"打完了 被锤烂了"
"","","","","鱼糕今天困了没",1742573922,"你是神"
"","","","","鱼糕今天困了没",1742573916,"牛！"
"","","","","鱼糕今天困了没",1742496298,"马完了"
"","","","","鱼糕今天困了没",1742495979,"桂 盐都不带盐的"
"","","","","鱼糕今天困了没",1742390199,"我是老虎 雨诺打我[可怜]"
"","","","","鱼糕今天困了没",1742389503,"穹 看看🦵[dog]"
"","","","","鱼糕今天困了没",1742389418,"哦酷还有春日野悠"
"","","","","鱼糕今天困了没",1742389213,"Sweet home Alabama"
"","","","","鱼糕今天困了没",1742389205,"能吗 不能吧"
"","","","","鱼糕今天困了没",1742389121,"[比心]早 诺"
"","","","","鱼糕今天困了没",1742351899,"跑了 等不忙了再来 可能一周吧"
"","","","","鱼糕今天困了没",1742351820,"1.5km"
"","","","","鱼糕今天困了没",1742351814,"今天早上起来头是转的"
"","","","","鱼糕今天困了没",1742351804,"我再不逃课睡觉我要累麻了"
"","","","","鱼糕今天困了没",1742351794,"上课离宿舍远"
"","","","","鱼糕今天困了没",1742351739,"今天狠狠逃课睡觉一整天"
"","","","","鱼糕今天困了没",1742351730,"刚玩完星露谷"
"","","","","鱼糕今天困了没",1742264003,"哪里的猫猫"
"","","","","鱼糕今天困了没",1742263756,"草"
"","","","","鱼糕今天困了没",1742263741,"还有没有拾柴的 有我就充电池了"
"","","","","鱼糕今天困了没",1742263675,"原来这个键盘是纤雪的啊"
"","","","","鱼糕今天困了没",1742262739,"坏了 这个打不过"
"","","","","鱼糕今天困了没",1742262733,"哦哟"
"","","","","鱼糕今天困了没",1742261990,"打猫猫屁股可不是奖励他吗"
"","","","","鱼糕今天困了没",1742261880,"假期也就10几天"
"","","","","鱼糕今天困了没",1742261870,"哈哈哈哈哈哈哈哈哈哈我们是这样的"
"","","","","鱼糕今天困了没",1742261833,"工作日啦 写程序呢"
"","","","","鱼糕今天困了没",1742179137,"纤雪疑似还没发现我把牌子换了[dog]"
"","","","","鱼糕今天困了没",1742178889,"怎么唱一半给自己逗笑了呢[dog]"
"","","","","鱼糕今天困了没",1742178670,"[可怜]"
"","","","","鱼糕今天困了没",1742177615,"[dog][dog][dog]"
"","","","","鱼糕今天困了没",1742177612,"那想必我偷偷带别人的牌子你也没意见吧（"
"","","","","鱼糕今天困了没",1742177424,"手柄老登"
"","","","","鱼糕今天困了没",1742177413,"主机端我ps3 psv就玩了"
"","","","","鱼糕今天困了没",1742177319,"算起来小学6年级开始玩的"
"","","","","鱼糕今天困了没",1742177308,"我这个steam其实7年了"
"","","","","鱼糕今天困了没",1742177142,"报告 吃饭后小零食了（"
"","","","","鱼糕今天困了没",1742176955,"你看看认识几个"
"","","","","鱼糕今天困了没",1742176824,"等下 我截屏给你"
"","","","","鱼糕今天困了没",1742176789,"我玩的太多了玩不过来"
"","","","","鱼糕今天困了没",1742176760,"呼——哈——（*趴在桌上流口水）"
"","","","","鱼糕今天困了没",1742176715,"对的 还有15分钟"
"","","","","鱼糕今天困了没",1742176692,"困困喵"
"","","","","鱼糕今天困了没",1742176658,"喵呜"
"","","","","鱼糕今天困了没",1742175780,"做大做强 再创辉煌[doge2]"
"","","","","鱼糕今天困了没",1742174900,"我说怎么看过他出现一下又消失了"
"","","","","鱼糕今天困了没",1742174851,"所以顾凡是谁（"
"","","","","鱼糕今天困了没",1742174460,"哦哟"
"","","","","鱼糕今天困了没",1742174441,"排了半小时"
"","","","","鱼糕今天困了没",1742174433,"终于排到了 好好好"
"","","","","鱼糕今天困了没",1742174100,"好在哪里[dog]"
"","","","","鱼糕今天困了没",1742173935,"地狱梗不少"
"","","","","鱼糕今天困了没",1742173922,"他骂我我可能没感觉 我骂他他会怀疑上辈子"
"","","","","鱼糕今天困了没",1742173879,"包问候的 攻击性这一方面拿捏"
"","","","","鱼糕今天困了没",1742173809,"我会直接fk开头那b什么词结尾"
"","","","","鱼糕今天困了没",1742173786,"还是太文明了"
"","","","","鱼糕今天困了没",1742173758,"在洗衣机洗鞋容易被打"
"","","","","鱼糕今天困了没",1742173713,"别洗鞋就行"
"","","","","鱼糕今天困了没",1742173709,"想多了 默认都洗袜子"
"","","","","鱼糕今天困了没",1742173666,"第一次看到不满的8麦"
"","","","","鱼糕今天困了没",1742173665,"那就大概率找不着了"
"","","","","鱼糕今天困了没",1742173615,"并非有 都是机子"
"","","","","鱼糕今天困了没",1742173584,"有的没礼貌的会挪到某个未知角落"
"","","","","鱼糕今天困了没",1742173571,"我属于比较礼貌的"
"","","","","鱼糕今天困了没",1742173527,"有人占用几台机子洗完衣服不拿走"
"","","","","鱼糕今天困了没",1742173516,"在排队洗衣服"
"","","","","鱼糕今天困了没",1742097645,"眯！"
"","","","","鱼糕今天困了没",1742096148,"但是！他要80刀！滴血啊"
"","","","","鱼糕今天困了没",1742096137,"撑的不行"
"","","","","鱼糕今天困了没",1742096133,"上周点了个部队锅狂炫两碗大米饭"
"","","","","鱼糕今天困了没",1742096089,"呆久了看泡菜都是国宴"
"","","","","鱼糕今天困了没",1742096070,"我啥都想吃"
"","","","","鱼糕今天困了没",1742095987,"我饿呜呜呜哇哇哇哇哇哇哇哇哇"
"","","","","鱼糕今天困了没",1742095892,"现在23：30"
"","","","","鱼糕今天困了没",1742095884,"完全没人去吃 都买汉堡了"
"","","","","鱼糕今天困了没",1742095877,"今天学校食堂印度咖喱"
"","","","","鱼糕今天困了没",1742095832,"我回国第一要务是睡觉 第二要务是饭饭"
"","","","","鱼糕今天困了没",1742095781,"所以 离远点 没坏处（"
"","","","","鱼糕今天困了没",1742095775,"还得自己出钱 大几百刀打底 基本上千"
"","","","","鱼糕今天困了没",1742095744,"腿上紫了 进急诊还排队 别人比他急"
"","","","","鱼糕今天困了没",1742095721,"我有个学长路过啥都没干 被咬了一口"
"","","","","鱼糕今天困了没",1742095706,"攻击性太强"
"","","","","鱼糕今天困了没",1742095693,"以前还给喂 现在不行了"
"","","","","鱼糕今天困了没",1742095651,"他打你你进医院 你打他那是保护动物"
"","","","","鱼糕今天困了没",1742095637,"大鹅？那群都能当我教授学长了"
"","","","","鱼糕今天困了没",1742095573,"周末没有懒觉 还有大鹅叫醒 大鹅坏"
"","","","","鱼糕今天困了没",1742095555,"晚睡早起坏"
"","","","","鱼糕今天困了没",1742095539,"困是不困 就是全身酸的很"
"","","","","鱼糕今天困了没",1742095249,"所以加载卡卡的 还要等信用卡公司确认"
"","","","","鱼糕今天困了没",1742095217,"只能网页端扫二维码 走国外支付宝"
"","","","","鱼糕今天困了没",1742095198,"他不接受外卡支付"
"","","","","鱼糕今天困了没",1742095187,"这个我知道 我用不了"
"","","","","鱼糕今天困了没",1742095135,"然而我生活费没有额度百分之一"
"","","","","鱼糕今天困了没",1742095123,"我学生0收入给我大几万刷"
"","","","","鱼糕今天困了没",1742095085,"刷多了信用卡公司夸夸提额度"
"","","","","鱼糕今天困了没",1742095075,"没事 花加币还加币"
"","","","","鱼糕今天困了没",1742095019,"对 因为一分钱rmb没有"
"","","","","鱼糕今天困了没",1742094995,"加拿大的信用卡"
"","","","","鱼糕今天困了没",1742094984,"american express"
"","","","","鱼糕今天困了没",1742094950,"我充电池很慢"
"","","","","鱼糕今天困了没",1742094942,"其实并非突然"
"","","","","鱼糕今天困了没",1742094828,"夺少？"
"","","","","鱼糕今天困了没",1742094660,"学的好 好听喵"
"","","","","鱼糕今天困了没",1742094340,"好的喵"
"","","","","鱼糕今天困了没",1742094297,"我都行啊"
"","","","","鱼糕今天困了没",1742094174,"嗯？"
"","","","","鱼糕今天困了没",1742093110,"感觉前两天给我累着了"
"","","","","鱼糕今天困了没",1742093104,"我啥都没干呢 躺着呢"
"","","","","鱼糕今天困了没",1742092499,"不必多说"
"","","","","鱼糕今天困了没",1742092491,"害 食堂"
"","","","","鱼糕今天困了没",1742092285,"开玩"
"","","","","鱼糕今天困了没",1742092281,"考完期中2"
"","","","","鱼糕今天困了没",1742092273,"终于是没有写作业了"
"","","","","鱼糕今天困了没",1742052103,"10块很好了"
"","","","","鱼糕今天困了没",1742042536,"[dog]"
"","","","","鱼糕今天困了没",1742042362,"诺 看看玉额头"
"","","","","鱼糕今天困了没",1742042293,"但是看看🦵"
"","","","","鱼糕今天困了没",1742042279,"呜呜呜呜呜呜呜呜呜呜"
"","","","","鱼糕今天困了没",1742042199,"诺！看看🦵（"
"","","","","鱼糕今天困了没",1741963242,"哇好古老的东西"
"","","","","鱼糕今天困了没",1741961101,"连着点一周啊 怎么不算学歌呢[dog]"
"","","","","鱼糕今天困了没",1741960995,"那不得不点歌单外的了"
"","","","","鱼糕今天困了没",1741960942,"12:00！"
"","","","","鱼糕今天困了没",1741960934,"凑整！"
"","","","","鱼糕今天困了没",1741960853,"移动端4060太拉了"
"","","","","鱼糕今天困了没",1741960841,"我到现在还没玩上流畅的2077"
"","","","","鱼糕今天困了没",1741960794,"50系烧电源驱动修了吗"
"","","","","鱼糕今天困了没",1741960765,"英特尔生产台式都出来了"
"","","","","鱼糕今天困了没",1741960757,"别整奇奇怪怪配置"
"","","","","鱼糕今天困了没",1741960747,"我意思你推点正经的"
"","","","","鱼糕今天困了没",1741960693,"何必呢"
"","","","","鱼糕今天困了没",1741960688,"我第一反应他说的计算棒和nuc"
"","","","","鱼糕今天困了没",1741960659,"英特尔是啥牌子啊"
"","","","","鱼糕今天困了没",1741960605,"推点好的吧"
"","","","","鱼糕今天困了没",1741960548,"这样你就可以只考虑游戏性能了"
"","","","","鱼糕今天困了没",1741960533,"其实你有两台笔记本插个采集卡推辅机都行"
"","","","","鱼糕今天困了没",1741960513,"带得动直播好说"
"","","","","鱼糕今天困了没",1741960413,"我上次西部ssd返厂卡我半天"
"","","","","鱼糕今天困了没",1741960391,"三星好在保修不拖"
"","","","","鱼糕今天困了没",1741960346,"电脑买苹果是有什么特别的用途吗"
"","","","","鱼糕今天困了没",1741960321,"我每次加硬盘都买西部的oem"
"","","","","鱼糕今天困了没",1741960302,"贵点贵点"
"","","","","鱼糕今天困了没",1741960288,"那三星吧"
"","","","","鱼糕今天困了没",1741960256,"西部没了？？"
"","","","","鱼糕今天困了没",1741960203,"固态的话片没坏就不会丢"
"","","","","鱼糕今天困了没",1741960190,"那数据肯定没事"
"","","","","鱼糕今天困了没",1741960167,"那台"
"","","","","鱼糕今天困了没",1741960165,"固态还是机械啊"
"","","","","鱼糕今天困了没",1741959983,"🤖👋"
"","","","","鱼糕今天困了没",1741959972,"其实我叫鱼诺akari"
"","","","","鱼糕今天困了没",1741959731,"[doge2]"
"","","","","鱼糕今天困了没",1741959724,"后来不认识就一律不加了"
"","","","","鱼糕今天困了没",1741959705,"有人说我应该开心 事实上是一帮人拿图就跑"
"","","","","鱼糕今天困了没",1741959643,"妈！"
"","","","","鱼糕今天困了没",1741958690,"就是今年status疑似保不住要多飞两段"
"","","","","鱼糕今天困了没",1741958677,"不至于铁屁股"
"","","","","鱼糕今天困了没",1741958665,"我有status可以用点数升舱不花钱"
"","","","","鱼糕今天困了没",1741958606,"买个机上wifi起飞接着看"
"","","","","鱼糕今天困了没",1741958590,"羡慕飞机上"
"","","","","鱼糕今天困了没",1741958233,"原意并非好词"
"","","","","鱼糕今天困了没",1741958219,"三小是台语"
"","","","","鱼糕今天困了没",1741957617,"发q了 这两个牌子的我买好几回了[dog]"
"","","","","鱼糕今天困了没",1741957490,"也不知道怎么解释cider 要不链接发你"
"","","","","鱼糕今天困了没",1741957403,"雨诺 我喜欢你[比心]"
"","","","","鱼糕今天困了没",1741957374,"我觉得水果味的cider很无敌"
"","","","","鱼糕今天困了没",1741957340,"我要力推apple cider"
"","","","","鱼糕今天困了没",1741957295,"直接喝打竞技要被骂了（"
"","","","","鱼糕今天困了没",1741957279,"我边打游戏边喝的"
"","","","","鱼糕今天困了没",1741957169,"我本意是想睡晚一点的"
"","","","","鱼糕今天困了没",1741957144,"[doge2]"
"","","","","鱼糕今天困了没",1741957127,"昨天晚上我在金汤力 今天早上照样被鹅叫醒"
"","","","","鱼糕今天困了没",1741957007,"（对我看到你玩我想起来还有5s了"
"","","","","鱼糕今天困了没",1741956975,"说到p5我买了p5strikers"
"","","","","鱼糕今天困了没",1741956846,"想必只要大家都能听懂就是好语法"
"","","","","鱼糕今天困了没",1741956831,"我的语法已经崩坏了"
"","","","","鱼糕今天困了没",1741956820,"英语吗 那很好了"
"","","","","鱼糕今天困了没",1741956695,"这样我常驻的地方都能用"
"","","","","鱼糕今天困了没",1741956680,"我直接给电脑买了俩充电器"
"","","","","鱼糕今天困了没",1741956649,"对的喵 但我还有论文要写（"
"","","","","鱼糕今天困了没",1741956603,"没课哦 我课表上四休三"
"","","","","鱼糕今天困了没",1741956583,"诺！早！"
"","","","","鱼糕今天困了没",1741786403,"11111"
"","","","","鱼糕今天困了没",1741786358,"[花]有爽到[比心]"
"","","","","鱼糕今天困了没",1741786308,"好听得很"
"","","","","鱼糕今天困了没",1741785794,"[dog]"
"","","","","鱼糕今天困了没",1741785790,"看到了吗 还有空间 大家都来挨骂"
"","","","","鱼糕今天困了没",1741785552,"可以 充个电池"
"","","","","鱼糕今天困了没",1741785499,"死盖qaq我喜欢你"
"","","","","鱼糕今天困了没",1741785303,"哈人的很 我不敢吃"
"","","","","鱼糕今天困了没",1741785294,"那个甜的不是奶油 是糖霜"
"","","","","鱼糕今天困了没",1741784901,"猫猫！早！"
"","","","","鱼糕今天困了没",1741750294,"经典25"
"","","","","鱼糕今天困了没",1741750137,"绷不住了"
"","","","","鱼糕今天困了没",1741749469,"日常是这样的 所以放假就是休息"
"","","","","鱼糕今天困了没",1741749375,"冬令时结束了"
"","","","","鱼糕今天困了没",1741749367,"这两天变12小时了"
"","","","","鱼糕今天困了没",1741749332,"我英语日语的都有"
"","","","","鱼糕今天困了没",1741749322,"我已经躺下了 感觉明后两天赶赶不是赶不出"
"","","","","鱼糕今天困了没",1741749292,"虽然就700词这样"
"","","","","鱼糕今天困了没",1741749260,"累得慌 不想写"
"","","","","鱼糕今天困了没",1741698813,"实习生小诺！早！"
"","","","","鱼糕今天困了没",1741579256,"等下"
"","","","","鱼糕今天困了没",1741579216,"涨的慢"
"","","","","鱼糕今天困了没",1741579213,"大厅牌子没到20上限很低"
"","","","","鱼糕今天困了没",1741579019,"不一样 有的一学期三次 有的四次"
"","","","","鱼糕今天困了没",1741578990,"不过四月头又要忙"
"","","","","鱼糕今天困了没",1741578980,"对 下周就好了"
"","","","","鱼糕今天困了没",1741578949,"做完了 眯！明天还得熬"
"","","","","鱼糕今天困了没",1741578776,"嗯~"
"","","","","鱼糕今天困了没",1741577160,"我都听 纯杂食"
"","","","","鱼糕今天困了没",1741577099,"可以喵"
"","","","","鱼糕今天困了没",1741576792,"影响我驾驶的话"
"","","","","鱼糕今天困了没",1741576785,"虽然法律意义上可以创他 如果他切到我前面"
"","","","","鱼糕今天困了没",1741576715,"多伦多也全是 还不要驾照没人管"
"","","","","鱼糕今天困了没",1741576629,"还行 没有禁摩没那么多麻烦"
"","","","","鱼糕今天困了没",1741576607,"然后路考和高速考分开 所以我要考4回"
"","","","","鱼糕今天困了没",1741576579,"一个证 两个准假类型"
"","","","","鱼糕今天困了没",1741576512,"主要我还有个摩托车证的部分"
"","","","","鱼糕今天困了没",1741576499,"对 重新考 估摸着要花2500刀"
"","","","","鱼糕今天困了没",1741576484,"没有 加拿大在左边"
"","","","","鱼糕今天困了没",1741576467,"我国内有驾照其实 这边不给用"
"","","","","鱼糕今天困了没",1741576455,"约等于国内科目三吧"
"","","","","鱼糕今天困了没",1741576438,"还有一篇论文"
"","","","","鱼糕今天困了没",1741576429,"这周三个考试一个驾考"
"","","","","鱼糕今天困了没",1741575568,"兔兔你回去"
"","","","","鱼糕今天困了没",1741575561,"？兔兔坏"
"","","","","鱼糕今天困了没",1741575537,"我要把精灵兔吃光光"
"","","","","鱼糕今天困了没",1741575398,"兔兔坏 兔兔坏"
"","","","","鱼糕今天困了没",1741575197,"不用穿大厚外套了"
"","","","","鱼糕今天困了没",1741575185,"还行 高于0度了反正"
"","","","","鱼糕今天困了没",1741575148,"过几天又考试"
"","","","","鱼糕今天困了没",1741575135,"这个点 想必鱼糕是在写作业（"
"","","","","鱼糕今天困了没",1741445742,"诺王国 万岁！"
"","","","","鱼糕今天困了没",1741445734,"你的盐我的醋！"
"","","","","鱼糕今天困了没",1741445101,"可以听诺说劳资蜀道山吗"
"","","","","鱼糕今天困了没",1741444286,"诺！早！"
"","","","","鱼糕今天困了没",1741417878,"好切"
"","","","","鱼糕今天困了没",1741417847,"高僧预测：瞄地被抓"
"","","","","鱼糕今天困了没",1741333882,"你这个ip 那确实有点吓人"
"","","","","鱼糕今天困了没",1741328944,"下午好～"
"","","","","鱼糕今天困了没",1741269806,"晚上好～"
"","","","","鱼糕今天困了没",1741232902,"那必然是猫赢了 因为龙虾变熟了"
"","","","","鱼糕今天困了没",1741232774,"能吃的很 还挑食"
"","","","","鱼糕今天困了没",1741232767,"母猫"
"","","","","鱼糕今天困了没",1741232592,"睡觉要躺我腿边"
"","","","","鱼糕今天困了没",1741232575,"有 天天抢我饭吃"
"","","","","鱼糕今天困了没",1741232547,"可爱猫猫 想念我家小猫了"
"","","","","鱼糕今天困了没",1741231495,"steam id"
"","","","","鱼糕今天困了没",1741231487,"游戏太多了"
"","","","","鱼糕今天困了没",1741231481,"战绩可查"
"","","","","鱼糕今天困了没",1741231476,"id：f1shcake#onegai"
"","","","","鱼糕今天困了没",1741231433,"我是pc单机玩家"
"","","","","鱼糕今天困了没",1741231429,"不玩"
"","","","","鱼糕今天困了没",1741229901,"这个歌词 有一种 非常前卫的感觉"
"","","","","鱼糕今天困了没",1741229466,"注销不了一点"
"","","","","鱼糕今天困了没",1741229420,"我气死"
"","","","","鱼糕今天困了没",1741229415,"我在国外还必须得保着60GB套餐"
"","","","","鱼糕今天困了没",1741229396,"我被开了个没金额的附加服务不能改套餐了"
"","","","","鱼糕今天困了没",1741229371,"别接 不知道啥时候就被莫名其妙办套餐了"
"","","","","鱼糕今天困了没",1741228653,"感觉不如我今天一发出雏菊 给我看呆了"
"","","","","鱼糕今天困了没",1741227611,"包好吃"
"","","","","鱼糕今天困了没",1741227607,"我常驻npc"
"","","","","鱼糕今天困了没",1741227600,"有 我们旁边有一家重庆味道 还有越南米粉"
"","","","","鱼糕今天困了没",1741227555,"我周末都是忍不了点外卖的"
"","","","","鱼糕今天困了没",1741227536,"和面包 汉堡"
"","","","","鱼糕今天困了没",1741227527,"主食天天芝士意面"
"","","","","鱼糕今天困了没",1741227520,"烤鸡是干的 泰式咖喱口味吃起来粉粉的 痛"
"","","","","鱼糕今天困了没",1741227500,"不好吃 一点都不好吃"
"","","","","鱼糕今天困了没",1741227473,"我们学校食堂 逆天中的逆天"
"","","","","鱼糕今天困了没",1741227236,"哦哦ok 我怕不给你个人你拿不着"
"","","","","鱼糕今天困了没",1741227112,"在写 问题不大 我在写小论文"
"","","","","鱼糕今天困了没",1741227057,"哦哟pk吗"
"","","","","鱼糕今天困了没",1741115233,"还有高手 不是t图吗 t不拿分"
"","","","","鱼糕今天困了没",1741115125,"蹦蹦跳跳 倒头就睡 年轻就是好"
"","","","","鱼糕今天困了没",1741115011,"下半场真能拿三分吗 感觉没了"
"","","","","鱼糕今天困了没",1741114830,"打昏头了 开始干拉钻烟了"
"","","","","鱼糕今天困了没",1741114282,"广义官匹 有官方 也有匹配"
"","","","","鱼糕今天困了没",1740931595,"好像 都唱了"
"","","","","鱼糕今天困了没",1740930052,"ff7好磕[doge2]"
"","","","","鱼糕今天困了没",1740836189,"崛起好打吗 那我去买一个"
"","","","","鱼糕今天困了没",1740801221,"可以喵"
"","","","","鱼糕今天困了没",1740800606,"cs"
"","","","","鱼糕今天困了没",1740800191,"主打一个会了就行 可以只做作业 没人管的"
"","","","","鱼糕今天困了没",1740800132,"没事 课可以不去上 不记考勤[dog]"
"","","","","鱼糕今天困了没",1740800093,"我生物钟很乱的 不知道啥时候就醒了眯了"
"","","","","鱼糕今天困了没",1740800033,"多伦多 13小时 我晚上10:33"
"","","","","鱼糕今天困了没",1740799817,"远程连的 我朋友在美国 我在加拿大"
"","","","","鱼糕今天困了没",1740799517,"不是 33332只是基础型 基础型没有役"
"","","","","鱼糕今天困了没",1740799472,"要有牌型"
"","","","","鱼糕今天困了没",1740799469,"就是要和牌必须有役种"
"","","","","鱼糕今天困了没",1740799452,"对 雀魂"
"","","","","鱼糕今天困了没",1740799398,"日麻"
"","","","","鱼糕今天困了没",1740799381,"麻将"
"","","","","鱼糕今天困了没",1740799357,"在打牌 晚上才做完作业"
"","","","","鱼糕今天困了没",1740679175,"[dog][dog][dog]"
"","","","","鱼糕今天困了没",1740679171,"OK 下播吗 那我看别的妹妹去了"
"","","","","鱼糕今天困了没",1740679137,"[花]"
"","","","","鱼糕今天困了没",1740678976,"这位更是 这位直播西游记原片"
"","","","","鱼糕今天困了没",1740678923,"只赢不超额"
"","","","","鱼糕今天困了没",1740678914,"还有7电池"
"","","","","鱼糕今天困了没",1740678907,"稳健"
"","","","","鱼糕今天困了没",1740678876,"重生打到一半"
"","","","","鱼糕今天困了没",1740678868,"我还在ff7"
"","","","","鱼糕今天困了没",1740678864,"不会怪猎"
"","","","","鱼糕今天困了没",1740626326,"吃到自己了吗"
"","","","","鱼糕今天困了没",1740624066,"下个月的"
"","","","","鱼糕今天困了没",1740624058,"咳咳 这个月不行"
"","","","","鱼糕今天困了没",1740623969,"在"
"","","","","鱼糕今天困了没",1740623851,"好好看的特效"
"","","","","鱼糕今天困了没",1740620966,"在电脑上 所以在听"
"","","","","鱼糕今天困了没",1740620959,"其实是写代码"
"","","","","鱼糕今天困了没",1740620921,"在"
"","","","","鱼糕今天困了没",1740620405,"没事 我可以打字"
"","","","","鱼糕今天困了没",1740620347,"在"
"","","","","鱼糕今天困了没",1740619171,"没有吧"
"","","","","鱼糕今天困了没",1740619118,"确实 我们学校出了名的卷"
"","","","","鱼糕今天困了没",1740619045,"期中考完了接着上课[捂脸]"
"","","","","鱼糕今天困了没",1740618967,"感觉不好说"
"","","","","鱼糕今天困了没",1740618962,"我考艺术史和经济"
"","","","","鱼糕今天困了没",1740618930,"我在和考试搏斗"
"","","","","鱼糕今天困了没",1740577250,"下个月初"
"","","","","鱼糕今天困了没",1740577238,"新卡额度太低了"
"","","","","鱼糕今天困了没",1740577232,"信用卡爆了 下个月能上"
"","","","","鱼糕今天困了没",1740576443,"哈哈哈哈哈哈哈哈"
"","","","","鱼糕今天困了没",1740576056,"小委屈更可爱了 想欺负"
"","","","","鱼糕今天困了没",1740504716,"草"
"","","","","鱼糕今天困了没",1740504699,"先走了 复习去了"
"","","","","鱼糕今天困了没",1740504652,"这个森林茶话会是新上的吗 好好看"
"","","","","鱼糕今天困了没",1740504617,"很有挑战性啊"
"","","","","鱼糕今天困了没",1740504586,"懂了 开个小号 看看山能不能认出来"
"","","","","鱼糕今天困了没",1740503292,"五彩斑斓的黑"
"","","","","鱼糕今天困了没",1740503275,"[dog]"
"","","","","鱼糕今天困了没",1740502378,"我的专业吗"
"","","","","鱼糕今天困了没",1740502366,"立个flag"
"","","","","鱼糕今天困了没",1740502361,"今天刚考完艺术史 下午经济"
"","","","","鱼糕今天困了没",1740501685,"差的多呢"
"","","","","鱼糕今天困了没",1740501679,"猫车概率0.13"
"","","","","鱼糕今天困了没",1740501608,"笑不出来"
"","","","","鱼糕今天困了没",1740501602,"剩下的基本上60%是兔子"
"","","","","鱼糕今天困了没",1740501594,"我最好就出过1k的车 就那么一次"
"","","","","鱼糕今天困了没",1740500979,"把会员保级了"
"","","","","鱼糕今天困了没",1740234795,"只要是黑的我就没借过"
"","","","","鱼糕今天困了没",1740234783,"我超 撸口子"
"","","","","鱼糕今天困了没",1740234749,"我没有意见"
"","","","","鱼糕今天困了没",1740234742,"你可以觉得我是"
"","","","","鱼糕今天困了没",1740234613,"你也赚了 我也赚了"
"","","","","鱼糕今天困了没",1740234606,"雨诺借我1998我上个提督"
"","","","","鱼糕今天困了没",1740205067,"半年不到[委屈]"
"","","","","鱼糕今天困了没",1740205048,"呃 可能半年一年？"
"","","","","鱼糕今天困了没",1740205028,"僚机情报的力量"
"","","","","鱼糕今天困了没",1740205000,"转头就跟另一个谈上了"
"","","","","鱼糕今天困了没",1740204985,"她说理由是学习太忙"
"","","","","鱼糕今天困了没",1740204734,"怎么可以直接亲亲呢 这样是坏宝宝"
"","","","","鱼糕今天困了没",1740203130,"vv！"
"","","","","鱼糕今天困了没",1739805020,"又延了"
"","","","","鱼糕今天困了没",1739805011,"还得卡起码俩小时"
"","","","","鱼糕今天困了没",1739805004,"halifax yhz"
"","","","","鱼糕今天困了没",1739781001,"77下午好！"
"","","","","鱼糕今天困了没",1739766521,"好久没摸这个了"
"","","","","鱼糕今天困了没",1739766509,"哇 戴森球"
"","","","","鱼糕今天困了没",1739716771,"特雷纳桑！"
"","","","","鱼糕今天困了没",1739716629,"大和scarlet！"
"","","","","鱼糕今天困了没",1739716566,"包的"
"","","","","鱼糕今天困了没",1739716095,"诶 诺要骂我吗 请"
"","","","","鱼糕今天困了没",1739715430,"铁锅炖大诺！"
"","","","","鱼糕今天困了没",1739715065,"八宝粥！"
"","","","","鱼糕今天困了没",1739713217,"大漠波新是作者名字"
"","","","","鱼糕今天困了没",1739713184,"好听好玩"
"","","","","鱼糕今天困了没",1739713171,"のだ　大漠波新"
"","","","","鱼糕今天困了没",1739712980,"吃掉了我就是新诺！"
"","","","","鱼糕今天困了没",1739712931,"是会唱歌的诺耶 想炖肉吃掉[花]"
"","","","","鱼糕今天困了没",1739712804,"[喝彩][喝彩][喝彩][喝彩][喝彩][喝彩][喝彩][喝彩]"
"","","","","鱼糕今天困了没",1739712749,"拉瑞安是这个👍"
"","","","","鱼糕今天困了没",1739712737,"博得之门确实好玩"
"","","","","鱼糕今天困了没",1739712559,"暑假低价票和直飞还没放出来"
"","","","","鱼糕今天困了没",1739712541,"这种是真有人喝"
"","","","","鱼糕今天困了没",1739712519,"见过20泵糖浆10份砂糖的配置吗"
"","","","","鱼糕今天困了没",1739712454,"但是我是加航学生票的狗 加航就会贵一点"
"","","","","鱼糕今天困了没",1739712422,"看舱位吧 国内某些航司转机来回可能$1k"
"","","","","鱼糕今天困了没",1739712273,"我严重怀疑我飞回去飞过来一趟都比修便宜"
"","","","","鱼糕今天困了没",1739712162,"诺香喷嚏吗"
"","","","","鱼糕今天困了没",1739712014,"诺！早！"
"","","","","鱼糕今天困了没",1739633418,"vv可爱捏"
"","","","","鱼糕今天困了没",1739600521,"[喝彩][喝彩][喝彩]"
"","","","","鱼糕今天困了没",1739600296,"这是yuika？"
"","","","","鱼糕今天困了没",1739600291,"算吧"
"","","","","鱼糕今天困了没",1739600074,"我听jpop多一点"
"","","","","鱼糕今天困了没",1739599903,"啊 一发出啊"
"","","","","鱼糕今天困了没",1739542880,"爽！"
"","","","","鱼糕今天困了没",1739542853,"请狠狠的用pocky烫我"
"","","","","鱼糕今天困了没",1739542804,"请烫我"
"","","","","鱼糕今天困了没",1739541518,"哦健胃消食片"
"","","","","鱼糕今天困了没",1739541502,"布洛芬 开瑞坦 消炎药 这种都有"
"","","","","鱼糕今天困了没",1739541468,"也不知道吃的对不对 反正吃了"
"","","","","鱼糕今天困了没",1739541455,"我衣柜里面有一抽屉常用药"
"","","","","鱼糕今天困了没",1739541415,"学生保险没什么coverage"
"","","","","鱼糕今天困了没",1739541407,"我没有health card的"
"","","","","鱼糕今天困了没",1739541402,"我没有 我不敢看"
"","","","","鱼糕今天困了没",1739541050,"足够洗澡听完歌了 正好1%结束"
"","","","","鱼糕今天困了没",1739540651,"诺🦵好 可以烧烤"
"","","","","鱼糕今天困了没",1739540603,"从看看🦵做起 所以诺 看看🦵"
"","","","","鱼糕今天困了没",1739540562,"想看诺香柠檬茶"
"","","","","鱼糕今天困了没",1739540374,"可以分吗 那我要诺神的左手"
"","","","","鱼糕今天困了没",1739540214,"看看🦵"
"","","","","鱼糕今天困了没",1739539753,"有无形的东西在手上 只要碰别的地方就洗"
"","","","","鱼糕今天困了没",1739539728,"我"
"","","","","鱼糕今天困了没",1739539648,"糖糖把我藏在了衣柜里 说被发现了就要踢我"
"","","","","鱼糕今天困了没",1739539625,"其实我是阿p 我现在正在糖糖家里偷看直播"
"","","","","鱼糕今天困了没",1739539304,"没有合集了那不打sc了"
"","","","","鱼糕今天困了没",1739539240,"趁诺看不见赶紧发点能进合集的"
"","","","","鱼糕今天困了没",1739539227,"这种时候就该偷偷打sc了"
"","","","","鱼糕今天困了没",1739539185,"我都不敢吃 感觉自己会变成很奇怪的样子"
"","","","","鱼糕今天困了没",1739539160,"说到热量我们食堂那个全是芝士的意面更bt"
"","","","","鱼糕今天困了没",1739538978,"[比心]"
"","","","","鱼糕今天困了没",1739538973,"喜欢有点苦的味道 就像骂我会让我有点爽到"
"","","","","鱼糕今天困了没",1739538863,"我超 冰！"
"","","","","鱼糕今天困了没",1739538845,"我最多能接受85%"
"","","","","鱼糕今天困了没",1739538827,"97%也太猛了"
"","","","","鱼糕今天困了没",1739538774,"好甜好甜 都是我的….🤤"
"","","","","鱼糕今天困了没",1739538751,"想吃想吃想吃想吃想吃 诺香巧克力嘿嘿嘿嘿"
"","","","","鱼糕今天困了没",1739538671,"想吃"
"","","","","鱼糕今天困了没",1739538661,"诺香巧巧吗"
"","","","","鱼糕今天困了没",1739538582,"还好之前买了不少"
"","","","","鱼糕今天困了没",1739538570,"我没买啊 我属于是被封在宿舍那一派的"
"","","","","鱼糕今天困了没",1739538547,"不记得具体在哪里了"
"","","","","鱼糕今天困了没",1739538543,"要不就是某个ending"
"","","","","鱼糕今天困了没",1739538536,"去游乐园还是哪个地方的bgm还行"
"","","","","鱼糕今天困了没",1739538326,"坏了 诺好可怕 活不到明天早上了呜呜呜"
"","","","","鱼糕今天困了没",1739538209,"糖糖当女仆吗 真不怕晚上被桶似吗（"
"","","","","鱼糕今天困了没",1739538168,"也不算白色 反正就是那个超天酱形态"
"","","","","鱼糕今天困了没",1739538150,"热度其实是在于地雷和另一套白色的衣服"
"","","","","鱼糕今天困了没",1739537886,"（对 我是初期muse plus倒霉蛋"
"","","","","鱼糕今天困了没",1739537866,"导致现在muse plus也变成解锁全歌"
"","","","","鱼糕今天困了没",1739537666,"原价不便宜 计划通打骨折买的"
"","","","","鱼糕今天困了没",1739537437,"诺！早！"
"","","","","鱼糕今天困了没",1739516304,"这个"
"","","","","鱼糕今天困了没",1739516274,"对的 是会说话的版本"
"","","","","鱼糕今天困了没",1739516262,"有人开过新盲盒吗"
"","","","","鱼糕今天困了没",1739515176,"好耶！"
"","","","","鱼糕今天困了没",1739515173,"哦那我应该能看到"
"","","","","鱼糕今天困了没",1739515146,"明天还有直播看吗"
"","","","","鱼糕今天困了没",1739515053,"什么学姐 哪里有学姐"
"","","","","鱼糕今天困了没",1739514788,"可爱捏 捏捏"
"","","","","鱼糕今天困了没",1739514381,"甚至是微信进去了吗哈哈哈哈"
"","","","","鱼糕今天困了没",1739514197,"可以有我吗"
"","","","","鱼糕今天困了没",1739514072,"什么 居然开了美颜吗"
"","","","","鱼糕今天困了没",1739513965,"多个色彩边框"
"","","","","鱼糕今天困了没",1739513942,"没用 纯是电池堆的"
"","","","","鱼糕今天困了没",1739513906,"这样 你先提升点你的荣耀等级 看看实力"
"","","","","鱼糕今天困了没",1739513291,"其实比老印有素质"
"","","","","鱼糕今天困了没",1739513280,"差不多 少一点"
"","","","","鱼糕今天困了没",1739513264,"基本上南方边境州"
"","","","","鱼糕今天困了没",1739513254,"少 美国多"
"","","","","鱼糕今天困了没",1739513233,"不如隔壁美国民风淳朴"
"","","","","鱼糕今天困了没",1739513222,"还好吧 安全起码还是有的"
"","","","","鱼糕今天困了没",1739513145,"我攻击力比较强 不太敢找我"
"","","","","鱼糕今天困了没",1739513135,"表面上没有 其实还是有"
"","","","","鱼糕今天困了没",1739513127,"他们会指使种姓低的"
"","","","","鱼糕今天困了没",1739513105,"没有刻板印象 全是真实输出"
"","","","","鱼糕今天困了没",1739513090,"喜欢指使人做事也是真的"
"","","","","鱼糕今天困了没",1739513074,"偷别人旺旺雪饼也是真的"
"","","","","鱼糕今天困了没",1739513063,"加油站蹲下开拉也是真的"
"","","","","鱼糕今天困了没",1739513012,"ip正确了这回"
"","","","","鱼糕今天困了没",1739513006,"别的都不认识"
"","","","","鱼糕今天困了没",1739513000,"朋友有一两个"
"","","","","鱼糕今天困了没",1739512996,"牢印偏多"
"","","","","鱼糕今天困了没",1739512948,"平时没人说话憋的"
"","","","","鱼糕今天困了没",1739512894,"问呗 公开信息都能说 不公开的我也不知道"
"","","","","鱼糕今天困了没",1739512853,"（"
"","","","","鱼糕今天困了没",1739512734,"确实"
"","","","","鱼糕今天困了没",1739512656,"没差别"
"","","","","鱼糕今天困了没",1739512651,"我无所谓啊 学了十几年英语楼"
"","","","","鱼糕今天困了没",1739512599,"我太菜了进不了那个范围"
"","","","","鱼糕今天困了没",1739512585,"只有采访的几个人才有"
"","","","","鱼糕今天困了没",1739512532,"这对吗"
"","","","","鱼糕今天困了没",1739512530,"坏了"
"","","","","鱼糕今天困了没",1739512517,"不能真有人认识我吧 但我普高"
"","","","","鱼糕今天困了没",1739512507,"？"
"","","","","鱼糕今天困了没",1739512429,"其实吧我觉得有女同学更重要一点（"
"","","","","鱼糕今天困了没",1739512298,"技工学校"
"","","","","鱼糕今天困了没",1739512291,"滑铁卢"
"","","","","鱼糕今天困了没",1739512270,"时差13小时啊"
"","","","","鱼糕今天困了没",1739512244,"绕半圈"
"","","","","鱼糕今天困了没",1739512240,"飞机十几个小时吧"
"","","","","鱼糕今天困了没",1739512178,"对"
"","","","","鱼糕今天困了没",1739512092,"你在哪儿啊"
"","","","","鱼糕今天困了没",1739511992,"我时区在 12:46 am"
"","","","","鱼糕今天困了没",1739511978,"我明天早上 要上课"
"","","","","鱼糕今天困了没",1739511889,"记仇吗 有点"
"","","","","鱼糕今天困了没",1739511775,"嘴角压不住了"
"","","","","鱼糕今天困了没",1739511691,"我先去眯了 明天还上课"
"","","","","鱼糕今天困了没",1739511202,"有钱吗 并非有钱"
"","","","","鱼糕今天困了没",1739511119,"技工学校伪装大学"
"","","","","鱼糕今天困了没",1739511105,"虽然我是学艺术的"
"","","","","鱼糕今天困了没",1739511099,"理工校是这样的"
"","","","","鱼糕今天困了没",1739510995,"解读一下什么叫没有正常人"
"","","","","鱼糕今天困了没",1739510939,"大一"
"","","","","鱼糕今天困了没",1739510916,"高中谈的分了有段时间了"
"","","","","鱼糕今天困了没",1739510820,"羡慕有npy的"
"","","","","鱼糕今天困了没",1739510130,"好好好好好"
"","","","","鱼糕今天困了没",1739510092,"我05"
"","","","","鱼糕今天困了没",1739510087,"哈哈哈哈哈还是要输赢吗"
"","","","","鱼糕今天困了没",1739510030,"真要年份吗"
"","","","","鱼糕今天困了没",1739509975,"我5号"
"","","","","鱼糕今天困了没",1739509947,"笑了"
"","","","","鱼糕今天困了没",1739509918,"我啊 天蝎"
"","","","","鱼糕今天困了没",1739509821,"[比心]"
"","","","","鱼糕今天困了没",1739509581,"什么是 人味（"
"","","","","鱼糕今天困了没",1739509507,"可爱捏vv"
"","","","","鱼糕今天困了没",1739509502,"[花]"
"","","","","鱼糕今天困了没",1739508799,"（"
"","","","","鱼糕今天困了没",1739508794,"不知道 就是看啥都想吃 吃到吃不下"
"","","","","鱼糕今天困了没",1739460294,"好[花]"
"","","","","鱼糕今天困了没",1739455911,"笑不行了"
"","","","","鱼糕今天困了没",1739455516,"那… 来点to签…？"
"","","","","鱼糕今天困了没",1738333710,"什么？亲醒？那也可以"
"","","","","鱼糕今天困了没",1738265022,"我勒个凌晨3:33"
"","","","","鱼糕今天困了没",1738264998,"什么b时间cs啊"
"","","","","鱼糕今天困了没",1738074352,"我自愿加入诺香试毒计划🫡"
"","","","","鱼糕今天困了没",1738074329,"我被家人叫起来视频的"
"","","","","鱼糕今天困了没",1738074275,"雨诺🤤🤤诺香饺子🤤🤤🤤"
"","","","","鱼糕今天困了没",1738073763,"哇 雨诺akari长大了（"
"","","","","鱼糕今天困了没",1738072706,"这个雨诺akari真是太圆了"
"","","","","鱼糕今天困了没",1738071036,"不捏紧就是肉丸面片汤～"
"","","","","鱼糕今天困了没",1738070295,"好奇这个👉👈"
"","","","","鱼糕今天困了没",1737917399,"这tm能发出来啊"
"","","","","鱼糕今天困了没",1737916555,"看到玩出吃胖了忍不住轻哼起来"
"","","","","鱼糕今天困了没",1737916448,"这里是女版MachineWJQ的直播间吗"
"","","","","鱼糕今天困了没",1737909517,"*咣 *咣 *咣"
"","","","","鱼糕今天困了没",1737909500,"我滑跪"
"","","","","鱼糕今天困了没",1737909496,"老是忘记开自动换牌子"
"","","","","鱼糕今天困了没",1737909488,"其实今天也是带着别人的牌子进来的"
"","","","","鱼糕今天困了没",1737828723,"？"
"","","","","鱼糕今天困了没",1737827589,"oi"
"","","","","鱼糕今天困了没",1737826092,"午饭点了个炸鸡 备注要餐具 给了个软勺了"
"","","","","鱼糕今天困了没",1737817559,"没想法👉👈"
"","","","","鱼糕今天困了没",1737816559,"晚上好～"
"","","","","鱼糕今天困了没",1737725871,"146[花]"
"","","","","鱼糕今天困了没",1737725833,"+4"
"","","","","鱼糕今天困了没",1737725738,"+2"
"","","","","鱼糕今天困了没",1737725690,"他就问我你去干啥 就过了👉👈"
"","","","","鱼糕今天困了没",1737725274,"[吃瓜][吃瓜]"
"","","","","鱼糕今天困了没",1737725230,"我 只想 看你 蹲起[比心]"
"","","","","鱼糕今天困了没",1737724815,"真准吧"
"","","","","鱼糕今天困了没",1737724793,"好开！"
"","","","","鱼糕今天困了没",1737650699,"小花花怎么不算花束呢"
"","","","","鱼糕今天困了没",1737650451,"吃午饭去了"
"","","","","鱼糕今天困了没",1737650429,"没事 过两天播了再说吧"
"","","","","鱼糕今天困了没",1737650364,"坏了 今天最后一天优惠续提"
"","","","","鱼糕今天困了没",1737552991,"上个提督看看实力[花]"
"","","","","鱼糕今天困了没",1737380128,"早 诺"
"","","","","鱼糕今天困了没",1737310410,"再送攒不出提督了👉👈"
"","","","","鱼糕今天困了没",1737310382,"wwwwww"
"","","","","鱼糕今天困了没",1737310375,"我"
"","","","","鱼糕今天困了没",1737307354,"我睡到早上十一点"
"","","","","鱼糕今天困了没",1737307271,"狗酱你说得对"
"","","","","鱼糕今天困了没",1737307082,"呜呜呜呜呜呜呜哇"
"","","","","鱼糕今天困了没",1737307075,"不喂了 伤心了"
"","","","","鱼糕今天困了没",1737302434,"才睡醒👉👈"
"","","","","鱼糕今天困了没",1737213607,"国区76 加区26刀约合150+ 我勒个高价区"
"","","","","鱼糕今天困了没",1737213377,"这是 什么 游戏"
"","","","","鱼糕今天困了没",1737213240,"这是狗酱在播吗"
"","","","","鱼糕今天困了没",1737039315,"我早上10点"
"","","","","鱼糕今天困了没",1737039311,"13个小时"
"","","","","鱼糕今天困了没",1737038130,"爽听[花]"
"","","","","鱼糕今天困了没",1737038091,"20"
"","","","","鱼糕今天困了没",1737037666,"求团团代播"
"","","","","鱼糕今天困了没",1737037018,"再来点人点点歌[比心]"
"","","","","鱼糕今天困了没",1736778003,"我想回顾"
"","","","","鱼糕今天困了没",1736777996,"请切片 谢谢"
"","","","","鱼糕今天困了没",1736777989,"包的"
"","","","","鱼糕今天困了没",1736777051,"才发现是蓝毛诺 好耶"
"","","","","鱼糕今天困了没",1736533277,"诺说还要再加"
"","","","","鱼糕今天困了没",1736532982,"你也可以网页直接掐"
"","","","","鱼糕今天困了没",1736532965,"给授权码谁都能播"
"","","","","鱼糕今天困了没",1736516154,"也就3456789个吧 不多[花]"
"","","","","鱼糕今天困了没",1736444417,"满足了"
"","","","","鱼糕今天困了没",1736444414,"刚来就听到这么炸裂的东西"
"","","","","鱼糕今天困了没",1736186150,"我这边的温度"
"","","","","鱼糕今天困了没",1736186125,"-10体感-19纯种老冰棍啊"
"","","","","鱼糕今天困了没",1736186109,"刚上完今天的课"
"","","","","鱼糕今天困了没",1736174559,"以前会"
"","","","","鱼糕今天困了没",1736173646,"还可以吧 鱼豆腐那种感觉"
"","","","","鱼糕今天困了没",1736173603,"吃人啦 呜呜呜"
"","","","","鱼糕今天困了没",1736173534,"把鱼糕吃了 能吃一整年"
"","","","","鱼糕今天困了没",1736172250,"吃吃吃 都多吃点"
"","","","","鱼糕今天困了没",1736172237,"吃！"
"","","","","鱼糕今天困了没",1736171827,"morgana牌闹钟 “那么先睡觉吧”"
"","","","","鱼糕今天困了没",1736171791,"我都是声音大一点的东西在耳边炸一下就醒了"
"","","","","鱼糕今天困了没",1736170274,"速报我今天10点上课"
"","","","","鱼糕今天困了没",1736097091,"羡慕猫猫"
"","","","","鱼糕今天困了没",1736097086,"哦哦哦哦哦哦！可爱"
"","","","","鱼糕今天困了没",1736097000,"我伤心"
"","","","","鱼糕今天困了没",1736096992,"坏了 学校食堂煮史了"
"","","","","鱼糕今天困了没",1736096878,"草"
"","","","","鱼糕今天困了没",1736096118,"要看"
"","","","","鱼糕今天困了没",1736096105,"我早上11点多肯定在玩啊"
"","","","","鱼糕今天困了没",1736096035,"我在别的地方看见过30的紫色"
"","","","","鱼糕今天困了没",1736096021,"29还是30吧"
"","","","","鱼糕今天困了没",1736081930,"虽然不算喜欢奥村 但是她有钱 咳咳（"
"","","","","鱼糕今天困了没",1736081892,"我不到啊 就 睡不着了"
"","","","","鱼糕今天困了没",1735918133,"呜哇"
"","","","","鱼糕今天困了没",1735915832,"啧 太搞了"
"","","","","鱼糕今天困了没",1735914534,"冷死了 谁家好人-3体感-15"
"","","","","鱼糕今天困了没",1735914312,"（（（"
"","","","","鱼糕今天困了没",1735913995,"她外接的麦还是用的手机"
"","","","","鱼糕今天困了没",1735913975,"不到啊"
"","","","","鱼糕今天困了没",1735912848,"过会儿回来"
"","","","","鱼糕今天困了没",1735912835,"你说的对 那我买回来吃"
"","","","","鱼糕今天困了没",1735911153,"应该8个我只有6个"
"","","","","鱼糕今天困了没",1735911146,"坏了 我p5r支线任务丢了"
"","","","","鱼糕今天困了没",1735908467,"看看🦵"
"","","","","鱼糕今天困了没",1735908446,"幽言打个sc喜提让诺骂你[花]"
"","","","","鱼糕今天困了没",1735881710,"我家猫猫不给一直摸 摸多了她还急"
"","","","","鱼糕今天困了没",1735881626,"好可爱的猫猫"
"","","","","鱼糕今天困了没",1735847141,"看你直播这么多次怎么没听过你说话"
"","","","","鱼糕今天困了没",1735833655,"润了 退房去学校宿舍了"
"","","","","鱼糕今天困了没",1735828902,"想要to签👉👈"
"","","","","鱼糕今天困了没",1735828895,"那我喂个别的一样的能行吗"
"","","","","鱼糕今天困了没",1735828422,"我天天就馋这口"
"","","","","鱼糕今天困了没",1735828410,"红油抄手可以"
"","","","","鱼糕今天困了没",1735827789,"四舍五入我也去过漫展了"
"","","","","鱼糕今天困了没",1735827777,"[花]"
"","","","","鱼糕今天困了没",1735827773,"你可以cos鱼糕 因为没有人见过鱼糕"
"","","","","鱼糕今天困了没",1735826733,"吃了经典白人饭 花生酱三明治（笑"
"","","","","鱼糕今天困了没",1735668453,"雨诺好好吃饭～"
"","","","","鱼糕今天困了没",1735668156,"该凑整了"
"","","","","鱼糕今天困了没",1735666669,"我才发现只有我的舰长是1980"
"","","","","鱼糕今天困了没",1735666348,"甚至是想去按摩店吗 正经吗"
"","","","","鱼糕今天困了没",1735665733,"凑整！2点！（"
"","","","","鱼糕今天困了没",1735661111,"我要看我要看（"
"","","","","鱼糕今天困了没",1735659413,"iphone勿扰一开谁也打不进来[花]"
"","","","","鱼糕今天困了没",1735659013,"我每次一玩严阵以待电脑就要出事 玩别的都行"
"","","","","鱼糕今天困了没",1735658760,"诶所以恩狗和狗酱是一个人还是两个人（sry"
"","","","","鱼糕今天困了没",1735657910,"我都不记得我看多久了 可能19年看的？"
"","","","","鱼糕今天困了没",1735657189,"可怜诺"
"","","","","鱼糕今天困了没",1735656727,"[喝彩][喝彩][喝彩][喝彩][喝彩][喝彩][喝彩][喝彩]"
"","","","","鱼糕今天困了没",1735656719,"哈哈哈哈哈哈哈哈哈"
"","","","","鱼糕今天困了没",1735656446,"《学新闻学的》"
"","","","","鱼糕今天困了没",1735655781,"太有审核了"
"","","","","鱼糕今天困了没",1735655763,"哦？"
"","","","","鱼糕今天困了没",1735652896,"我要是能线下跟诺跨年我能笑醒"
"","","","","鱼糕今天困了没",1735652861,"到日本为什么要倒时差（（"
"","","","","鱼糕今天困了没",1735652480,"[花]"
"","","","","鱼糕今天困了没",1735650662,"正在和诺吃一模一样的早餐"
"","","","","鱼糕今天困了没",1735572289,"哈哈哈哈哈哈哈哈草"
"","","","","鱼糕今天困了没",1735572211,"肯定长"
"","","","","鱼糕今天困了没",1735572203,"几乎飞半圈了"
"","","","","鱼糕今天困了没",1735571747,"机上wifi害得"
"","","","","鱼糕今天困了没",1735571739,"我勒个看3秒卡5秒啊 润了"
"","","","","鱼糕今天困了没",1735571623,"oi"
"","","","","鱼糕今天困了没",1735569936,"我把persona补齐了"
"","","","","鱼糕今天困了没",1735569778,"前面打一半没打了后面找朋友一起全成就的"
"","","","","鱼糕今天困了没",1735569757,"双人成行好玩的"
"","","","","鱼糕今天困了没",1735569174,"先yvr 再yyz 第二天ykf"
"","","","","鱼糕今天困了没",1735569134,"不知道 头上顶个我的id牌子…？（好怪"
"","","","","鱼糕今天困了没",1735568038,"甚至是$100 stream那种月卡[委屈]"
"","","","","鱼糕今天困了没",1735567842,"飞机上有人吃泡面 好馋 谁懂"
"","","","","鱼糕今天困了没",1735484559,"[花]"
"","","","","鱼糕今天困了没",1735484552,"心满意足 明天还要赶飞机 眯！"
"","","","","鱼糕今天困了没",1735483622,"团！摸摸！"
"","","","","鱼糕今天困了没",1735483512,"[喝彩][喝彩][喝彩][喝彩][喝彩][喝彩][喝彩]"
"","","","","鱼糕今天困了没",1735483391,"也行[妙]"
"","","","","鱼糕今天困了没",1735483247,"结果很多年后我才知道那玩意是语法错误"
"","","","","鱼糕今天困了没",1735396269,"哦哦哦看到了 马上"
"","","","","鱼糕今天困了没",1735396246,"晚上好～"
"","","","","鱼糕今天困了没",1735395668,"舰长可以成为雨诺的玩具吗 好怪"
"","","","","鱼糕今天困了没",1735347144,"oi vida"
"","","","","鱼糕今天困了没",1735315896,"困困 眯眯[花]"
"","","","","鱼糕今天困了没",1735315676,"鱼糕弹幕姬临时返场～"
"","","","","鱼糕今天困了没",1735315651,"谢谢泡沫玻璃车的50个盲盒～"
"","","","","鱼糕今天困了没",1735315280,"对面应该没开麦"
"","","","","鱼糕今天困了没",1735315191,"在？来个奇遇？"
"","","","","鱼糕今天困了没",1735315105,"呜哇哇哇[委屈]"
"","","","","鱼糕今天困了没",1735315079,"不平衡"
"","","","","鱼糕今天困了没",1735314791,"我喂了一万年喂到的30级 慕了"
"","","","","鱼糕今天困了没",1735314688,"谢谢泡沫玻璃车的好多个盲盒"
"","","","","鱼糕今天困了没",1735314472,"机场72分钟逛啥去了（"
"","","","","鱼糕今天困了没",1735314379,"银卡2w5起步"
"","","","","鱼糕今天困了没",1735314359,"我今年就1w8"
"","","","","鱼糕今天困了没",1735314348,"加航得一年飞10w英里"
"","","","","鱼糕今天困了没",1735314338,"白金咋搞难的很"
"","","","","鱼糕今天困了没",1735313738,"是的喵"
"","","","","鱼糕今天困了没",1735313718,"飞一整天～"
"","","","","鱼糕今天困了没",1735313710,"30号走"
"","","","","鱼糕今天困了没",1735313696,"ooooooooooooi"
"","","","","鱼糕今天困了没",1735313688,"哦？抓到我了"
"","","","","鱼糕今天困了没",1735312115,"老板糊涂啊"
"","","","","鱼糕今天困了没",1735312108,"嗯？"
"","","","","鱼糕今天困了没",1735268120,"早77"
"","","","","鱼糕今天困了没",1735230624,"满屏我的弹幕"
"","","","","鱼糕今天困了没",1735230616,"很难绷"
"","","","","鱼糕今天困了没",1735230612,"有的时候主播会重复收到两三次"
"","","","","鱼糕今天困了没",1735230603,"哦我的弹幕因为网卡"
"","","","","鱼糕今天困了没",1735139058,"等级不够好像不出雪宝"
"","","","","鱼糕今天困了没",1735139045,"这个圣诞树是不是要垫刀啊"
"","","","","鱼糕今天困了没",1735137205,"我也没看着"
"","","","","鱼糕今天困了没",1734958885,"[花]"
"","","","","鱼糕今天困了没",1734958873,"哦哦哦哦哦诺好好看点cos"
"","","","","鱼糕今天困了没",1734882577,"礼貌问主包可以看看内搭吗[花]"
"","","","","鱼糕今天困了没",1734880869,"坏了 打完p5r再来到下播时间了"
"","","","","鱼糕今天困了没",1734856821,"77下午好[花]"
"","","","","鱼糕今天困了没",1734532925,"关注狮桉好运加持"
"","","","","鱼糕今天困了没",1734532916,"oi"
"","","","","鱼糕今天困了没",1734489183,"77早上好～"
"","","","","鱼糕今天困了没",1734269160,"宝你得给我发一条消息我才能发 有限制"
"","","","","鱼糕今天困了没",1734019313,"那不用打了"
"","","","","鱼糕今天困了没",1734019302,"嗯？"
"","","","","鱼糕今天困了没",1734019269,"那不急 再等等"
"","","","","鱼糕今天困了没",1734019247,"100？"
"","","","","鱼糕今天困了没",1734019232,"现在绝杀要多少"
"","","","","鱼糕今天困了没",1734019185,"无敌了"
"","","","","鱼糕今天困了没",1734019182,"28个小时没睡"
"","","","","鱼糕今天困了没",1734019177,"喝了杯拿铁"
"","","","","鱼糕今天困了没",1734018846,"人 捏"
"","","","","鱼糕今天困了没",1734018841,"经常十连爆俩"
"","","","","鱼糕今天困了没",1734018826,"我好像十几个"
"","","","","鱼糕今天困了没",1734018790,"我记得是新台币吧"
"","","","","鱼糕今天困了没",1734017303,"？对吗 不对"
"","","","","鱼糕今天困了没",1734017253,"有点想念330了"
"","","","","鱼糕今天困了没",1734017225,"[喝彩]"
"","","","","鱼糕今天困了没",1734016067,"电动摩托要"
"","","","","鱼糕今天困了没",1734015875,"她说def"
"","","","","鱼糕今天困了没",1734015746,"就是满的"
"","","","","鱼糕今天困了没",1734015736,"然后在换领"
"","","","","鱼糕今天困了没",1734015577,"好笑"
"","","","","鱼糕今天困了没",1734015571,"国内c2"
"","","","","鱼糕今天困了没",1734015566,"我国外约等于c1c6d"
"","","","","鱼糕今天困了没",1734015511,"我在加拿大有证啊"
"","","","","鱼糕今天困了没",1733922678,"我日常俩行李交100$"
"","","","","鱼糕今天困了没",1733922666,"就是免费托运升舱啥的"
"","","","","鱼糕今天困了没",1733922653,"frequent traveler"
"","","","","鱼糕今天困了没",1733922638,"有个孩子35k又没了"
"","","","","鱼糕今天困了没",1733666788,"有内鬼"
"","","","","鱼糕今天困了没",1733666757,"哦？"
"","","","","鱼糕今天困了没",1733666672,"我要去对面了雨诺[花]"
"","","","","鱼糕今天困了没",1733630220,"忘的快得很"
"","","","","鱼糕今天困了没",1733629842,"那个好喝"
"","","","","鱼糕今天困了没",1733629835,"之前是不是哪家做过苹果肉桂拿铁"
"","","","","鱼糕今天困了没",1733552527,"[喝彩][喝彩][喝彩][喝彩][喝彩][喝彩][喝彩][喝彩]"
"","","","","鱼糕今天困了没",1733551366,"oi[喝彩]oi[喝彩]oi[喝彩]oi[喝彩]"
"","","","","鱼糕今天困了没",1733551277,"可爱捏"
"","","","","鱼糕今天困了没",1733551024,"好[比心]"
"","","","","鱼糕今天困了没",1733551007,"听过"
"","","","","鱼糕今天困了没",1733550937,"我jpop复合体 你选[花]"
"","","","","鱼糕今天困了没",1733491684,"食堂的饭好贵 2.79刀100克"
"","","","","鱼糕今天困了没",1733491666,"呜哇我也想吃 我好饿好饿好饿"
"","","","","鱼糕今天困了没",1733491479,"大能苗"
"","","","","鱼糕今天困了没",1733489637,"冰一下丝滑喵"
"","","","","鱼糕今天困了没",1733489624,"百利甜好喝喵"
"","","","","鱼糕今天困了没",1733412764,"想抢狐宝的火锅吃"
"","","","","鱼糕今天困了没",1733411252,"喜欢听歌点点关注哦~"
"","","","","鱼糕今天困了没",1733408961,"你选[花]"
"","","","","鱼糕今天困了没",1733408957,"都可以[花]"
"","","","","鱼糕今天困了没",1733408933,"那要不你找个n-buna的都行"
"","","","","鱼糕今天困了没",1733408876,"Orangestar可以吗（"
"","","","","鱼糕今天困了没",1733408796,"[花]"
"","","","","鱼糕今天困了没",1733408415,"刚刚说再点400"
"","","","","鱼糕今天困了没",1733234739,"[喝彩][喝彩][喝彩][喝彩][喝彩][喝彩][喝彩]"
"","","","","鱼糕今天困了没",1733234584,"[2020拜年祭_期待]"
"","","","","鱼糕今天困了没",1733234580,"都可以 你选一首"
"","","","","鱼糕今天困了没",1733150907,"好看[比心]"
"","","","","鱼糕今天困了没",1732986976,"作业 定格动画那种"
"","","","","鱼糕今天困了没",1732986953,"不躺了 剪视频去了 还有两天要交了"
"","","","","鱼糕今天困了没",1732986786,"捏捏小脸"
"","","","","鱼糕今天困了没",1732986698,"这对吗 这对吗"
"","","","","鱼糕今天困了没",1732986676,"灯神！"
"","","","","鱼糕今天困了没",1732985921,"看给孩子开心的"
"","","","","鱼糕今天困了没",1732985908,"哟？"
"","","","","鱼糕今天困了没",1732985847,"刷卡"
"","","","","鱼糕今天困了没",1732985845,"加3%外币转换费"
"","","","","鱼糕今天困了没",1732900087,"加班！"
"","","","","鱼糕今天困了没",1732900078,"加班！"
"","","","","鱼糕今天困了没",1732899514,"诺宝不会绑架我吧[委屈]"
"","","","","鱼糕今天困了没",1732899415,"草"
"","","","","鱼糕今天困了没",1732897530,"凑整！凑整！凑整！"
"","","","","鱼糕今天困了没",1732897520,"加班！加班！加班！"
"","","","","鱼糕今天困了没",1732897078,"德里"
"","","","","鱼糕今天困了没",1732896498,"这回下午剪视频有的听了（"
"","","","","鱼糕今天困了没",1732895424,"坏了 没看懂"
"","","","","鱼糕今天困了没",1732895197,"嗷呜 好看"
"","","","","鱼糕今天困了没",1732718826,"oi 诺！"
"","","","","鱼糕今天困了没",1732640814,"喵呜～～"
"","","","","鱼糕今天困了没",1732640557,"那也太好笑了 你跟他们说搞快点 这么慢干"
"","","","","鱼糕今天困了没",1732640389,"谁家热水壶开了（"
"","","","","鱼糕今天困了没",1732640377,"wow"
"","","","","鱼糕今天困了没",1732640060,"没有人类的声音吗 有点猎奇了"
"","","","","鱼糕今天困了没",1732639952,"*5.3"
"","","","","鱼糕今天困了没",1732639938,"往返3000cad"
"","","","","鱼糕今天困了没",1732639903,"我明年四月放假才去旅游呢 这个太短了不去"
"","","","","鱼糕今天困了没",1732639889,"还有两周"
"","","","","鱼糕今天困了没",1732639768,"喵呜"
"","","","","鱼糕今天困了没",1732639758,"喵呜"
"","","","","鱼糕今天困了没",1732461772,"我喜欢你墨柒"
"","","","","鱼糕今天困了没",1732461619,"bobibobibo"
"","","","","鱼糕今天困了没",1732461034,"我四月还去演唱会 买买买！"
"","","","","鱼糕今天困了没",1732461019,"哦但是我妈不管我买真夜中周边"
"","","","","鱼糕今天困了没",1732116410,"那个烟为什么能弹回来的"
"","","","","鱼糕今天困了没",1732116392,"无敌了"
"","","","","鱼糕今天困了没",1732116302,"笑了"
"","","","","鱼糕今天困了没",1732116235,"主播为什么不读评论"
"","","","","鱼糕今天困了没",1732116220,"四了"
"","","","","鱼糕今天困了没",1732116148,"好雷"
"","","","","鱼糕今天困了没",1732116098,"你好 牢pt"
"","","","","鱼糕今天困了没",1731778375,"帅pt"
"","","","","鱼糕今天困了没",1731778289,"pt r u human？"
"","","","","鱼糕今天困了没",1731778208,"主播今天是人类吗"
"","","","","鱼糕今天困了没",1731766083,"我喜欢你"
"","","","","鱼糕今天困了没",1731762563,"现实生活是什么（[妙]"
"","","","","鱼糕今天困了没",1731596427,"不是你真会啊"
"","","","","鱼糕今天困了没",1731596415,"？？？？"
"","","","","鱼糕今天困了没",1731596263,"草"
"","","","","鱼糕今天困了没",1731419643,"其实没得选 预制肉饼+松饼"
"","","","","鱼糕今天困了没",1731418029,"好耶！蓝毛诺！"
"","","","","鱼糕今天困了没",1731334625,"00后那没跟我差多少（"
"","","","","鱼糕今天困了没",1731333870,"哦我们还有s*x toy介绍"
"","","","","鱼糕今天困了没",1731333705,"[哇][哇]"
"","","","","鱼糕今天困了没",1731333698,"好的 连主包一起拐走"
"","","","","墨柒voI",1731250759,"叫橘喵喵的喵"
"","","","","墨柒voI",1731250636,"鱼糕我喜欢你"
"","","","","鱼糕今天困了没",1731249391,"因为我qq没改（"
"","","","","鱼糕今天困了没",1731248016,"还是带一点 总感觉能用到"
"","","","","鱼糕今天困了没",1731247756,"拿个刀片划的吗放内袋"
"","","","","鱼糕今天困了没",1731247725,"但是当时用的不值钱无所谓（"
"","","","","鱼糕今天困了没",1731171180,"为什么不吃甜的为什么不吃甜的"
"","","","","鱼糕今天困了没",1731169715,"那兔子请支持我 谢谢（"
"","","","","鱼糕今天困了没",1731169665,"我要打工赚米的"
"","","","","鱼糕今天困了没",1731169657,"我没有长假期"
"","","","","鱼糕今天困了没",1731169315,"你就说是不是刷了吧"
"","","","","鱼糕今天困了没",1731169308,"咳咳"
"","","","","鱼糕今天困了没",1731169244,"当前余额1电池"
"","","","","鱼糕今天困了没",1731169235,"其实是不够"
"","","","","鱼糕今天困了没",1731169229,"关注狮桉好运加持"
"","","","","鱼糕今天困了没",1731088528,"草"
"","","","","鱼糕今天困了没",1731083586,"草"
"","","","","鱼糕今天困了没",1731083311,"熟悉的天花板（"
"","","","","鱼糕今天困了没",1731083302,"哦所以其实我看的时候诺宝已经在加拿大了"
"","","","","鱼糕今天困了没",1731072375,"manbo～"
"","","","","鱼糕今天困了没",1731071083,"许愿校长不是牢印"
"","","","","鱼糕今天困了没",1730901550,"雨诺akari的双胞胎妹妹[dog]"
"","","","","鱼糕今天困了没",1730901200,"没事 碎掉了线下真实主包拼起来"
"","","","","鱼糕今天困了没",1730898064,"老板糊涂啊"
"","","","","鱼糕今天困了没",1730898045,"！"
"","","","","鱼糕今天困了没",1730730315,"有加倍卡～"
"","","","","鱼糕今天困了没",1730390140,"在加东"
"","","","","鱼糕今天困了没",1730390061,"明天 我现在周四中午"
"","","","","鱼糕今天困了没",1730217656,"但我要走到2km外的教室去"
"","","","","鱼糕今天困了没",1730217646,"讲个笑话 我们今天雷暴 现在正在下"
"","","","","鱼糕今天困了没",1730217498,"*字正腔圆"
"","","","","鱼糕今天困了没",1730217493,"siri：给你讲个笑话 轰隆隆隆隆"
"","","","","鱼糕今天困了没",1730217416,"国区可能更晚"
"","","","","鱼糕今天困了没",1730217401,"12月地区测试 连gpt服务器"
"","","","","鱼糕今天困了没",1730217348,"siri快能chatgpt了"
"","","","","鱼糕今天困了没",1730216939,"周五没课了"
"","","","","鱼糕今天困了没",1730216934,"周五中午去"
"","","","","鱼糕今天困了没",1730216761,"除了贵都习惯（"
"","","","","鱼糕今天困了没",1730216750,"免费就是最好的"
"","","","","鱼糕今天困了没",1730216746,"还有免费晚餐免费零食免费饮料"
"","","","","鱼糕今天困了没",1730216734,"有的 我们宿舍也放"
"","","","","鱼糕今天困了没",1730216688,"然后大晚上去"
"","","","","鱼糕今天困了没",1730216683,"大体上是整个游乐场全部搞成万圣节题材"
"","","","","鱼糕今天困了没",1730216654,"不知道呢 第一次去"
"","","","","鱼糕今天困了没",1730216637,"过啊 我准备去多伦多搞点活动"
"","","","","鱼糕今天困了没",1730216620,"oi"
"","","","","鱼糕今天困了没",1730211972,"有没有神奇工具可以一秒变可爱女孩子"
"","","","","鱼糕今天困了没",1730210854,"只要一口很大就可以吃完一整个"
"","","","","鱼糕今天困了没",1730210836,"现烤的香 好吃好吃"
"","","","","鱼糕今天困了没",1730122498,"我草？"
"","","","","鱼糕今天困了没",1730121814,"这么早"
"","","","","鱼糕今天困了没",1729985147,"拜拜~啵啵~"
"","","","","鱼糕今天困了没",1729985097,"我问问我朋友"
"","","","","鱼糕今天困了没",1729985094,"疑似就是wonderland"
"","","","","鱼糕今天困了没",1729985055,"好像一直到2号"
"","","","","鱼糕今天困了没",1729985046,"多伦多有万圣节活动"
"","","","","鱼糕今天困了没",1729984898,"墨西哥 北美限定旅游目的地"
"","","","","鱼糕今天困了没",1729984804,"叶子可乐有点逆天了"
"","","","","鱼糕今天困了没",1729984795,"amazon有茶派 一瓶2$不到"
"","","","","鱼糕今天困了没",1729984599,"水"
"","","","","鱼糕今天困了没",1729984595,"捏捏"
"","","","","鱼糕今天困了没",1729984595,"肚肚可爱捏"
"","","","","鱼糕今天困了没",1729984562,"无糖会伤心"
"","","","","鱼糕今天困了没",1729984556,"有糖的喝了有动力写essay"
"","","","","鱼糕今天困了没",1729984539,"无糖nonono"
"","","","","鱼糕今天困了没",1729984354,"雨诺的小肚"
"","","","","鱼糕今天困了没",1729984302,"可乐按箱买便宜"
"","","","","鱼糕今天困了没",1729984274,"说中文+现金有折扣还不用给小费"
"","","","","鱼糕今天困了没",1729984256,"我们这边奶茶平均5$"
"","","","","鱼糕今天困了没",1729984026,"早7有点地狱"
"","","","","鱼糕今天困了没",1729984019,"真的不改吗（"
"","","","","鱼糕今天困了没",1729983993,"7点哦"
"","","","","鱼糕今天困了没",1729983931,"11.3 凌晨两点"
"","","","","鱼糕今天困了没",1729983871,"冬令时是什么"
"","","","","鱼糕今天困了没",1729983244,"4个挂件"
"","","","","鱼糕今天困了没",1729983237,"我宿舍有个人特别喜欢原 她一个背包4个挂"
"","","","","鱼糕今天困了没",1729983126,"qq发了"
"","","","","鱼糕今天困了没",1729983065,"他让我198"
"","","","","鱼糕今天困了没",1729983061,"以前上的单次舰现在上单次没168了吗"
"","","","","鱼糕今天困了没",1729982971,"去了个偏旁部首"
"","","","","鱼糕今天困了没",1729982903,"主包是申必擦桌男吗"
"","","","","鱼糕今天困了没",1729982602,"神奇东亚化身术"
"","","","","鱼糕今天困了没",1729982466,"纯正老冰棍"
"","","","","鱼糕今天困了没",1729982389,"真不知道"
"","","","","鱼糕今天困了没",1729982387,"印度人不怎么看漫展吧"
"","","","","鱼糕今天困了没",1729982279,"我觉得3多一点"
"","","","","鱼糕今天困了没",1729982240,"111"
"","","","","鱼糕今天困了没",1729982215,"没 学校有人扫 捡不着"
"","","","","鱼糕今天困了没",1729982165,"之前去的蒙特利尔 正好是红一半黄一半"
"","","","","鱼糕今天困了没",1729982030,"细说4i"
"","","","","鱼糕今天困了没",1729981904,"yo！"
"","","","","鱼糕今天困了没",1729873563,"Oi"
"","","","","鱼糕今天困了没",1729786899,"想念兔子玩球了"
"","","","","鱼糕今天困了没",1729786687,"嘤嘤嘤我五岁"
"","","","","鱼糕今天困了没",1729786466,"[吃瓜]"
"","","","","鱼糕今天困了没",1729786230,"oi"
"","","","","鱼糕今天困了没",1729532060,"？"
"","","","","鱼糕今天困了没",1729440029,"哈哈哈哈哈哈哈哈哈哈哈哈哈哈哈"
"","","","","鱼糕今天困了没",1729440017,"难绷"
"","","","","鱼糕今天困了没",1729438895,"nb"
"","","","","鱼糕今天困了没",1729357403,"润了 后面再来 我这边卡的不行"
"","","","","鱼糕今天困了没",1729357299,"我在火车上 网卡的很"
"","","","","鱼糕今天困了没",1729357250,"那我消失好了[委屈]"
"","","","","鱼糕今天困了没",1729355002,"喵呜"
"","","","","鱼糕今天困了没",1729354876,"oi"
"","","","","鱼糕今天困了没",1729093493,"银行卡余额刮干净的"
"","","","","鱼糕今天困了没",1729093478,"可能疑似也就剩300"
"","","","","鱼糕今天困了没",1729093468,"没有1380 99还是可以有的"
"","","","","鱼糕今天困了没",1729010039,"关注狮桉好运加持"
"","","","","鱼糕今天困了没",1729009459,"发我看看"
"","","","","鱼糕今天困了没",1729009457,"我没什么要求"
"","","","","鱼糕今天困了没",1729008829,"老板糊涂啊"
"","","","","鱼糕今天困了没",1729008735,"印度咖喱看起来像不明物体 别吃"
"","","","","鱼糕今天困了没",1729008700,"我们这边全是印度咖喱"
"","","","","鱼糕今天困了没",1729008691,"羡慕泰国咖喱"
"","","","","鱼糕今天困了没",1729008612,"投喂 精神支持*10"
"","","","","鱼糕今天困了没",1729008462,"[Liyuu收藏集_打call]"
"","","","","鱼糕今天困了没",1729008030,"传下去 主包威胁舰长啦"
"","","","","鱼糕今天困了没",1729007974,"速报 4.7%"
"","","","","鱼糕今天困了没",1729007785,"我起码得等12月往后了"
"","","","","鱼糕今天困了没",1729007746,"老板糊涂啊"
"","","","","鱼糕今天困了没",1729007101,"吃上早饭了 饿饿"
"","","","","鱼糕今天困了没",1729006890,"看看"
"","","","","鱼糕今天困了没",1728928282,"好可爱的猫猫"
"","","","","鱼糕今天困了没",1728923625,"山 我饿 哭哭 （这样可以吗"
"","","","","鱼糕今天困了没",1728923534,"美股赚了4%"
"","","","","鱼糕今天困了没",1728923064,"事不宜迟 山宝你给我刷一个吧"
"","","","","鱼糕今天困了没",1728923000,"我骗一个总督差不多能过活一个半月"
"","","","","鱼糕今天困了没",1728922973,"我请问怎么样能骗总督"
"","","","","鱼糕今天困了没",1728922930,"我有一个主意 让你房东播 你免费住"
"","","","","鱼糕今天困了没",1728922768,"我的妈"
"","","","","鱼糕今天困了没",1728922762,"好便宜"
"","","","","鱼糕今天困了没",1728922597,"捏捏也可爱捏"
"","","","","鱼糕今天困了没",1728921233,"[Liyuu收藏集_卖萌]"
"","","","","鱼糕今天困了没",1728921226,"如果cs的话 比赛几乎没有休赛期"
"","","","","鱼糕今天困了没",1728920702,"在呢在呢[花]"
"","","","","鱼糕今天困了没",1728920559,"什么时候还有铃铛的"
"","","","","鱼糕今天困了没",1728920551,"草"
"","","","","鱼糕今天困了没",1728919731,"宝～"
"","","","","鱼糕今天困了没",1728835352,"oi"
"","","","","鱼糕今天困了没",1728751063,"[花]"
"","","","","鱼糕今天困了没",1728751056,"后面几天随缘看"
"","","","","鱼糕今天困了没",1728751045,"明天可能来不了 在考驾照"
"","","","","鱼糕今天困了没",1728750995,"为什么今天是语音"
"","","","","鱼糕今天困了没",1728750972,"ok 记得了"
"","","","","鱼糕今天困了没",1728750943,"哈哈哈哈哈哈哈哈草"
"","","","","鱼糕今天困了没",1728750924,"是的我回来一趟"
"","","","","鱼糕今天困了没",1728750914,"爽"
"","","","","鱼糕今天困了没",1728750910,"准备跑去蒙特利尔玩"
"","","","","鱼糕今天困了没",1728750883,"再然后12.11-1.6"
"","","","","鱼糕今天困了没",1728750876,"这周感恩节放一周"
"","","","","鱼糕今天困了没",1728750826,"[委屈]"
"","","","","鱼糕今天困了没",1728750822,"没爱了吗"
"","","","","鱼糕今天困了没",1728750814,"？和谁结婚了"
"","","","","鱼糕今天困了没",1728400447,"[喝彩][喝彩][喝彩][喝彩][喝彩][喝彩][喝彩][喝彩][喝彩][喝彩][喝彩]"
"","","","","鱼诺akari",1728398193,"纯副歌"
"","","","","鱼诺akari",1728398189,"我有个同学upgrade坐过"
"","","","","鱼诺akari",1728398170,"the suite那种吗"
"","","","","鱼诺akari",1728225190,"挑战让诺宝骂我500句"
"","","","","鱼诺akari",1728050076,"收钱啊啊啊啊啊"
"","","","","鱼诺akari",1728050054,"想玩了"
"","","","","鱼诺akari",1728050052,"这么简单了吗"
"","","","","鱼诺akari",1728049282,"左眼不近视 右眼200"
"","","","","鱼诺akari",1728048825,"121212上烤架！啊啊啊啊小偷啊啊啊啊"
"","","","","鱼诺akari",1728047620,"oi"
"","","","","鱼诺akari",1727962968,"是被雨诺akari骂"
"","","","","鱼诺akari",1727962936,"红大王更喜欢了"
"","","","","鱼诺akari",1727961591,"还能不给全款吗"
"","","","","鱼诺akari",1727960989,"老板糊涂啊"
"","","","","鱼诺akari",1727960510,"这沙维码没有臭鸡蛋环节乐趣少了一半（"
"","","","","鱼诺akari",1727875800,"冰粉"
"","","","","鱼糕今天困了没",1727872041,"大王智慧再现玩到哪里了"
"","","","","鱼糕今天困了没",1727540714,"我先吃饭去了 下午还得写写画画"
"","","","","鱼糕今天困了没",1727540345,"0"
"","","","","鱼糕今天困了没",1727538566,"你说的对 但是塞尔达传说智慧的再现"
"","","","","鱼糕今天困了没",1726848242,"乖 咱下次念叨点贵的"
"","","","","鱼糕今天困了没",1726763548,"oi"
"","","","","鱼糕今天困了没",1726760201,"8"
"","","","","鱼糕今天困了没",1726751701,"这辈子没受过这么大委屈"
"","","","","鱼糕今天困了没",1726511731,"主播@你：点点赞支持一下吧"
"","","","","鱼糕今天困了没",1726511545,"我刚下课"
"","","","","鱼糕今天困了没",1726511539,"我滴妈 还在播啊"
"","","","","鱼糕今天困了没",1723487940,"有点创了"
"","","","","鱼糕今天困了没",1723487932,"？草"
"","","","","鱼糕今天困了没",1723487920,"眯了 看不动了 晚安"
"","","","","鱼糕今天困了没",1723487105,"[比心]"
"","","","","鱼糕今天困了没",1723487090,"你就更痛苦了"
"","","","","鱼糕今天困了没",1723487083,"这就仿佛是你亏了16%"
"","","","","鱼糕今天困了没",1723487075,"那你要这么想"
"","","","","鱼糕今天困了没",1723487026,"来俩兔子玩球吧"
"","","","","鱼糕今天困了没",1723486977,"8个月"
"","","","","鱼糕今天困了没",1723486972,"当前-3.29%"
"","","","","鱼糕今天困了没",1723486948,"我每天看亏钱都心疼"
"","","","","鱼糕今天困了没",1723486941,"心态真好"
"","","","","鱼糕今天困了没",1723486566,"包满足的"
"","","","","鱼糕今天困了没",1723486559,"懂了 给你发个红包 里面0.03"
"","","","","鱼糕今天困了没",1723486514,"都有 主打一个怪"
"","","","","鱼糕今天困了没",1723486475,"[dog][dog][dog]"
"","","","","鱼糕今天困了没",1723486471,"我给同学a钱的时候特别喜欢加个小数点"
"","","","","鱼糕今天困了没",1723486334,"别的也看过 看不懂每个动作要干啥"
"","","","","鱼糕今天困了没",1723486319,"我只看得明白cs和瓦"
"","","","","鱼糕今天困了没",1723486281,"a队打g2"
"","","","","鱼糕今天困了没",1723486275,"iem"
"","","","","鱼糕今天困了没",1723486248,"开场时间延迟到1:40的"
"","","","","鱼糕今天困了没",1723486239,"无敌了"
"","","","","鱼糕今天困了没",1723486237,"没 比赛没结束"
"","","","","鱼糕今天困了没",1723484119,"只不过牌子是直播间的 荣耀是全站的"
"","","","","鱼糕今天困了没",1723484108,"就是花了多少钱"
"","","","","鱼糕今天困了没",1723484049,"少爷大气"
"","","","","鱼糕今天困了没",1723483937,"直播间mvp：花花花桉"
"","","","","鱼糕今天困了没",1723483780,"好领带"
"","","","","鱼糕今天困了没",1723483773,"哦哟哟哟哟哟哟哟"
"","","","","鱼糕今天困了没",1723483478,"慕 全都慕"
"","","","","鱼糕今天困了没",1723483469,"广东好吃的也多"
"","","","","鱼糕今天困了没",1723483354,"好先进的食物 我被预制菜包围"
"","","","","鱼糕今天困了没",1723483212,"想拌饭"
"","","","","鱼糕今天困了没",1723483209,"看着就香啊"
"","","","","鱼糕今天困了没",1723483059,"所以能多少"
"","","","","鱼糕今天困了没",1723483048,"所以盲点的"
"","","","","鱼糕今天困了没",1723483006,"盲点个28"
"","","","","鱼糕今天困了没",1723482623,"令人感叹"
"","","","","鱼糕今天困了没",1723482614,"山没人追？"
"","","","","鱼糕今天困了没",1723482345,"我可没说啊 你自己猜的"
"","","","","鱼糕今天困了没",1723482311,"我负责准备袋子"
"","","","","鱼糕今天困了没",1723482295,"山喜欢什么颜色的麻袋"
"","","","","鱼糕今天困了没",1723482031,"有邮国际服务吗"
"","","","","鱼糕今天困了没",1723481872,"这是什么"
"","","","","鱼糕今天困了没",1723481854,"[妙]"
"","","","","鱼糕今天困了没",1723481846,"在？为什么用阳寿打牌？"
"","","","","鱼糕今天困了没",1723481466,"（"
"","","","","鱼糕今天困了没",1723481462,"111这里什么时候变成忏悔直播间了"
"","","","","鱼糕今天困了没",1723481212,"睡不着喵"
"","","","","鱼糕今天困了没",1723481207,"我倒是想早睡啊"
"","","","","鱼糕今天困了没",1723481194,"估计再有45分钟"
"","","","","鱼糕今天困了没",1723481183,"0.45am最后一场开打"
"","","","","鱼糕今天困了没",1723481175,"从9点多开始的好多场"
"","","","","鱼糕今天困了没",1723481145,"其实是因为有cs比赛没睡"
"","","","","鱼糕今天困了没",1723367616,"幽默"
"","","","","鱼糕今天困了没",1723220466,"老板大气！点点红包抽礼物"
"","","","","鱼糕今天困了没",1723219775,"老板大气！点点红包抽礼物"
"","","","","鱼糕今天困了没",1723219562,"老板大气！点点红包抽礼物"
"","","","","鱼糕今天困了没",1723137363,"晚安喵"
"","","","","鱼糕今天困了没",1723137360,"睡觉去了"
"","","","","鱼糕今天困了没",1723137356,"熬不住了"
"","","","","鱼糕今天困了没",1723136290,"可爱捏捏捏"
"","","","","鱼糕今天困了没",1723135305,"oi不给发了 频率过快 笑了"
"","","","","鱼糕今天困了没",1723135289,"oi～"
"","","","","鱼糕今天困了没",1723135278,"oi～"
"","","","","鱼糕今天困了没",1723054988,"？"
"","","","","鱼糕今天困了没",1723054179,"无敌"
"","","","","鱼糕今天困了没",1723053836,"喵呜"
"","","","","鱼糕今天困了没",1723053824,"晚安喵"
"","","","","鱼糕今天困了没",1723053782,"20刀高速wifi票 说能看视频"
"","","","","鱼糕今天困了没",1723053759,"20级牌牌包是真爱粉的"
"","","","","鱼糕今天困了没",1723053738,"哈哈哈哈哈哈哈哈哈哈"
"","","","","鱼糕今天困了没",1723053715,"最速打卡传说"
"","","","","鱼糕今天困了没",1723053657,"我疑似还能在飞机上看你直播"
"","","","","鱼糕今天困了没",1723053624,"丸辣"
"","","","","鱼糕今天困了没",1723053601,"要不就玩一会儿停一会儿咯"
"","","","","鱼糕今天困了没",1723053591,"我查了 说是有 功率不好说"
"","","","","鱼糕今天困了没",1723053551,"有插座"
"","","","","鱼糕今天困了没",1723053523,"这样可以直接眯"
"","","","","鱼糕今天困了没",1723053517,"我准备全程玩15小时游戏"
"","","","","鱼糕今天困了没",1723053507,"我落地6pm"
"","","","","鱼糕今天困了没",1723053497,"草"
"","","","","鱼糕今天困了没",1723053388,"我也觉得这b概率有问题"
"","","","","鱼糕今天困了没",1723053376,"阿b服务器的天罚"
"","","","","鱼糕今天困了没",1723053250,"卡了"
"","","","","鱼糕今天困了没",1723053219,"兑外汇都不碰美股了"
"","","","","鱼糕今天困了没",1723053196,"美股是不可能碰的"
"","","","","鱼糕今天困了没",1723053155,"包的"
"","","","","鱼糕今天困了没",1723053135,"致敬传奇鱼糕美股暴亏52%"
"","","","","鱼糕今天困了没",1723053077,"你醒啦～现在已经是女孩子了哦～"
"","","","","鱼糕今天困了没",1723052949,"那来个七夕吧"
"","","","","鱼糕今天困了没",1723052940,"感觉奇遇真比七夕靠谱"
"","","","","鱼糕今天困了没",1723052924,"[dog]"
"","","","","鱼糕今天困了没",1723052905,"你要吗我再来一个"
"","","","","鱼糕今天困了没",1723052856,"有人看乐子 有人照镜子"
"","","","","鱼糕今天困了没",1723052844,"笑了"
"","","","","鱼糕今天困了没",1723052792,"好健康的饮食"
"","","","","鱼糕今天困了没",1723052765,"麦芽雪冷萃"
"","","","","鱼糕今天困了没",1723052719,"爽喝"
"","","","","鱼糕今天困了没",1723052713,"*完全"
"","","","","鱼糕今天困了没",1723052710,"咖啡跟冰淇淋打一起玩去不能抗拒"
"","","","","鱼糕今天困了没",1723052686,"馋了"
"","","","","鱼糕今天困了没",1723052653,"眯不了一点"
"","","","","鱼糕今天困了没",1723052647,"但是下午喝了口咖啡"
"","","","","鱼糕今天困了没",1723052638,"其实困麻了"
"","","","","鱼糕今天困了没",1723052431,"[乐正绫_我可以]"
"","","","","鱼糕今天困了没",1723052421,"来个盲盒看看运气…？"
"","","","","鱼糕今天困了没",1723052330,"还行 后期刷满级有点坐牢"
"","","","","鱼糕今天困了没",1723052302,"全成就了"
"","","","","鱼糕今天困了没",1723052296,"我刚摸完三小时p5t"
"","","","","鱼糕今天困了没",1723052273,"估计是正好刷视频错过去了"
"","","","","鱼糕今天困了没",1723052265,"喔 我说怎么之前没刷到"
"","","","","鱼糕今天困了没",1723052243,"才播十几分钟吗"
"","","","","鱼糕今天困了没",1723052183,"oi"
"","","","","鱼糕今天困了没",1722964243,"晚安喵[比心]"
"","","","","鱼糕今天困了没",1722964167,"喜欢主播的可以上个舰长 有经典节目哦～"
"","","","","鱼糕今天困了没",1722963698,"谁都见不着谁"
"","","","","鱼糕今天困了没",1722963691,"基本上大家实习和学习的时间都是错开的"
"","","","","鱼糕今天困了没",1722963678,"我倒想找对象呢 不太现实"
"","","","","鱼糕今天困了没",1722963650,"笑不活了"
"","","","","鱼糕今天困了没",1722963608,"幸福不了一点 我们学校号称寡王"
"","","","","鱼糕今天困了没",1722963558,"没事 你直播对我就是中午"
"","","","","鱼糕今天困了没",1722963528,"我还有20天飞"
"","","","","鱼糕今天困了没",1722963362,"笑了"
"","","","","鱼糕今天困了没",1722963235,"这玩意纯有毒"
"","","","","鱼糕今天困了没",1722963218,"我一共就喂了三个 也全黑了"
"","","","","鱼糕今天困了没",1722963196,"毕竟金额小了点"
"","","","","鱼糕今天困了没",1722963186,"只能说七夕少亏一点"
"","","","","鱼糕今天困了没",1722963177,"心痛 真正的心痛 从来不是大吵大闹"
"","","","","鱼糕今天困了没",1722963119,"只有鱼糕受伤的世界达成了"
"","","","","鱼糕今天困了没",1722963107,"我两天黑6个盒子"
"","","","","鱼糕今天困了没",1722963039,"1111111111111"
"","","","","鱼糕今天困了没",1722963035,"不是一块儿进入梦乡吗"
"","","","","鱼糕今天困了没",1722963016,"111111111111"
"","","","","鱼糕今天困了没",1722963011,"1111111111111"
"","","","","鱼糕今天困了没",1722962981,"有点小困了"
"","","","","鱼糕今天困了没",1722962844,"不给500都不带看的"
"","","","","鱼糕今天困了没",1722962815,"20块？"
"","","","","鱼糕今天困了没",1722962784,"b站今年续约条件也是史"
"","","","","鱼糕今天困了没",1722962477,"无敌"
"","","","","鱼糕今天困了没",1722962474,"对面甚至在直播看封神榜吗"
"","","","","鱼糕今天困了没",1722962225,"怎么还背着我有孩子 伤心了"
"","","","","鱼糕今天困了没",1722962147,"我的头像也是猫猫 是我一个老师家里的"
"","","","","鱼糕今天困了没",1722962050,"我们还真有薯条 但是是肉汁cheese薯"
"","","","","鱼糕今天困了没",1722962033,"加拿大"
"","","","","鱼糕今天困了没",1722961999,"甚至没有别的拿手菜吗（"
"","","","","鱼糕今天困了没",1722961971,"鸡肉卷和新鲜贝果"
"","","","","鱼糕今天困了没",1722961962,"我这两天才得知 我们宿舍食堂特色菜是"
"","","","","鱼糕今天困了没",1722961568,"诶原来不是按照开户日结息吗"
"","","","","鱼糕今天困了没",1722961450,"我只是知道有不少单位13/14号发"
"","","","","鱼糕今天困了没",1722961439,"no idea"
"","","","","鱼糕今天困了没",1722961394,"这也没到月中啊（"
"","","","","鱼糕今天困了没",1722961370,"老板大气！点点红包抽礼物"
"","","","","鱼糕今天困了没",1722961221,"感觉盲盒不稳"
"","","","","鱼糕今天困了没",1722961215,"我想偷来着"
"","","","","鱼糕今天困了没",1722961130,"老板大气！点点红包抽礼物"
"","","","","鱼糕今天困了没",1722960935,"老板大气！点点红包抽礼物"
"","","","","鱼糕今天困了没",1722444099,"也是该眯了 明天还有麻将活动[花]"
"","","","","鱼糕今天困了没",1722443688,"[捂脸]"
"","","","","鱼糕今天困了没",1722443683,"我甚至忘了学校还有在线会没开"
"","","","","鱼糕今天困了没",1722443666,"其实今天也要眯的早"
"","","","","鱼糕今天困了没",1722443650,"前两天眯的早"
"","","","","鱼糕今天困了没",1722443575,"oi"
"","","","","鱼糕今天困了没",1722336848,"？"
"","","","","鱼糕今天困了没",1721930217,"kirakira"
"","","","","鱼糕今天困了没",1721930035,"那必须得墙裂支持了"
"","","","","鱼糕今天困了没",1721930021,"要唱歌了吗"
"","","","","鱼糕今天困了没",1721929133,"Oi"